ip_src,ip_dst,path_id,src_optical_node_id,dst_optical_node_id,optical_path,optical_hops,total_length_km
ip_0,ip_1,ip_0_ip_1_p0,opt_0,opt_1,opt_0-opt_14-opt_3-opt_9-opt_21-opt_1,5,1152.243
ip_0,ip_1,ip_0_ip_1_p1,opt_0,opt_1,opt_0-opt_14-opt_3-opt_27-opt_9-opt_21-opt_1,6,1193.227
ip_0,ip_1,ip_0_ip_1_p2,opt_0,opt_1,opt_0-opt_14-opt_4-opt_27-opt_9-opt_21-opt_1,6,1210.619
ip_0,ip_1,ip_0_ip_1_p3,opt_0,opt_1,opt_0-opt_16-opt_27-opt_9-opt_21-opt_1,5,1218.344
ip_0,ip_1,ip_0_ip_1_p4,opt_0,opt_1,opt_0-opt_14-opt_4-opt_3-opt_9-opt_21-opt_1,6,1219.700
ip_0,ip_1,ip_0_ip_1_p5,opt_0,opt_1,opt_0-opt_16-opt_4-opt_27-opt_9-opt_21-opt_1,6,1225.365
ip_0,ip_1,ip_0_ip_1_p6,opt_0,opt_1,opt_0-opt_16-opt_3-opt_9-opt_21-opt_1,5,1228.804
ip_0,ip_1,ip_0_ip_1_p7,opt_0,opt_1,opt_0-opt_18-opt_21-opt_1,3,1229.244
ip_0,ip_1,ip_0_ip_1_p8,opt_0,opt_1,opt_0-opt_14-opt_4-opt_27-opt_3-opt_9-opt_21-opt_1,7,1232.705
ip_0,ip_1,ip_0_ip_1_p9,opt_0,opt_1,opt_0-opt_16-opt_4-opt_3-opt_9-opt_21-opt_1,6,1234.446
ip_0,ip_2,ip_0_ip_2_p0,opt_0,opt_2,opt_0-opt_14-opt_2,2,741.423
ip_0,ip_2,ip_0_ip_2_p1,opt_0,opt_2,opt_0-opt_14-opt_3-opt_2,3,810.142
ip_0,ip_2,ip_0_ip_2_p2,opt_0,opt_2,opt_0-opt_8-opt_6-opt_29-opt_2,4,822.320
ip_0,ip_2,ip_0_ip_2_p3,opt_0,opt_2,opt_0-opt_18-opt_14-opt_2,3,827.577
ip_0,ip_2,ip_0_ip_2_p4,opt_0,opt_2,opt_0-opt_8-opt_6-opt_15-opt_29-opt_2,5,856.406
ip_0,ip_2,ip_0_ip_2_p5,opt_0,opt_2,opt_0-opt_14-opt_4-opt_3-opt_2,4,877.599
ip_0,ip_2,ip_0_ip_2_p6,opt_0,opt_2,opt_0-opt_16-opt_3-opt_2,3,886.703
ip_0,ip_2,ip_0_ip_2_p7,opt_0,opt_2,opt_0-opt_8-opt_6-opt_31-opt_29-opt_2,5,887.110
ip_0,ip_2,ip_0_ip_2_p8,opt_0,opt_2,opt_0-opt_14-opt_4-opt_27-opt_3-opt_2,5,890.604
ip_0,ip_2,ip_0_ip_2_p9,opt_0,opt_2,opt_0-opt_16-opt_4-opt_3-opt_2,4,892.345
ip_0,ip_3,ip_0_ip_3_p0,opt_0,opt_3,opt_0-opt_14-opt_3,2,512.398
ip_0,ip_3,ip_0_ip_3_p1,opt_0,opt_3,opt_0-opt_14-opt_4-opt_3,3,579.855
ip_0,ip_3,ip_0_ip_3_p2,opt_0,opt_3,opt_0-opt_16-opt_3,2,588.959
ip_0,ip_3,ip_0_ip_3_p3,opt_0,opt_3,opt_0-opt_14-opt_4-opt_27-opt_3,4,592.860
ip_0,ip_3,ip_0_ip_3_p4,opt_0,opt_3,opt_0-opt_16-opt_4-opt_3,3,594.601
ip_0,ip_3,ip_0_ip_3_p5,opt_0,opt_3,opt_0-opt_18-opt_3,2,596.264
ip_0,ip_3,ip_0_ip_3_p6,opt_0,opt_3,opt_0-opt_18-opt_14-opt_3,3,598.552
ip_0,ip_3,ip_0_ip_3_p7,opt_0,opt_3,opt_0-opt_16-opt_27-opt_3,3,600.585
ip_0,ip_3,ip_0_ip_3_p8,opt_0,opt_3,opt_0-opt_14-opt_16-opt_3,3,607.098
ip_0,ip_3,ip_0_ip_3_p9,opt_0,opt_3,opt_0-opt_16-opt_4-opt_27-opt_3,4,607.606
ip_0,ip_4,ip_0_ip_4_p0,opt_0,opt_4,opt_0-opt_14-opt_4,2,312.454
ip_0,ip_4,ip_0_ip_4_p1,opt_0,opt_4,opt_0-opt_16-opt_4,2,327.200
ip_0,ip_4,ip_0_ip_4_p2,opt_0,opt_4,opt_0-opt_14-opt_16-opt_4,3,345.339
ip_0,ip_4,ip_0_ip_4_p3,opt_0,opt_4,opt_0-opt_13-opt_4,2,346.752
ip_0,ip_4,ip_0_ip_4_p4,opt_0,opt_4,opt_0-opt_18-opt_4,2,350.494
ip_0,ip_4,ip_0_ip_4_p5,opt_0,opt_4,opt_0-opt_13-opt_16-opt_4,3,355.513
ip_0,ip_4,ip_0_ip_4_p6,opt_0,opt_4,opt_0-opt_18-opt_16-opt_4,3,368.064
ip_0,ip_4,ip_0_ip_4_p7,opt_0,opt_4,opt_0-opt_18-opt_13-opt_4,3,368.842
ip_0,ip_4,ip_0_ip_4_p8,opt_0,opt_4,opt_0-opt_18-opt_13-opt_16-opt_4,4,377.603
ip_0,ip_4,ip_0_ip_4_p9,opt_0,opt_4,opt_0-opt_18-opt_14-opt_4,3,398.608
ip_0,ip_5,ip_0_ip_5_p0,opt_0,opt_5,opt_0-opt_14-opt_7-opt_5,3,1005.156
ip_0,ip_5,ip_0_ip_5_p1,opt_0,opt_5,opt_0-opt_14-opt_7-opt_25-opt_5,4,1064.751
ip_0,ip_5,ip_0_ip_5_p2,opt_0,opt_5,opt_0-opt_18-opt_14-opt_7-opt_5,4,1091.310
ip_0,ip_5,ip_0_ip_5_p3,opt_0,opt_5,opt_0-opt_14-opt_7-opt_28-opt_5,4,1105.361
ip_0,ip_5,ip_0_ip_5_p4,opt_0,opt_5,opt_0-opt_14-opt_3-opt_11-opt_28-opt_5,5,1120.314
ip_0,ip_5,ip_0_ip_5_p5,opt_0,opt_5,opt_0-opt_14-opt_3-opt_27-opt_11-opt_28-opt_5,6,1121.946
ip_0,ip_5,ip_0_ip_5_p6,opt_0,opt_5,opt_0-opt_14-opt_4-opt_27-opt_11-opt_28-opt_5,6,1139.338
ip_0,ip_5,ip_0_ip_5_p7,opt_0,opt_5,opt_0-opt_16-opt_27-opt_11-opt_28-opt_5,5,1147.063
ip_0,ip_5,ip_0_ip_5_p8,opt_0,opt_5,opt_0-opt_18-opt_14-opt_7-opt_25-opt_5,5,1150.905
ip_0,ip_5,ip_0_ip_5_p9,opt_0,opt_5,opt_0-opt_16-opt_4-opt_27-opt_11-opt_28-opt_5,6,1154.084
ip_0,ip_6,ip_0_ip_6_p0,opt_0,opt_6,opt_0-opt_8-opt_6,2,382.487
ip_0,ip_6,ip_0_ip_6_p1,opt_0,opt_6,opt_0-opt_14-opt_6,2,527.488
ip_0,ip_6,ip_0_ip_6_p2,opt_0,opt_6,opt_0-opt_18-opt_14-opt_6,3,613.642
ip_0,ip_6,ip_0_ip_6_p3,opt_0,opt_6,opt_0-opt_18-opt_8-opt_6,3,653.320
ip_0,ip_6,ip_0_ip_6_p4,opt_0,opt_6,opt_0-opt_13-opt_14-opt_6,3,694.425
ip_0,ip_6,ip_0_ip_6_p5,opt_0,opt_6,opt_0-opt_18-opt_13-opt_14-opt_6,4,716.515
ip_0,ip_6,ip_0_ip_6_p6,opt_0,opt_6,opt_0-opt_8-opt_14-opt_6,3,737.597
ip_0,ip_6,ip_0_ip_6_p7,opt_0,opt_6,opt_0-opt_16-opt_14-opt_6,3,740.367
ip_0,ip_6,ip_0_ip_6_p8,opt_0,opt_6,opt_0-opt_16-opt_4-opt_14-opt_6,4,747.618
ip_0,ip_6,ip_0_ip_6_p9,opt_0,opt_6,opt_0-opt_14-opt_8-opt_6,3,762.306
ip_0,ip_7,ip_0_ip_7_p0,opt_0,opt_7,opt_0-opt_14-opt_7,2,800.855
ip_0,ip_7,ip_0_ip_7_p1,opt_0,opt_7,opt_0-opt_18-opt_14-opt_7,3,887.009
ip_0,ip_7,ip_0_ip_7_p2,opt_0,opt_7,opt_0-opt_13-opt_14-opt_7,3,967.792
ip_0,ip_7,ip_0_ip_7_p3,opt_0,opt_7,opt_0-opt_18-opt_13-opt_14-opt_7,4,989.882
ip_0,ip_7,ip_0_ip_7_p4,opt_0,opt_7,opt_0-opt_14-opt_3-opt_27-opt_7,4,995.675
ip_0,ip_7,ip_0_ip_7_p5,opt_0,opt_7,opt_0-opt_14-opt_3-opt_11-opt_7,4,997.631
ip_0,ip_7,ip_0_ip_7_p6,opt_0,opt_7,opt_0-opt_14-opt_3-opt_27-opt_11-opt_7,5,999.263
ip_0,ip_7,ip_0_ip_7_p7,opt_0,opt_7,opt_0-opt_8-opt_14-opt_7,3,1010.964
ip_0,ip_7,ip_0_ip_7_p8,opt_0,opt_7,opt_0-opt_14-opt_4-opt_27-opt_7,4,1013.067
ip_0,ip_7,ip_0_ip_7_p9,opt_0,opt_7,opt_0-opt_16-opt_14-opt_7,3,1013.734
ip_0,ip_8,ip_0_ip_8_p0,opt_0,opt_8,opt_0-opt_8,1,124.907
ip_0,ip_8,ip_0_ip_8_p1,opt_0,opt_8,opt_0-opt_18-opt_8,2,395.740
ip_0,ip_8,ip_0_ip_8_p2,opt_0,opt_8,opt_0-opt_14-opt_8,2,504.726
ip_0,ip_8,ip_0_ip_8_p3,opt_0,opt_8,opt_0-opt_18-opt_14-opt_8,3,590.880
ip_0,ip_8,ip_0_ip_8_p4,opt_0,opt_8,opt_0-opt_14-opt_18-opt_8,3,629.834
ip_0,ip_8,ip_0_ip_8_p5,opt_0,opt_8,opt_0-opt_13-opt_18-opt_8,3,666.474
ip_0,ip_8,ip_0_ip_8_p6,opt_0,opt_8,opt_0-opt_13-opt_14-opt_8,3,671.663
ip_0,ip_8,ip_0_ip_8_p7,opt_0,opt_8,opt_0-opt_18-opt_13-opt_14-opt_8,4,693.753
ip_0,ip_8,ip_0_ip_8_p8,opt_0,opt_8,opt_0-opt_16-opt_14-opt_8,3,717.605
ip_0,ip_8,ip_0_ip_8_p9,opt_0,opt_8,opt_0-opt_16-opt_4-opt_14-opt_8,4,724.856
ip_0,ip_9,ip_0_ip_9_p0,opt_0,opt_9,opt_0-opt_14-opt_3-opt_9,3,744.081
ip_0,ip_9,ip_0_ip_9_p1,opt_0,opt_9,opt_0-opt_14-opt_3-opt_27-opt_9,4,785.065
ip_0,ip_9,ip_0_ip_9_p2,opt_0,opt_9,opt_0-opt_14-opt_4-opt_27-opt_9,4,802.457
ip_0,ip_9,ip_0_ip_9_p3,opt_0,opt_9,opt_0-opt_16-opt_27-opt_9,3,810.182
ip_0,ip_9,ip_0_ip_9_p4,opt_0,opt_9,opt_0-opt_14-opt_4-opt_3-opt_9,4,811.538
ip_0,ip_9,ip_0_ip_9_p5,opt_0,opt_9,opt_0-opt_16-opt_4-opt_27-opt_9,4,817.203
ip_0,ip_9,ip_0_ip_9_p6,opt_0,opt_9,opt_0-opt_16-opt_3-opt_9,3,820.642
ip_0,ip_9,ip_0_ip_9_p7,opt_0,opt_9,opt_0-opt_14-opt_4-opt_27-opt_3-opt_9,5,824.543
ip_0,ip_9,ip_0_ip_9_p8,opt_0,opt_9,opt_0-opt_16-opt_4-opt_3-opt_9,4,826.284
ip_0,ip_9,ip_0_ip_9_p9,opt_0,opt_9,opt_0-opt_18-opt_3-opt_9,3,827.947
ip_0,ip_10,ip_0_ip_10_p0,opt_0,opt_10,opt_0-opt_20-opt_10,2,954.351
ip_0,ip_10,ip_0_ip_10_p1,opt_0,opt_10,opt_0-opt_14-opt_7-opt_10,3,1012.070
ip_0,ip_10,ip_0_ip_10_p2,opt_0,opt_10,opt_0-opt_14-opt_7-opt_20-opt_10,4,1019.104
ip_0,ip_10,ip_0_ip_10_p3,opt_0,opt_10,opt_0-opt_14-opt_7-opt_24-opt_10,4,1077.946
ip_0,ip_10,ip_0_ip_10_p4,opt_0,opt_10,opt_0-opt_14-opt_3-opt_11-opt_10,4,1079.513
ip_0,ip_10,ip_0_ip_10_p5,opt_0,opt_10,opt_0-opt_14-opt_3-opt_27-opt_11-opt_10,5,1081.145
ip_0,ip_10,ip_0_ip_10_p6,opt_0,opt_10,opt_0-opt_14-opt_7-opt_24-opt_20-opt_10,5,1081.812
ip_0,ip_10,ip_0_ip_10_p7,opt_0,opt_10,opt_0-opt_18-opt_14-opt_7-opt_10,4,1098.224
ip_0,ip_10,ip_0_ip_10_p8,opt_0,opt_10,opt_0-opt_14-opt_4-opt_27-opt_11-opt_10,5,1098.537
ip_0,ip_10,ip_0_ip_10_p9,opt_0,opt_10,opt_0-opt_18-opt_14-opt_7-opt_20-opt_10,5,1105.258
ip_0,ip_11,ip_0_ip_11_p0,opt_0,opt_11,opt_0-opt_14-opt_3-opt_11,3,788.245
ip_0,ip_11,ip_0_ip_11_p1,opt_0,opt_11,opt_0-opt_14-opt_3-opt_27-opt_11,4,789.877
ip_0,ip_11,ip_0_ip_11_p2,opt_0,opt_11,opt_0-opt_14-opt_4-opt_27-opt_11,4,807.269
ip_0,ip_11,ip_0_ip_11_p3,opt_0,opt_11,opt_0-opt_16-opt_27-opt_11,3,814.994
ip_0,ip_11,ip_0_ip_11_p4,opt_0,opt_11,opt_0-opt_16-opt_4-opt_27-opt_11,4,822.015
ip_0,ip_11,ip_0_ip_11_p5,opt_0,opt_11,opt_0-opt_14-opt_16-opt_27-opt_11,4,833.133
ip_0,ip_11,ip_0_ip_11_p6,opt_0,opt_11,opt_0-opt_14-opt_16-opt_4-opt_27-opt_11,5,840.154
ip_0,ip_11,ip_0_ip_11_p7,opt_0,opt_11,opt_0-opt_14-opt_4-opt_16-opt_27-opt_11,5,840.384
ip_0,ip_11,ip_0_ip_11_p8,opt_0,opt_11,opt_0-opt_13-opt_27-opt_11,3,841.554
ip_0,ip_11,ip_0_ip_11_p9,opt_0,opt_11,opt_0-opt_13-opt_4-opt_27-opt_11,4,841.567
ip_0,ip_12,ip_0_ip_12_p0,opt_0,opt_12,opt_0-opt_14-opt_2-opt_12,3,849.868
ip_0,ip_12,ip_0_ip_12_p1,opt_0,opt_12,opt_0-opt_16-opt_12,2,891.921
ip_0,ip_12,ip_0_ip_12_p2,opt_0,opt_12,opt_0-opt_8-opt_6-opt_29-opt_12,4,908.533
ip_0,ip_12,ip_0_ip_12_p3,opt_0,opt_12,opt_0-opt_14-opt_16-opt_12,3,910.060
ip_0,ip_12,ip_0_ip_12_p4,opt_0,opt_12,opt_0-opt_13-opt_12,2,913.642
ip_0,ip_12,ip_0_ip_12_p5,opt_0,opt_12,opt_0-opt_14-opt_4-opt_16-opt_12,4,917.311
ip_0,ip_12,ip_0_ip_12_p6,opt_0,opt_12,opt_0-opt_14-opt_3-opt_2-opt_12,4,918.587
ip_0,ip_12,ip_0_ip_12_p7,opt_0,opt_12,opt_0-opt_13-opt_16-opt_12,3,920.234
ip_0,ip_12,ip_0_ip_12_p8,opt_0,opt_12,opt_0-opt_8-opt_6-opt_29-opt_2-opt_12,5,930.765
ip_0,ip_12,ip_0_ip_12_p9,opt_0,opt_12,opt_0-opt_18-opt_16-opt_12,3,932.785
ip_0,ip_13,ip_0_ip_13_p0,opt_0,opt_13,opt_0-opt_13,1,260.114
ip_0,ip_13,ip_0_ip_13_p1,opt_0,opt_13,opt_0-opt_18-opt_13,2,282.204
ip_0,ip_13,ip_0_ip_13_p2,opt_0,opt_13,opt_0-opt_14-opt_13,2,326.347
ip_0,ip_13,ip_0_ip_13_p3,opt_0,opt_13,opt_0-opt_16-opt_13,2,382.463
ip_0,ip_13,ip_0_ip_13_p4,opt_0,opt_13,opt_0-opt_14-opt_4-opt_13,3,399.092
ip_0,ip_13,ip_0_ip_13_p5,opt_0,opt_13,opt_0-opt_14-opt_16-opt_13,3,400.602
ip_0,ip_13,ip_0_ip_13_p6,opt_0,opt_13,opt_0-opt_18-opt_30-opt_13,3,404.749
ip_0,ip_13,ip_0_ip_13_p7,opt_0,opt_13,opt_0-opt_14-opt_4-opt_16-opt_13,4,407.853
ip_0,ip_13,ip_0_ip_13_p8,opt_0,opt_13,opt_0-opt_18-opt_14-opt_13,3,412.501
ip_0,ip_13,ip_0_ip_13_p9,opt_0,opt_13,opt_0-opt_16-opt_4-opt_13,3,413.838
ip_0,ip_14,ip_0_ip_14_p0,opt_0,opt_14,opt_0-opt_14,1,209.762
ip_0,ip_14,ip_0_ip_14_p1,opt_0,opt_14,opt_0-opt_18-opt_14,2,295.916
ip_0,ip_14,ip_0_ip_14_p2,opt_0,opt_14,opt_0-opt_13-opt_14,2,376.699
ip_0,ip_14,ip_0_ip_14_p3,opt_0,opt_14,opt_0-opt_18-opt_13-opt_14,3,398.789
ip_0,ip_14,ip_0_ip_14_p4,opt_0,opt_14,opt_0-opt_8-opt_14,2,419.871
ip_0,ip_14,ip_0_ip_14_p5,opt_0,opt_14,opt_0-opt_16-opt_14,2,422.641
ip_0,ip_14,ip_0_ip_14_p6,opt_0,opt_14,opt_0-opt_16-opt_4-opt_14,3,429.892
ip_0,ip_14,ip_0_ip_14_p7,opt_0,opt_14,opt_0-opt_13-opt_4-opt_14,3,449.444
ip_0,ip_14,ip_0_ip_14_p8,opt_0,opt_14,opt_0-opt_13-opt_16-opt_14,3,450.954
ip_0,ip_14,ip_0_ip_14_p9,opt_0,opt_14,opt_0-opt_18-opt_4-opt_14,3,453.186
ip_0,ip_15,ip_0_ip_15_p0,opt_0,opt_15,opt_0-opt_8-opt_6-opt_15,3,479.767
ip_0,ip_15,ip_0_ip_15_p1,opt_0,opt_15,opt_0-opt_8-opt_6-opt_31-opt_15,4,526.360
ip_0,ip_15,ip_0_ip_15_p2,opt_0,opt_15,opt_0-opt_14-opt_6-opt_15,3,624.768
ip_0,ip_15,ip_0_ip_15_p3,opt_0,opt_15,opt_0-opt_14-opt_6-opt_31-opt_15,4,671.361
ip_0,ip_15,ip_0_ip_15_p4,opt_0,opt_15,opt_0-opt_18-opt_14-opt_6-opt_15,4,710.922
ip_0,ip_15,ip_0_ip_15_p5,opt_0,opt_15,opt_0-opt_18-opt_8-opt_6-opt_15,4,750.600
ip_0,ip_15,ip_0_ip_15_p6,opt_0,opt_15,opt_0-opt_18-opt_14-opt_6-opt_31-opt_15,5,757.515
ip_0,ip_15,ip_0_ip_15_p7,opt_0,opt_15,opt_0-opt_8-opt_6-opt_29-opt_15,4,781.767
ip_0,ip_15,ip_0_ip_15_p8,opt_0,opt_15,opt_0-opt_13-opt_14-opt_6-opt_15,4,791.705
ip_0,ip_15,ip_0_ip_15_p9,opt_0,opt_15,opt_0-opt_18-opt_8-opt_6-opt_31-opt_15,5,797.193
ip_0,ip_16,ip_0_ip_16_p0,opt_0,opt_16,opt_0-opt_16,1,307.132
ip_0,ip_16,ip_0_ip_16_p1,opt_0,opt_16,opt_0-opt_14-opt_16,2,325.271
ip_0,ip_16,ip_0_ip_16_p2,opt_0,opt_16,opt_0-opt_14-opt_4-opt_16,3,332.522
ip_0,ip_16,ip_0_ip_16_p3,opt_0,opt_16,opt_0-opt_13-opt_16,2,335.445
ip_0,ip_16,ip_0_ip_16_p4,opt_0,opt_16,opt_0-opt_18-opt_16,2,347.996
ip_0,ip_16,ip_0_ip_16_p5,opt_0,opt_16,opt_0-opt_18-opt_13-opt_16,3,357.535
ip_0,ip_16,ip_0_ip_16_p6,opt_0,opt_16,opt_0-opt_13-opt_4-opt_16,3,366.820
ip_0,ip_16,ip_0_ip_16_p7,opt_0,opt_16,opt_0-opt_18-opt_4-opt_16,3,370.562
ip_0,ip_16,ip_0_ip_16_p8,opt_0,opt_16,opt_0-opt_18-opt_13-opt_4-opt_16,4,388.910
ip_0,ip_16,ip_0_ip_16_p9,opt_0,opt_16,opt_0-opt_14-opt_13-opt_16,3,401.678
ip_0,ip_17,ip_0_ip_17_p0,opt_0,opt_17,opt_0-opt_14-opt_3-opt_9-opt_17,4,952.849
ip_0,ip_17,ip_0_ip_17_p1,opt_0,opt_17,opt_0-opt_14-opt_3-opt_27-opt_9-opt_17,5,993.833
ip_0,ip_17,ip_0_ip_17_p2,opt_0,opt_17,opt_0-opt_8-opt_17,2,995.238
ip_0,ip_17,ip_0_ip_17_p3,opt_0,opt_17,opt_0-opt_14-opt_4-opt_27-opt_9-opt_17,5,1011.225
ip_0,ip_17,ip_0_ip_17_p4,opt_0,opt_17,opt_0-opt_16-opt_27-opt_9-opt_17,4,1018.950
ip_0,ip_17,ip_0_ip_17_p5,opt_0,opt_17,opt_0-opt_14-opt_4-opt_3-opt_9-opt_17,5,1020.306
ip_0,ip_17,ip_0_ip_17_p6,opt_0,opt_17,opt_0-opt_16-opt_4-opt_27-opt_9-opt_17,5,1025.971
ip_0,ip_17,ip_0_ip_17_p7,opt_0,opt_17,opt_0-opt_16-opt_3-opt_9-opt_17,4,1029.410
ip_0,ip_17,ip_0_ip_17_p8,opt_0,opt_17,opt_0-opt_14-opt_4-opt_27-opt_3-opt_9-opt_17,6,1033.311
ip_0,ip_17,ip_0_ip_17_p9,opt_0,opt_17,opt_0-opt_16-opt_4-opt_3-opt_9-opt_17,5,1035.052
ip_0,ip_18,ip_0_ip_18_p0,opt_0,opt_18,opt_0-opt_18,1,135.792
ip_0,ip_18,ip_0_ip_18_p1,opt_0,opt_18,opt_0-opt_14-opt_18,2,369.886
ip_0,ip_18,ip_0_ip_18_p2,opt_0,opt_18,opt_0-opt_8-opt_18,2,384.855
ip_0,ip_18,ip_0_ip_18_p3,opt_0,opt_18,opt_0-opt_13-opt_18,2,406.526
ip_0,ip_18,ip_0_ip_18_p4,opt_0,opt_18,opt_0-opt_14-opt_13-opt_18,3,472.759
ip_0,ip_18,ip_0_ip_18_p5,opt_0,opt_18,opt_0-opt_16-opt_18,2,519.336
ip_0,ip_18,ip_0_ip_18_p6,opt_0,opt_18,opt_0-opt_14-opt_4-opt_18,3,527.156
ip_0,ip_18,ip_0_ip_18_p7,opt_0,opt_18,opt_0-opt_16-opt_13-opt_18,3,528.875
ip_0,ip_18,ip_0_ip_18_p8,opt_0,opt_18,opt_0-opt_13-opt_30-opt_18,3,529.071
ip_0,ip_18,ip_0_ip_18_p9,opt_0,opt_18,opt_0-opt_13-opt_14-opt_18,3,536.823
ip_0,ip_19,ip_0_ip_19_p0,opt_0,opt_19,opt_0-opt_20-opt_19,2,1045.175
ip_0,ip_19,ip_0_ip_19_p1,opt_0,opt_19,opt_0-opt_20-opt_10-opt_19,3,1045.965
ip_0,ip_19,ip_0_ip_19_p2,opt_0,opt_19,opt_0-opt_14-opt_3-opt_9-opt_19,4,1079.014
ip_0,ip_19,ip_0_ip_19_p3,opt_0,opt_19,opt_0-opt_14-opt_3-opt_9-opt_17-opt_19,5,1085.153
ip_0,ip_19,ip_0_ip_19_p4,opt_0,opt_19,opt_0-opt_14-opt_7-opt_19,3,1094.710
ip_0,ip_19,ip_0_ip_19_p5,opt_0,opt_19,opt_0-opt_14-opt_7-opt_10-opt_19,4,1103.684
ip_0,ip_19,ip_0_ip_19_p6,opt_0,opt_19,opt_0-opt_14-opt_7-opt_20-opt_19,4,1109.928
ip_0,ip_19,ip_0_ip_19_p7,opt_0,opt_19,opt_0-opt_14-opt_7-opt_20-opt_10-opt_19,5,1110.718
ip_0,ip_19,ip_0_ip_19_p8,opt_0,opt_19,opt_0-opt_14-opt_3-opt_27-opt_9-opt_19,5,1119.998
ip_0,ip_19,ip_0_ip_19_p9,opt_0,opt_19,opt_0-opt_14-opt_3-opt_27-opt_9-opt_17-opt_19,6,1126.137
ip_0,ip_20,ip_0_ip_20_p0,opt_0,opt_20,opt_0-opt_20,1,875.174
ip_0,ip_20,ip_0_ip_20_p1,opt_0,opt_20,opt_0-opt_14-opt_7-opt_20,3,939.927
ip_0,ip_20,ip_0_ip_20_p2,opt_0,opt_20,opt_0-opt_14-opt_7-opt_24-opt_20,4,1002.635
ip_0,ip_20,ip_0_ip_20_p3,opt_0,opt_20,opt_0-opt_18-opt_14-opt_7-opt_20,4,1026.081
ip_0,ip_20,ip_0_ip_20_p4,opt_0,opt_20,opt_0-opt_14-opt_7-opt_25-opt_20,4,1053.553
ip_0,ip_20,ip_0_ip_20_p5,opt_0,opt_20,opt_0-opt_14-opt_3-opt_11-opt_20,4,1056.334
ip_0,ip_20,ip_0_ip_20_p6,opt_0,opt_20,opt_0-opt_14-opt_3-opt_27-opt_11-opt_20,5,1057.966
ip_0,ip_20,ip_0_ip_20_p7,opt_0,opt_20,opt_0-opt_14-opt_7-opt_25-opt_24-opt_20,5,1070.667
ip_0,ip_20,ip_0_ip_20_p8,opt_0,opt_20,opt_0-opt_14-opt_4-opt_27-opt_11-opt_20,5,1075.358
ip_0,ip_20,ip_0_ip_20_p9,opt_0,opt_20,opt_0-opt_16-opt_27-opt_11-opt_20,4,1083.083
ip_0,ip_21,ip_0_ip_21_p0,opt_0,opt_21,opt_0-opt_14-opt_3-opt_9-opt_21,4,930.747
ip_0,ip_21,ip_0_ip_21_p1,opt_0,opt_21,opt_0-opt_14-opt_3-opt_27-opt_9-opt_21,5,971.731
ip_0,ip_21,ip_0_ip_21_p2,opt_0,opt_21,opt_0-opt_14-opt_4-opt_27-opt_9-opt_21,5,989.123
ip_0,ip_21,ip_0_ip_21_p3,opt_0,opt_21,opt_0-opt_16-opt_27-opt_9-opt_21,4,996.848
ip_0,ip_21,ip_0_ip_21_p4,opt_0,opt_21,opt_0-opt_14-opt_4-opt_3-opt_9-opt_21,5,998.204
ip_0,ip_21,ip_0_ip_21_p5,opt_0,opt_21,opt_0-opt_16-opt_4-opt_27-opt_9-opt_21,5,1003.869
ip_0,ip_21,ip_0_ip_21_p6,opt_0,opt_21,opt_0-opt_16-opt_3-opt_9-opt_21,4,1007.308
ip_0,ip_21,ip_0_ip_21_p7,opt_0,opt_21,opt_0-opt_18-opt_21,2,1007.748
ip_0,ip_21,ip_0_ip_21_p8,opt_0,opt_21,opt_0-opt_14-opt_4-opt_27-opt_3-opt_9-opt_21,6,1011.209
ip_0,ip_21,ip_0_ip_21_p9,opt_0,opt_21,opt_0-opt_16-opt_4-opt_3-opt_9-opt_21,5,1012.950
ip_0,ip_22,ip_0_ip_22_p0,opt_0,opt_22,opt_0-opt_14-opt_2-opt_22,3,985.665
ip_0,ip_22,ip_0_ip_22_p1,opt_0,opt_22,opt_0-opt_8-opt_6-opt_31-opt_23-opt_22,5,1011.284
ip_0,ip_22,ip_0_ip_22_p2,opt_0,opt_22,opt_0-opt_8-opt_6-opt_15-opt_31-opt_23-opt_22,6,1018.819
ip_0,ip_22,ip_0_ip_22_p3,opt_0,opt_22,opt_0-opt_14-opt_3-opt_2-opt_22,4,1054.384
ip_0,ip_22,ip_0_ip_22_p4,opt_0,opt_22,opt_0-opt_8-opt_6-opt_29-opt_2-opt_22,5,1066.562
ip_0,ip_22,ip_0_ip_22_p5,opt_0,opt_22,opt_0-opt_18-opt_14-opt_2-opt_22,4,1071.819
ip_0,ip_22,ip_0_ip_22_p6,opt_0,opt_22,opt_0-opt_8-opt_6-opt_15-opt_29-opt_2-opt_22,6,1100.648
ip_0,ip_22,ip_0_ip_22_p7,opt_0,opt_22,opt_0-opt_14-opt_2-opt_12-opt_22,4,1111.381
ip_0,ip_22,ip_0_ip_22_p8,opt_0,opt_22,opt_0-opt_8-opt_6-opt_29-opt_23-opt_22,5,1113.914
ip_0,ip_22,ip_0_ip_22_p9,opt_0,opt_22,opt_0-opt_14-opt_4-opt_3-opt_2-opt_22,5,1121.841
ip_0,ip_23,ip_0_ip_23_p0,opt_0,opt_23,opt_0-opt_8-opt_6-opt_31-opt_23,4,833.002
ip_0,ip_23,ip_0_ip_23_p1,opt_0,opt_23,opt_0-opt_8-opt_6-opt_15-opt_31-opt_23,5,840.537
ip_0,ip_23,ip_0_ip_23_p2,opt_0,opt_23,opt_0-opt_8-opt_6-opt_29-opt_23,4,935.632
ip_0,ip_23,ip_0_ip_23_p3,opt_0,opt_23,opt_0-opt_8-opt_6-opt_15-opt_29-opt_23,5,969.718
ip_0,ip_23,ip_0_ip_23_p4,opt_0,opt_23,opt_0-opt_14-opt_2-opt_23,3,969.947
ip_0,ip_23,ip_0_ip_23_p5,opt_0,opt_23,opt_0-opt_14-opt_6-opt_31-opt_23,4,978.003
ip_0,ip_23,ip_0_ip_23_p6,opt_0,opt_23,opt_0-opt_14-opt_6-opt_15-opt_31-opt_23,5,985.538
ip_0,ip_23,ip_0_ip_23_p7,opt_0,opt_23,opt_0-opt_8-opt_6-opt_31-opt_29-opt_23,5,1000.422
ip_0,ip_23,ip_0_ip_23_p8,opt_0,opt_23,opt_0-opt_8-opt_6-opt_15-opt_31-opt_29-opt_23,6,1007.957
ip_0,ip_23,ip_0_ip_23_p9,opt_0,opt_23,opt_0-opt_14-opt_4-opt_23,3,1014.505
ip_0,ip_24,ip_0_ip_24_p0,opt_0,opt_24,opt_0-opt_14-opt_7-opt_24,3,915.229
ip_0,ip_24,ip_0_ip_24_p1,opt_0,opt_24,opt_0-opt_20-opt_24,2,962.580
ip_0,ip_24,ip_0_ip_24_p2,opt_0,opt_24,opt_0-opt_14-opt_7-opt_25-opt_24,4,983.261
ip_0,ip_24,ip_0_ip_24_p3,opt_0,opt_24,opt_0-opt_18-opt_14-opt_7-opt_24,4,1001.383
ip_0,ip_24,ip_0_ip_24_p4,opt_0,opt_24,opt_0-opt_14-opt_7-opt_20-opt_24,4,1027.333
ip_0,ip_24,ip_0_ip_24_p5,opt_0,opt_24,opt_0-opt_18-opt_14-opt_7-opt_25-opt_24,5,1069.415
ip_0,ip_24,ip_0_ip_24_p6,opt_0,opt_24,opt_0-opt_13-opt_14-opt_7-opt_24,4,1082.166
ip_0,ip_24,ip_0_ip_24_p7,opt_0,opt_24,opt_0-opt_14-opt_3-opt_11-opt_24,4,1091.865
ip_0,ip_24,ip_0_ip_24_p8,opt_0,opt_24,opt_0-opt_14-opt_3-opt_27-opt_11-opt_24,5,1093.497
ip_0,ip_24,ip_0_ip_24_p9,opt_0,opt_24,opt_0-opt_18-opt_13-opt_14-opt_7-opt_24,5,1104.256
ip_0,ip_25,ip_0_ip_25_p0,opt_0,opt_25,opt_0-opt_14-opt_7-opt_25,3,883.139
ip_0,ip_25,ip_0_ip_25_p1,opt_0,opt_25,opt_0-opt_18-opt_14-opt_7-opt_25,4,969.293
ip_0,ip_25,ip_0_ip_25_p2,opt_0,opt_25,opt_0-opt_14-opt_7-opt_24-opt_25,4,1015.351
ip_0,ip_25,ip_0_ip_25_p3,opt_0,opt_25,opt_0-opt_20-opt_25,2,1045.588
ip_0,ip_25,ip_0_ip_25_p4,opt_0,opt_25,opt_0-opt_13-opt_14-opt_7-opt_25,4,1050.076
ip_0,ip_25,ip_0_ip_25_p5,opt_0,opt_25,opt_0-opt_20-opt_24-opt_25,3,1062.702
ip_0,ip_25,ip_0_ip_25_p6,opt_0,opt_25,opt_0-opt_18-opt_13-opt_14-opt_7-opt_25,5,1072.166
ip_0,ip_25,ip_0_ip_25_p7,opt_0,opt_25,opt_0-opt_14-opt_3-opt_11-opt_25,4,1077.637
ip_0,ip_25,ip_0_ip_25_p8,opt_0,opt_25,opt_0-opt_14-opt_3-opt_27-opt_7-opt_25,5,1077.959
ip_0,ip_25,ip_0_ip_25_p9,opt_0,opt_25,opt_0-opt_14-opt_3-opt_27-opt_11-opt_25,5,1079.269
ip_0,ip_26,ip_0_ip_26_p0,opt_0,opt_26,opt_0-opt_14-opt_3-opt_9-opt_26,4,1011.788
ip_0,ip_26,ip_0_ip_26_p1,opt_0,opt_26,opt_0-opt_14-opt_3-opt_9-opt_21-opt_26,5,1027.554
ip_0,ip_26,ip_0_ip_26_p2,opt_0,opt_26,opt_0-opt_14-opt_3-opt_27-opt_9-opt_26,5,1052.772
ip_0,ip_26,ip_0_ip_26_p3,opt_0,opt_26,opt_0-opt_14-opt_3-opt_27-opt_9-opt_21-opt_26,6,1068.538
ip_0,ip_26,ip_0_ip_26_p4,opt_0,opt_26,opt_0-opt_14-opt_4-opt_27-opt_9-opt_26,5,1070.164
ip_0,ip_26,ip_0_ip_26_p5,opt_0,opt_26,opt_0-opt_14-opt_2-opt_12-opt_26,4,1073.166
ip_0,ip_26,ip_0_ip_26_p6,opt_0,opt_26,opt_0-opt_16-opt_27-opt_9-opt_26,4,1077.889
ip_0,ip_26,ip_0_ip_26_p7,opt_0,opt_26,opt_0-opt_14-opt_4-opt_3-opt_9-opt_26,5,1079.245
ip_0,ip_26,ip_0_ip_26_p8,opt_0,opt_26,opt_0-opt_16-opt_4-opt_27-opt_9-opt_26,5,1084.910
ip_0,ip_26,ip_0_ip_26_p9,opt_0,opt_26,opt_0-opt_14-opt_4-opt_27-opt_9-opt_21-opt_26,6,1085.930
ip_0,ip_27,ip_0_ip_27_p0,opt_0,opt_27,opt_0-opt_14-opt_3-opt_27,3,543.933
ip_0,ip_27,ip_0_ip_27_p1,opt_0,opt_27,opt_0-opt_14-opt_4-opt_27,3,561.325
ip_0,ip_27,ip_0_ip_27_p2,opt_0,opt_27,opt_0-opt_16-opt_27,2,569.050
ip_0,ip_27,ip_0_ip_27_p3,opt_0,opt_27,opt_0-opt_16-opt_4-opt_27,3,576.071
ip_0,ip_27,ip_0_ip_27_p4,opt_0,opt_27,opt_0-opt_14-opt_16-opt_27,3,587.189
ip_0,ip_27,ip_0_ip_27_p5,opt_0,opt_27,opt_0-opt_14-opt_16-opt_4-opt_27,4,594.210
ip_0,ip_27,ip_0_ip_27_p6,opt_0,opt_27,opt_0-opt_14-opt_4-opt_16-opt_27,4,594.440
ip_0,ip_27,ip_0_ip_27_p7,opt_0,opt_27,opt_0-opt_13-opt_27,2,595.610
ip_0,ip_27,ip_0_ip_27_p8,opt_0,opt_27,opt_0-opt_13-opt_4-opt_27,3,595.623
ip_0,ip_27,ip_0_ip_27_p9,opt_0,opt_27,opt_0-opt_13-opt_16-opt_27,3,597.363
ip_0,ip_28,ip_0_ip_28_p0,opt_0,opt_28,opt_0-opt_14-opt_7-opt_28,3,977.492
ip_0,ip_28,ip_0_ip_28_p1,opt_0,opt_28,opt_0-opt_14-opt_3-opt_11-opt_28,4,992.445
ip_0,ip_28,ip_0_ip_28_p2,opt_0,opt_28,opt_0-opt_14-opt_3-opt_27-opt_11-opt_28,5,994.077
ip_0,ip_28,ip_0_ip_28_p3,opt_0,opt_28,opt_0-opt_14-opt_4-opt_27-opt_11-opt_28,5,1011.469
ip_0,ip_28,ip_0_ip_28_p4,opt_0,opt_28,opt_0-opt_16-opt_27-opt_11-opt_28,4,1019.194
ip_0,ip_28,ip_0_ip_28_p5,opt_0,opt_28,opt_0-opt_16-opt_4-opt_27-opt_11-opt_28,5,1026.215
ip_0,ip_28,ip_0_ip_28_p6,opt_0,opt_28,opt_0-opt_14-opt_16-opt_27-opt_11-opt_28,5,1037.333
ip_0,ip_28,ip_0_ip_28_p7,opt_0,opt_28,opt_0-opt_14-opt_16-opt_4-opt_27-opt_11-opt_28,6,1044.354
ip_0,ip_28,ip_0_ip_28_p8,opt_0,opt_28,opt_0-opt_14-opt_4-opt_16-opt_27-opt_11-opt_28,6,1044.584
ip_0,ip_28,ip_0_ip_28_p9,opt_0,opt_28,opt_0-opt_13-opt_27-opt_11-opt_28,4,1045.754
ip_0,ip_29,ip_0_ip_29_p0,opt_0,opt_29,opt_0-opt_8-opt_6-opt_29,3,613.724
ip_0,ip_29,ip_0_ip_29_p1,opt_0,opt_29,opt_0-opt_8-opt_6-opt_15-opt_29,4,647.810
ip_0,ip_29,ip_0_ip_29_p2,opt_0,opt_29,opt_0-opt_8-opt_6-opt_31-opt_29,4,678.514
ip_0,ip_29,ip_0_ip_29_p3,opt_0,opt_29,opt_0-opt_8-opt_6-opt_15-opt_31-opt_29,5,686.049
ip_0,ip_29,ip_0_ip_29_p4,opt_0,opt_29,opt_0-opt_8-opt_6-opt_31-opt_15-opt_29,5,694.403
ip_0,ip_29,ip_0_ip_29_p5,opt_0,opt_29,opt_0-opt_14-opt_3-opt_29,3,741.884
ip_0,ip_29,ip_0_ip_29_p6,opt_0,opt_29,opt_0-opt_14-opt_6-opt_29,3,758.725
ip_0,ip_29,ip_0_ip_29_p7,opt_0,opt_29,opt_0-opt_14-opt_6-opt_15-opt_29,4,792.811
ip_0,ip_29,ip_0_ip_29_p8,opt_0,opt_29,opt_0-opt_14-opt_3-opt_27-opt_29,4,801.474
ip_0,ip_29,ip_0_ip_29_p9,opt_0,opt_29,opt_0-opt_14-opt_4-opt_3-opt_29,4,809.341
ip_0,ip_30,ip_0_ip_30_p0,opt_0,opt_30,opt_0-opt_18-opt_30,2,312.980
ip_0,ip_30,ip_0_ip_30_p1,opt_0,opt_30,opt_0-opt_13-opt_30,2,351.883
ip_0,ip_30,ip_0_ip_30_p2,opt_0,opt_30,opt_0-opt_18-opt_13-opt_30,3,373.973
ip_0,ip_30,ip_0_ip_30_p3,opt_0,opt_30,opt_0-opt_14-opt_30,2,416.859
ip_0,ip_30,ip_0_ip_30_p4,opt_0,opt_30,opt_0-opt_14-opt_13-opt_30,3,418.116
ip_0,ip_30,ip_0_ip_30_p5,opt_0,opt_30,opt_0-opt_16-opt_30,2,453.773
ip_0,ip_30,ip_0_ip_30_p6,opt_0,opt_30,opt_0-opt_14-opt_16-opt_30,3,471.912
ip_0,ip_30,ip_0_ip_30_p7,opt_0,opt_30,opt_0-opt_16-opt_13-opt_30,3,474.232
ip_0,ip_30,ip_0_ip_30_p8,opt_0,opt_30,opt_0-opt_14-opt_4-opt_30,3,476.796
ip_0,ip_30,ip_0_ip_30_p9,opt_0,opt_30,opt_0-opt_14-opt_4-opt_16-opt_30,4,479.163
ip_0,ip_31,ip_0_ip_31_p0,opt_0,opt_31,opt_0-opt_8-opt_6-opt_31,3,499.296
ip_0,ip_31,ip_0_ip_31_p1,opt_0,opt_31,opt_0-opt_8-opt_6-opt_15-opt_31,4,506.831
ip_0,ip_31,ip_0_ip_31_p2,opt_0,opt_31,opt_0-opt_14-opt_6-opt_31,3,644.297
ip_0,ip_31,ip_0_ip_31_p3,opt_0,opt_31,opt_0-opt_14-opt_6-opt_15-opt_31,4,651.832
ip_0,ip_31,ip_0_ip_31_p4,opt_0,opt_31,opt_0-opt_18-opt_14-opt_6-opt_31,4,730.451
ip_0,ip_31,ip_0_ip_31_p5,opt_0,opt_31,opt_0-opt_18-opt_14-opt_6-opt_15-opt_31,5,737.986
ip_0,ip_31,ip_0_ip_31_p6,opt_0,opt_31,opt_0-opt_18-opt_8-opt_6-opt_31,4,770.129
ip_0,ip_31,ip_0_ip_31_p7,opt_0,opt_31,opt_0-opt_18-opt_8-opt_6-opt_15-opt_31,5,777.664
ip_0,ip_31,ip_0_ip_31_p8,opt_0,opt_31,opt_0-opt_8-opt_6-opt_29-opt_31,4,792.942
ip_0,ip_31,ip_0_ip_31_p9,opt_0,opt_31,opt_0-opt_16-opt_31,2,795.104
ip_1,ip_2,ip_1_ip_2_p0,opt_1,opt_2,opt_1-opt_21-opt_12-opt_2,3,546.521
ip_1,ip_2,ip_1_ip_2_p1,opt_1,opt_2,opt_1-opt_26-opt_12-opt_2,3,599.149
ip_1,ip_2,ip_1_ip_2_p2,opt_1,opt_2,opt_1-opt_21-opt_26-opt_12-opt_2,4,650.046
ip_1,ip_2,ip_1_ip_2_p3,opt_1,opt_2,opt_1-opt_21-opt_9-opt_2,3,682.309
ip_1,ip_2,ip_1_ip_2_p4,opt_1,opt_2,opt_1-opt_26-opt_21-opt_12-opt_2,4,689.238
ip_1,ip_2,ip_1_ip_2_p5,opt_1,opt_2,opt_1-opt_21-opt_9-opt_12-opt_2,4,714.537
ip_1,ip_2,ip_1_ip_2_p6,opt_1,opt_2,opt_1-opt_26-opt_9-opt_2,3,809.260
ip_1,ip_2,ip_1_ip_2_p7,opt_1,opt_2,opt_1-opt_26-opt_21-opt_9-opt_2,4,825.026
ip_1,ip_2,ip_1_ip_2_p8,opt_1,opt_2,opt_1-opt_26-opt_9-opt_12-opt_2,4,841.488
ip_1,ip_2,ip_1_ip_2_p9,opt_1,opt_2,opt_1-opt_26-opt_21-opt_9-opt_12-opt_2,5,857.254
ip_1,ip_3,ip_1_ip_3_p0,opt_1,opt_3,opt_1-opt_21-opt_9-opt_3,3,639.845
ip_1,ip_3,ip_1_ip_3_p1,opt_1,opt_3,opt_1-opt_21-opt_9-opt_27-opt_3,4,680.829
ip_1,ip_3,ip_1_ip_3_p2,opt_1,opt_3,opt_1-opt_26-opt_9-opt_3,3,766.796
ip_1,ip_3,ip_1_ip_3_p3,opt_1,opt_3,opt_1-opt_26-opt_21-opt_9-opt_3,4,782.562
ip_1,ip_3,ip_1_ip_3_p4,opt_1,opt_3,opt_1-opt_26-opt_9-opt_27-opt_3,4,807.780
ip_1,ip_3,ip_1_ip_3_p5,opt_1,opt_3,opt_1-opt_21-opt_26-opt_9-opt_3,4,817.693
ip_1,ip_3,ip_1_ip_3_p6,opt_1,opt_3,opt_1-opt_26-opt_21-opt_9-opt_27-opt_3,5,823.546
ip_1,ip_3,ip_1_ip_3_p7,opt_1,opt_3,opt_1-opt_21-opt_12-opt_2-opt_3,4,844.265
ip_1,ip_3,ip_1_ip_3_p8,opt_1,opt_3,opt_1-opt_11-opt_3,2,846.968
ip_1,ip_3,ip_1_ip_3_p9,opt_1,opt_3,opt_1-opt_11-opt_27-opt_3,3,848.600
ip_1,ip_4,ip_1_ip_4_p0,opt_1,opt_4,opt_1-opt_21-opt_9-opt_27-opt_4,4,898.165
ip_1,ip_4,ip_1_ip_4_p1,opt_1,opt_4,opt_1-opt_21-opt_9-opt_3-opt_4,4,907.246
ip_1,ip_4,ip_1_ip_4_p2,opt_1,opt_4,opt_1-opt_21-opt_9-opt_3-opt_27-opt_4,5,920.251
ip_1,ip_4,ip_1_ip_4_p3,opt_1,opt_4,opt_1-opt_21-opt_9-opt_27-opt_16-opt_4,5,931.280
ip_1,ip_4,ip_1_ip_4_p4,opt_1,opt_4,opt_1-opt_21-opt_9-opt_3-opt_16-opt_4,5,941.740
ip_1,ip_4,ip_1_ip_4_p5,opt_1,opt_4,opt_1-opt_21-opt_9-opt_27-opt_3-opt_4,5,948.230
ip_1,ip_4,ip_1_ip_4_p6,opt_1,opt_4,opt_1-opt_21-opt_9-opt_3-opt_27-opt_16-opt_4,6,953.366
ip_1,ip_4,ip_1_ip_4_p7,opt_1,opt_4,opt_1-opt_21-opt_9-opt_27-opt_3-opt_16-opt_4,6,982.724
ip_1,ip_4,ip_1_ip_4_p8,opt_1,opt_4,opt_1-opt_26-opt_9-opt_27-opt_4,4,1025.116
ip_1,ip_4,ip_1_ip_4_p9,opt_1,opt_4,opt_1-opt_26-opt_9-opt_3-opt_4,4,1034.197
ip_1,ip_5,ip_1_ip_5_p0,opt_1,opt_5,opt_1-opt_25-opt_5,2,833.928
ip_1,ip_5,ip_1_ip_5_p1,opt_1,opt_5,opt_1-opt_11-opt_28-opt_5,3,903.190
ip_1,ip_5,ip_1_ip_5_p2,opt_1,opt_5,opt_1-opt_25-opt_7-opt_5,3,938.901
ip_1,ip_5,ip_1_ip_5_p3,opt_1,opt_5,opt_1-opt_11-opt_7-opt_5,3,984.808
ip_1,ip_5,ip_1_ip_5_p4,opt_1,opt_5,opt_1-opt_25-opt_28-opt_5,3,988.630
ip_1,ip_5,ip_1_ip_5_p5,opt_1,opt_5,opt_1-opt_25-opt_24-opt_5,3,1033.338
ip_1,ip_5,ip_1_ip_5_p6,opt_1,opt_5,opt_1-opt_25-opt_7-opt_28-opt_5,4,1039.106
ip_1,ip_5,ip_1_ip_5_p7,opt_1,opt_5,opt_1-opt_11-opt_25-opt_5,3,1042.125
ip_1,ip_5,ip_1_ip_5_p8,opt_1,opt_5,opt_1-opt_11-opt_7-opt_25-opt_5,4,1044.403
ip_1,ip_5,ip_1_ip_5_p9,opt_1,opt_5,opt_1-opt_25-opt_24-opt_7-opt_5,4,1071.113
ip_1,ip_6,ip_1_ip_6_p0,opt_1,opt_6,opt_1-opt_6,1,923.179
ip_1,ip_6,ip_1_ip_6_p1,opt_1,opt_6,opt_1-opt_21-opt_12-opt_29-opt_6,4,964.122
ip_1,ip_6,ip_1_ip_6_p2,opt_1,opt_6,opt_1-opt_21-opt_12-opt_2-opt_29-opt_6,5,986.354
ip_1,ip_6,ip_1_ip_6_p3,opt_1,opt_6,opt_1-opt_21-opt_12-opt_29-opt_15-opt_6,5,998.208
ip_1,ip_6,ip_1_ip_6_p4,opt_1,opt_6,opt_1-opt_26-opt_12-opt_29-opt_6,4,1016.750
ip_1,ip_6,ip_1_ip_6_p5,opt_1,opt_6,opt_1-opt_21-opt_12-opt_2-opt_29-opt_15-opt_6,6,1020.440
ip_1,ip_6,ip_1_ip_6_p6,opt_1,opt_6,opt_1-opt_21-opt_12-opt_29-opt_31-opt_6,5,1028.912
ip_1,ip_6,ip_1_ip_6_p7,opt_1,opt_6,opt_1-opt_21-opt_12-opt_29-opt_31-opt_15-opt_6,6,1036.447
ip_1,ip_6,ip_1_ip_6_p8,opt_1,opt_6,opt_1-opt_26-opt_12-opt_2-opt_29-opt_6,5,1038.982
ip_1,ip_6,ip_1_ip_6_p9,opt_1,opt_6,opt_1-opt_21-opt_12-opt_29-opt_15-opt_31-opt_6,6,1044.801
ip_1,ip_7,ip_1_ip_7_p0,opt_1,opt_7,opt_1-opt_25-opt_7,2,734.600
ip_1,ip_7,ip_1_ip_7_p1,opt_1,opt_7,opt_1-opt_11-opt_7,2,780.507
ip_1,ip_7,ip_1_ip_7_p2,opt_1,opt_7,opt_1-opt_25-opt_24-opt_7,3,866.812
ip_1,ip_7,ip_1_ip_7_p3,opt_1,opt_7,opt_1-opt_21-opt_20-opt_7,3,901.074
ip_1,ip_7,ip_1_ip_7_p4,opt_1,opt_7,opt_1-opt_21-opt_17-opt_20-opt_7,4,906.766
ip_1,ip_7,ip_1_ip_7_p5,opt_1,opt_7,opt_1-opt_21-opt_17-opt_10-opt_7,4,922.807
ip_1,ip_7,ip_1_ip_7_p6,opt_1,opt_7,opt_1-opt_21-opt_17-opt_10-opt_20-opt_7,5,929.841
ip_1,ip_7,ip_1_ip_7_p7,opt_1,opt_7,opt_1-opt_11-opt_25-opt_7,3,942.797
ip_1,ip_7,ip_1_ip_7_p8,opt_1,opt_7,opt_1-opt_11-opt_28-opt_7,3,951.958
ip_1,ip_7,ip_1_ip_7_p9,opt_1,opt_7,opt_1-opt_21-opt_17-opt_19-opt_7,4,952.267
ip_1,ip_8,ip_1_ip_8_p0,opt_1,opt_8,opt_1-opt_6-opt_8,2,1180.759
ip_1,ip_8,ip_1_ip_8_p1,opt_1,opt_8,opt_1-opt_21-opt_12-opt_29-opt_6-opt_8,5,1221.702
ip_1,ip_8,ip_1_ip_8_p2,opt_1,opt_8,opt_1-opt_21-opt_9-opt_3-opt_14-opt_8,5,1237.445
ip_1,ip_8,ip_1_ip_8_p3,opt_1,opt_8,opt_1-opt_21-opt_12-opt_2-opt_29-opt_6-opt_8,6,1243.934
ip_1,ip_8,ip_1_ip_8_p4,opt_1,opt_8,opt_1-opt_21-opt_12-opt_29-opt_15-opt_6-opt_8,6,1255.788
ip_1,ip_8,ip_1_ip_8_p5,opt_1,opt_8,opt_1-opt_26-opt_12-opt_29-opt_6-opt_8,5,1274.330
ip_1,ip_8,ip_1_ip_8_p6,opt_1,opt_8,opt_1-opt_21-opt_9-opt_3-opt_14-opt_0-opt_8,6,1277.150
ip_1,ip_8,ip_1_ip_8_p7,opt_1,opt_8,opt_1-opt_21-opt_12-opt_2-opt_29-opt_15-opt_6-opt_8,7,1278.020
ip_1,ip_8,ip_1_ip_8_p8,opt_1,opt_8,opt_1-opt_21-opt_9-opt_27-opt_3-opt_14-opt_8,6,1278.429
ip_1,ip_8,ip_1_ip_8_p9,opt_1,opt_8,opt_1-opt_21-opt_12-opt_29-opt_31-opt_6-opt_8,6,1286.492
ip_1,ip_9,ip_1_ip_9_p0,opt_1,opt_9,opt_1-opt_21-opt_9,2,408.162
ip_1,ip_9,ip_1_ip_9_p1,opt_1,opt_9,opt_1-opt_26-opt_9,2,535.113
ip_1,ip_9,ip_1_ip_9_p2,opt_1,opt_9,opt_1-opt_26-opt_21-opt_9,3,550.879
ip_1,ip_9,ip_1_ip_9_p3,opt_1,opt_9,opt_1-opt_21-opt_26-opt_9,3,586.010
ip_1,ip_9,ip_1_ip_9_p4,opt_1,opt_9,opt_1-opt_21-opt_12-opt_9,3,636.006
ip_1,ip_9,ip_1_ip_9_p5,opt_1,opt_9,opt_1-opt_26-opt_12-opt_9,3,688.634
ip_1,ip_9,ip_1_ip_9_p6,opt_1,opt_9,opt_1-opt_21-opt_17-opt_9,3,734.876
ip_1,ip_9,ip_1_ip_9_p7,opt_1,opt_9,opt_1-opt_21-opt_26-opt_12-opt_9,4,739.531
ip_1,ip_9,ip_1_ip_9_p8,opt_1,opt_9,opt_1-opt_26-opt_21-opt_12-opt_9,4,778.723
ip_1,ip_9,ip_1_ip_9_p9,opt_1,opt_9,opt_1-opt_21-opt_12-opt_2-opt_9,4,820.668
ip_1,ip_10,ip_1_ip_10_p0,opt_1,opt_10,opt_1-opt_21-opt_17-opt_10,3,711.592
ip_1,ip_10,ip_1_ip_10_p1,opt_1,opt_10,opt_1-opt_21-opt_17-opt_19-opt_10,4,750.026
ip_1,ip_10,ip_1_ip_10_p2,opt_1,opt_10,opt_1-opt_21-opt_9-opt_17-opt_10,4,802.414
ip_1,ip_10,ip_1_ip_10_p3,opt_1,opt_10,opt_1-opt_21-opt_9-opt_19-opt_10,4,834.709
ip_1,ip_10,ip_1_ip_10_p4,opt_1,opt_10,opt_1-opt_26-opt_19-opt_10,3,840.702
ip_1,ip_10,ip_1_ip_10_p5,opt_1,opt_10,opt_1-opt_21-opt_9-opt_17-opt_19-opt_10,5,840.848
ip_1,ip_10,ip_1_ip_10_p6,opt_1,opt_10,opt_1-opt_21-opt_20-opt_10,3,841.179
ip_1,ip_10,ip_1_ip_10_p7,opt_1,opt_10,opt_1-opt_21-opt_17-opt_20-opt_10,4,846.871
ip_1,ip_10,ip_1_ip_10_p8,opt_1,opt_10,opt_1-opt_26-opt_17-opt_10,3,854.273
ip_1,ip_10,ip_1_ip_10_p9,opt_1,opt_10,opt_1-opt_26-opt_21-opt_17-opt_10,4,854.309
ip_1,ip_11,ip_1_ip_11_p0,opt_1,opt_11,opt_1-opt_11,1,571.121
ip_1,ip_11,ip_1_ip_11_p1,opt_1,opt_11,opt_1-opt_21-opt_17-opt_11,3,786.845
ip_1,ip_11,ip_1_ip_11_p2,opt_1,opt_11,opt_1-opt_21-opt_9-opt_17-opt_11,4,877.667
ip_1,ip_11,ip_1_ip_11_p3,opt_1,opt_11,opt_1-opt_21-opt_9-opt_27-opt_11,4,895.238
ip_1,ip_11,ip_1_ip_11_p4,opt_1,opt_11,opt_1-opt_21-opt_9-opt_3-opt_11,4,915.692
ip_1,ip_11,ip_1_ip_11_p5,opt_1,opt_11,opt_1-opt_21-opt_9-opt_3-opt_27-opt_11,5,917.324
ip_1,ip_11,ip_1_ip_11_p6,opt_1,opt_11,opt_1-opt_26-opt_17-opt_11,3,929.526
ip_1,ip_11,ip_1_ip_11_p7,opt_1,opt_11,opt_1-opt_26-opt_21-opt_17-opt_11,4,929.562
ip_1,ip_11,ip_1_ip_11_p8,opt_1,opt_11,opt_1-opt_25-opt_11,2,941.708
ip_1,ip_11,ip_1_ip_11_p9,opt_1,opt_11,opt_1-opt_25-opt_7-opt_11,3,943.986
ip_1,ip_12,ip_1_ip_12_p0,opt_1,opt_12,opt_1-opt_21-opt_12,2,438.076
ip_1,ip_12,ip_1_ip_12_p1,opt_1,opt_12,opt_1-opt_26-opt_12,2,490.704
ip_1,ip_12,ip_1_ip_12_p2,opt_1,opt_12,opt_1-opt_21-opt_26-opt_12,3,541.601
ip_1,ip_12,ip_1_ip_12_p3,opt_1,opt_12,opt_1-opt_26-opt_21-opt_12,3,580.793
ip_1,ip_12,ip_1_ip_12_p4,opt_1,opt_12,opt_1-opt_21-opt_9-opt_12,3,606.092
ip_1,ip_12,ip_1_ip_12_p5,opt_1,opt_12,opt_1-opt_26-opt_9-opt_12,3,733.043
ip_1,ip_12,ip_1_ip_12_p6,opt_1,opt_12,opt_1-opt_26-opt_21-opt_9-opt_12,4,748.809
ip_1,ip_12,ip_1_ip_12_p7,opt_1,opt_12,opt_1-opt_21-opt_26-opt_9-opt_12,4,783.940
ip_1,ip_12,ip_1_ip_12_p8,opt_1,opt_12,opt_1-opt_21-opt_9-opt_2-opt_12,4,790.754
ip_1,ip_12,ip_1_ip_12_p9,opt_1,opt_12,opt_1-opt_21-opt_9-opt_26-opt_12,4,899.167
ip_1,ip_13,ip_1_ip_13_p0,opt_1,opt_13,opt_1-opt_21-opt_9-opt_27-opt_13,4,984.790
ip_1,ip_13,ip_1_ip_13_p1,opt_1,opt_13,opt_1-opt_21-opt_9-opt_27-opt_4-opt_13,5,984.803
ip_1,ip_13,ip_1_ip_13_p2,opt_1,opt_13,opt_1-opt_21-opt_9-opt_27-opt_16-opt_13,5,986.543
ip_1,ip_13,ip_1_ip_13_p3,opt_1,opt_13,opt_1-opt_21-opt_9-opt_27-opt_4-opt_16-opt_13,6,993.564
ip_1,ip_13,ip_1_ip_13_p4,opt_1,opt_13,opt_1-opt_21-opt_9-opt_3-opt_4-opt_13,5,993.884
ip_1,ip_13,ip_1_ip_13_p5,opt_1,opt_13,opt_1-opt_21-opt_9-opt_3-opt_16-opt_13,5,997.003
ip_1,ip_13,ip_1_ip_13_p6,opt_1,opt_13,opt_1-opt_21-opt_9-opt_3-opt_4-opt_16-opt_13,6,1002.645
ip_1,ip_13,ip_1_ip_13_p7,opt_1,opt_13,opt_1-opt_21-opt_9-opt_3-opt_27-opt_13,5,1006.876
ip_1,ip_13,ip_1_ip_13_p8,opt_1,opt_13,opt_1-opt_21-opt_9-opt_3-opt_27-opt_4-opt_13,6,1006.889
ip_1,ip_13,ip_1_ip_13_p9,opt_1,opt_13,opt_1-opt_21-opt_9-opt_3-opt_27-opt_16-opt_13,6,1008.629
ip_1,ip_14,ip_1_ip_14_p0,opt_1,opt_14,opt_1-opt_21-opt_9-opt_3-opt_14,4,942.481
ip_1,ip_14,ip_1_ip_14_p1,opt_1,opt_14,opt_1-opt_21-opt_9-opt_27-opt_3-opt_14,5,983.465
ip_1,ip_14,ip_1_ip_14_p2,opt_1,opt_14,opt_1-opt_21-opt_9-opt_27-opt_4-opt_14,5,1000.857
ip_1,ip_14,ip_1_ip_14_p3,opt_1,opt_14,opt_1-opt_21-opt_9-opt_3-opt_4-opt_14,5,1009.938
ip_1,ip_14,ip_1_ip_14_p4,opt_1,opt_14,opt_1-opt_21-opt_9-opt_3-opt_27-opt_4-opt_14,6,1022.943
ip_1,ip_14,ip_1_ip_14_p5,opt_1,opt_14,opt_1-opt_21-opt_9-opt_27-opt_16-opt_14,5,1026.721
ip_1,ip_14,ip_1_ip_14_p6,opt_1,opt_14,opt_1-opt_21-opt_9-opt_27-opt_4-opt_16-opt_14,6,1033.742
ip_1,ip_14,ip_1_ip_14_p7,opt_1,opt_14,opt_1-opt_21-opt_9-opt_27-opt_16-opt_4-opt_14,6,1033.972
ip_1,ip_14,ip_1_ip_14_p8,opt_1,opt_14,opt_1-opt_21-opt_9-opt_3-opt_16-opt_14,5,1037.181
ip_1,ip_14,ip_1_ip_14_p9,opt_1,opt_14,opt_1-opt_21-opt_9-opt_3-opt_4-opt_16-opt_14,6,1042.823
ip_1,ip_15,ip_1_ip_15_p0,opt_1,opt_15,opt_1-opt_21-opt_12-opt_29-opt_15,4,900.928
ip_1,ip_15,ip_1_ip_15_p1,opt_1,opt_15,opt_1-opt_21-opt_12-opt_2-opt_29-opt_15,5,923.160
ip_1,ip_15,ip_1_ip_15_p2,opt_1,opt_15,opt_1-opt_21-opt_12-opt_29-opt_31-opt_15,5,939.167
ip_1,ip_15,ip_1_ip_15_p3,opt_1,opt_15,opt_1-opt_26-opt_12-opt_29-opt_15,4,953.556
ip_1,ip_15,ip_1_ip_15_p4,opt_1,opt_15,opt_1-opt_21-opt_12-opt_2-opt_29-opt_31-opt_15,6,961.399
ip_1,ip_15,ip_1_ip_15_p5,opt_1,opt_15,opt_1-opt_26-opt_12-opt_2-opt_29-opt_15,5,975.788
ip_1,ip_15,ip_1_ip_15_p6,opt_1,opt_15,opt_1-opt_26-opt_12-opt_29-opt_31-opt_15,5,991.795
ip_1,ip_15,ip_1_ip_15_p7,opt_1,opt_15,opt_1-opt_21-opt_26-opt_12-opt_29-opt_15,5,1004.453
ip_1,ip_15,ip_1_ip_15_p8,opt_1,opt_15,opt_1-opt_26-opt_12-opt_2-opt_29-opt_31-opt_15,6,1014.027
ip_1,ip_15,ip_1_ip_15_p9,opt_1,opt_15,opt_1-opt_6-opt_15,2,1020.459
ip_1,ip_16,ip_1_ip_16_p0,opt_1,opt_16,opt_1-opt_21-opt_9-opt_27-opt_16,4,911.212
ip_1,ip_16,ip_1_ip_16_p1,opt_1,opt_16,opt_1-opt_21-opt_9-opt_27-opt_4-opt_16,5,918.233
ip_1,ip_16,ip_1_ip_16_p2,opt_1,opt_16,opt_1-opt_21-opt_9-opt_3-opt_16,4,921.672
ip_1,ip_16,ip_1_ip_16_p3,opt_1,opt_16,opt_1-opt_21-opt_9-opt_3-opt_4-opt_16,5,927.314
ip_1,ip_16,ip_1_ip_16_p4,opt_1,opt_16,opt_1-opt_21-opt_9-opt_3-opt_27-opt_16,5,933.298
ip_1,ip_16,ip_1_ip_16_p5,opt_1,opt_16,opt_1-opt_21-opt_9-opt_3-opt_27-opt_4-opt_16,6,940.319
ip_1,ip_16,ip_1_ip_16_p6,opt_1,opt_16,opt_1-opt_21-opt_9-opt_27-opt_3-opt_16,5,962.656
ip_1,ip_16,ip_1_ip_16_p7,opt_1,opt_16,opt_1-opt_21-opt_9-opt_27-opt_3-opt_4-opt_16,6,968.298
ip_1,ip_16,ip_1_ip_16_p8,opt_1,opt_16,opt_1-opt_21-opt_12-opt_16,3,1022.865
ip_1,ip_16,ip_1_ip_16_p9,opt_1,opt_16,opt_1-opt_26-opt_9-opt_27-opt_16,4,1038.163
ip_1,ip_17,ip_1_ip_17_p0,opt_1,opt_17,opt_1-opt_21-opt_17,2,526.108
ip_1,ip_17,ip_1_ip_17_p1,opt_1,opt_17,opt_1-opt_21-opt_9-opt_17,3,616.930
ip_1,ip_17,ip_1_ip_17_p2,opt_1,opt_17,opt_1-opt_26-opt_17,2,668.789
ip_1,ip_17,ip_1_ip_17_p3,opt_1,opt_17,opt_1-opt_26-opt_21-opt_17,3,668.825
ip_1,ip_17,ip_1_ip_17_p4,opt_1,opt_17,opt_1-opt_21-opt_26-opt_17,3,719.686
ip_1,ip_17,ip_1_ip_17_p5,opt_1,opt_17,opt_1-opt_26-opt_9-opt_17,3,743.881
ip_1,ip_17,ip_1_ip_17_p6,opt_1,opt_17,opt_1-opt_26-opt_21-opt_9-opt_17,4,759.647
ip_1,ip_17,ip_1_ip_17_p7,opt_1,opt_17,opt_1-opt_21-opt_26-opt_9-opt_17,4,794.778
ip_1,ip_17,ip_1_ip_17_p8,opt_1,opt_17,opt_1-opt_11-opt_17,2,831.858
ip_1,ip_17,ip_1_ip_17_p9,opt_1,opt_17,opt_1-opt_21-opt_12-opt_9-opt_17,4,844.774
ip_1,ip_18,ip_1_ip_18_p0,opt_1,opt_18,opt_1-opt_21-opt_18,2,1093.452
ip_1,ip_18,ip_1_ip_18_p1,opt_1,opt_18,opt_1-opt_21-opt_9-opt_3-opt_18,4,1100.317
ip_1,ip_18,ip_1_ip_18_p2,opt_1,opt_18,opt_1-opt_21-opt_9-opt_3-opt_14-opt_18,5,1102.605
ip_1,ip_18,ip_1_ip_18_p3,opt_1,opt_18,opt_1-opt_21-opt_9-opt_27-opt_4-opt_18,5,1112.867
ip_1,ip_18,ip_1_ip_18_p4,opt_1,opt_18,opt_1-opt_21-opt_9-opt_3-opt_4-opt_18,5,1121.948
ip_1,ip_18,ip_1_ip_18_p5,opt_1,opt_18,opt_1-opt_21-opt_9-opt_27-opt_16-opt_18,5,1123.416
ip_1,ip_18,ip_1_ip_18_p6,opt_1,opt_18,opt_1-opt_21-opt_9-opt_27-opt_4-opt_16-opt_18,6,1130.437
ip_1,ip_18,ip_1_ip_18_p7,opt_1,opt_18,opt_1-opt_21-opt_9-opt_27-opt_13-opt_18,5,1131.202
ip_1,ip_18,ip_1_ip_18_p8,opt_1,opt_18,opt_1-opt_21-opt_9-opt_27-opt_4-opt_13-opt_18,6,1131.215
ip_1,ip_18,ip_1_ip_18_p9,opt_1,opt_18,opt_1-opt_21-opt_9-opt_27-opt_16-opt_13-opt_18,6,1132.955
ip_1,ip_19,ip_1_ip_19_p0,opt_1,opt_19,opt_1-opt_21-opt_17-opt_19,3,658.412
ip_1,ip_19,ip_1_ip_19_p1,opt_1,opt_19,opt_1-opt_21-opt_9-opt_19,3,743.095
ip_1,ip_19,ip_1_ip_19_p2,opt_1,opt_19,opt_1-opt_26-opt_19,2,749.088
ip_1,ip_19,ip_1_ip_19_p3,opt_1,opt_19,opt_1-opt_21-opt_9-opt_17-opt_19,4,749.234
ip_1,ip_19,ip_1_ip_19_p4,opt_1,opt_19,opt_1-opt_21-opt_26-opt_19,3,799.985
ip_1,ip_19,ip_1_ip_19_p5,opt_1,opt_19,opt_1-opt_26-opt_17-opt_19,3,801.093
ip_1,ip_19,ip_1_ip_19_p6,opt_1,opt_19,opt_1-opt_26-opt_21-opt_17-opt_19,4,801.129
ip_1,ip_19,ip_1_ip_19_p7,opt_1,opt_19,opt_1-opt_21-opt_17-opt_10-opt_19,4,803.206
ip_1,ip_19,ip_1_ip_19_p8,opt_1,opt_19,opt_1-opt_21-opt_26-opt_17-opt_19,4,851.990
ip_1,ip_19,ip_1_ip_19_p9,opt_1,opt_19,opt_1-opt_26-opt_9-opt_19,3,870.046
ip_1,ip_20,ip_1_ip_20_p0,opt_1,opt_20,opt_1-opt_21-opt_20,2,762.002
ip_1,ip_20,ip_1_ip_20_p1,opt_1,opt_20,opt_1-opt_21-opt_17-opt_20,3,767.694
ip_1,ip_20,ip_1_ip_20_p2,opt_1,opt_20,opt_1-opt_21-opt_17-opt_10-opt_20,4,790.769
ip_1,ip_20,ip_1_ip_20_p3,opt_1,opt_20,opt_1-opt_25-opt_20,2,822.730
ip_1,ip_20,ip_1_ip_20_p4,opt_1,opt_20,opt_1-opt_21-opt_17-opt_19-opt_20,4,828.413
ip_1,ip_20,ip_1_ip_20_p5,opt_1,opt_20,opt_1-opt_21-opt_17-opt_19-opt_10-opt_20,5,829.203
ip_1,ip_20,ip_1_ip_20_p6,opt_1,opt_20,opt_1-opt_11-opt_20,2,839.210
ip_1,ip_20,ip_1_ip_20_p7,opt_1,opt_20,opt_1-opt_25-opt_24-opt_20,3,839.844
ip_1,ip_20,ip_1_ip_20_p8,opt_1,opt_20,opt_1-opt_21-opt_9-opt_17-opt_20,4,858.516
ip_1,ip_20,ip_1_ip_20_p9,opt_1,opt_20,opt_1-opt_25-opt_7-opt_20,3,873.672
ip_1,ip_21,ip_1_ip_21_p0,opt_1,opt_21,opt_1-opt_21,1,221.496
ip_1,ip_21,ip_1_ip_21_p1,opt_1,opt_21,opt_1-opt_26-opt_21,2,364.213
ip_1,ip_21,ip_1_ip_21_p2,opt_1,opt_21,opt_1-opt_26-opt_12-opt_21,3,707.284
ip_1,ip_21,ip_1_ip_21_p3,opt_1,opt_21,opt_1-opt_26-opt_9-opt_21,3,721.779
ip_1,ip_21,ip_1_ip_21_p4,opt_1,opt_21,opt_1-opt_26-opt_12-opt_9-opt_21,4,875.300
ip_1,ip_21,ip_1_ip_21_p5,opt_1,opt_21,opt_1-opt_26-opt_9-opt_12-opt_21,4,949.623
ip_1,ip_21,ip_1_ip_21_p6,opt_1,opt_21,opt_1-opt_26-opt_17-opt_21,3,973.401
ip_1,ip_21,ip_1_ip_21_p7,opt_1,opt_21,opt_1-opt_26-opt_9-opt_17-opt_21,4,1048.493
ip_1,ip_21,ip_1_ip_21_p8,opt_1,opt_21,opt_1-opt_26-opt_12-opt_2-opt_9-opt_21,5,1059.962
ip_1,ip_21,ip_1_ip_21_p9,opt_1,opt_21,opt_1-opt_26-opt_17-opt_9-opt_21,4,1064.223
ip_1,ip_22,ip_1_ip_22_p0,opt_1,opt_22,opt_1-opt_21-opt_12-opt_22,3,699.589
ip_1,ip_22,ip_1_ip_22_p1,opt_1,opt_22,opt_1-opt_26-opt_12-opt_22,3,752.217
ip_1,ip_22,ip_1_ip_22_p2,opt_1,opt_22,opt_1-opt_21-opt_12-opt_2-opt_22,4,790.763
ip_1,ip_22,ip_1_ip_22_p3,opt_1,opt_22,opt_1-opt_21-opt_26-opt_12-opt_22,4,803.114
ip_1,ip_22,ip_1_ip_22_p4,opt_1,opt_22,opt_1-opt_26-opt_21-opt_12-opt_22,4,842.306
ip_1,ip_22,ip_1_ip_22_p5,opt_1,opt_22,opt_1-opt_26-opt_12-opt_2-opt_22,4,843.391
ip_1,ip_22,ip_1_ip_22_p6,opt_1,opt_22,opt_1-opt_21-opt_9-opt_12-opt_22,4,867.605
ip_1,ip_22,ip_1_ip_22_p7,opt_1,opt_22,opt_1-opt_21-opt_26-opt_12-opt_2-opt_22,5,894.288
ip_1,ip_22,ip_1_ip_22_p8,opt_1,opt_22,opt_1-opt_21-opt_9-opt_2-opt_22,4,926.551
ip_1,ip_22,ip_1_ip_22_p9,opt_1,opt_22,opt_1-opt_21-opt_12-opt_23-opt_22,4,926.877
ip_1,ip_23,ip_1_ip_23_p0,opt_1,opt_23,opt_1-opt_21-opt_12-opt_23,3,748.595
ip_1,ip_23,ip_1_ip_23_p1,opt_1,opt_23,opt_1-opt_21-opt_12-opt_2-opt_23,4,775.045
ip_1,ip_23,ip_1_ip_23_p2,opt_1,opt_23,opt_1-opt_26-opt_12-opt_23,3,801.223
ip_1,ip_23,ip_1_ip_23_p3,opt_1,opt_23,opt_1-opt_26-opt_12-opt_2-opt_23,4,827.673
ip_1,ip_23,ip_1_ip_23_p4,opt_1,opt_23,opt_1-opt_21-opt_26-opt_12-opt_23,4,852.120
ip_1,ip_23,ip_1_ip_23_p5,opt_1,opt_23,opt_1-opt_21-opt_12-opt_22-opt_23,4,877.871
ip_1,ip_23,ip_1_ip_23_p6,opt_1,opt_23,opt_1-opt_21-opt_26-opt_12-opt_2-opt_23,5,878.570
ip_1,ip_23,ip_1_ip_23_p7,opt_1,opt_23,opt_1-opt_26-opt_21-opt_12-opt_23,4,891.312
ip_1,ip_23,ip_1_ip_23_p8,opt_1,opt_23,opt_1-opt_21-opt_9-opt_2-opt_23,4,910.833
ip_1,ip_23,ip_1_ip_23_p9,opt_1,opt_23,opt_1-opt_21-opt_9-opt_12-opt_23,4,916.611
ip_1,ip_24,ip_1_ip_24_p0,opt_1,opt_24,opt_1-opt_25-opt_24,2,752.438
ip_1,ip_24,ip_1_ip_24_p1,opt_1,opt_24,opt_1-opt_25-opt_7-opt_24,3,848.974
ip_1,ip_24,ip_1_ip_24_p2,opt_1,opt_24,opt_1-opt_21-opt_24,2,849.248
ip_1,ip_24,ip_1_ip_24_p3,opt_1,opt_24,opt_1-opt_21-opt_20-opt_24,3,849.408
ip_1,ip_24,ip_1_ip_24_p4,opt_1,opt_24,opt_1-opt_21-opt_17-opt_24,3,853.442
ip_1,ip_24,ip_1_ip_24_p5,opt_1,opt_24,opt_1-opt_21-opt_17-opt_20-opt_24,4,855.100
ip_1,ip_24,ip_1_ip_24_p6,opt_1,opt_24,opt_1-opt_21-opt_17-opt_10-opt_24,4,874.309
ip_1,ip_24,ip_1_ip_24_p7,opt_1,opt_24,opt_1-opt_11-opt_24,2,874.741
ip_1,ip_24,ip_1_ip_24_p8,opt_1,opt_24,opt_1-opt_21-opt_17-opt_10-opt_20-opt_24,5,878.175
ip_1,ip_24,ip_1_ip_24_p9,opt_1,opt_24,opt_1-opt_11-opt_7-opt_24,3,894.881
ip_1,ip_25,ip_1_ip_25_p0,opt_1,opt_25,opt_1-opt_25,1,652.316
ip_1,ip_25,ip_1_ip_25_p1,opt_1,opt_25,opt_1-opt_11-opt_25,2,860.513
ip_1,ip_25,ip_1_ip_25_p2,opt_1,opt_25,opt_1-opt_11-opt_7-opt_25,3,862.791
ip_1,ip_25,ip_1_ip_25_p3,opt_1,opt_25,opt_1-opt_21-opt_25,2,914.552
ip_1,ip_25,ip_1_ip_25_p4,opt_1,opt_25,opt_1-opt_21-opt_20-opt_25,3,932.416
ip_1,ip_25,ip_1_ip_25_p5,opt_1,opt_25,opt_1-opt_21-opt_17-opt_20-opt_25,4,938.108
ip_1,ip_25,ip_1_ip_25_p6,opt_1,opt_25,opt_1-opt_21-opt_24-opt_25,3,949.370
ip_1,ip_25,ip_1_ip_25_p7,opt_1,opt_25,opt_1-opt_21-opt_20-opt_24-opt_25,4,949.530
ip_1,ip_25,ip_1_ip_25_p8,opt_1,opt_25,opt_1-opt_21-opt_17-opt_24-opt_25,4,953.564
ip_1,ip_25,ip_1_ip_25_p9,opt_1,opt_25,opt_1-opt_21-opt_17-opt_20-opt_24-opt_25,5,955.222
ip_1,ip_26,ip_1_ip_26_p0,opt_1,opt_26,opt_1-opt_26,1,267.406
ip_1,ip_26,ip_1_ip_26_p1,opt_1,opt_26,opt_1-opt_21-opt_26,2,318.303
ip_1,ip_26,ip_1_ip_26_p2,opt_1,opt_26,opt_1-opt_21-opt_12-opt_26,3,661.374
ip_1,ip_26,ip_1_ip_26_p3,opt_1,opt_26,opt_1-opt_21-opt_9-opt_26,3,675.869
ip_1,ip_26,ip_1_ip_26_p4,opt_1,opt_26,opt_1-opt_21-opt_9-opt_12-opt_26,4,829.390
ip_1,ip_26,ip_1_ip_26_p5,opt_1,opt_26,opt_1-opt_21-opt_12-opt_9-opt_26,4,903.713
ip_1,ip_26,ip_1_ip_26_p6,opt_1,opt_26,opt_1-opt_21-opt_17-opt_26,3,927.491
ip_1,ip_26,ip_1_ip_26_p7,opt_1,opt_26,opt_1-opt_21-opt_17-opt_9-opt_26,4,1002.583
ip_1,ip_26,ip_1_ip_26_p8,opt_1,opt_26,opt_1-opt_21-opt_9-opt_2-opt_12-opt_26,5,1014.052
ip_1,ip_26,ip_1_ip_26_p9,opt_1,opt_26,opt_1-opt_21-opt_9-opt_17-opt_26,4,1018.313
ip_1,ip_27,ip_1_ip_27_p0,opt_1,opt_27,opt_1-opt_21-opt_9-opt_27,3,649.294
ip_1,ip_27,ip_1_ip_27_p1,opt_1,opt_27,opt_1-opt_21-opt_9-opt_3-opt_27,4,671.380
ip_1,ip_27,ip_1_ip_27_p2,opt_1,opt_27,opt_1-opt_26-opt_9-opt_27,3,776.245
ip_1,ip_27,ip_1_ip_27_p3,opt_1,opt_27,opt_1-opt_26-opt_21-opt_9-opt_27,4,792.011
ip_1,ip_27,ip_1_ip_27_p4,opt_1,opt_27,opt_1-opt_26-opt_9-opt_3-opt_27,4,798.331
ip_1,ip_27,ip_1_ip_27_p5,opt_1,opt_27,opt_1-opt_26-opt_21-opt_9-opt_3-opt_27,5,814.097
ip_1,ip_27,ip_1_ip_27_p6,opt_1,opt_27,opt_1-opt_11-opt_27,2,817.065
ip_1,ip_27,ip_1_ip_27_p7,opt_1,opt_27,opt_1-opt_21-opt_26-opt_9-opt_27,4,827.142
ip_1,ip_27,ip_1_ip_27_p8,opt_1,opt_27,opt_1-opt_21-opt_26-opt_9-opt_3-opt_27,5,849.228
ip_1,ip_27,ip_1_ip_27_p9,opt_1,opt_27,opt_1-opt_21-opt_12-opt_2-opt_3-opt_27,5,875.800
ip_1,ip_28,ip_1_ip_28_p0,opt_1,opt_28,opt_1-opt_11-opt_28,2,775.321
ip_1,ip_28,ip_1_ip_28_p1,opt_1,opt_28,opt_1-opt_25-opt_28,2,860.761
ip_1,ip_28,ip_1_ip_28_p2,opt_1,opt_28,opt_1-opt_25-opt_7-opt_28,3,911.237
ip_1,ip_28,ip_1_ip_28_p3,opt_1,opt_28,opt_1-opt_11-opt_7-opt_28,3,957.144
ip_1,ip_28,ip_1_ip_28_p4,opt_1,opt_28,opt_1-opt_25-opt_5-opt_28,3,961.797
ip_1,ip_28,ip_1_ip_28_p5,opt_1,opt_28,opt_1-opt_21-opt_17-opt_11-opt_28,4,991.045
ip_1,ip_28,ip_1_ip_28_p6,opt_1,opt_28,opt_1-opt_25-opt_24-opt_28,3,1038.971
ip_1,ip_28,ip_1_ip_28_p7,opt_1,opt_28,opt_1-opt_25-opt_24-opt_7-opt_28,4,1043.449
ip_1,ip_28,ip_1_ip_28_p8,opt_1,opt_28,opt_1-opt_25-opt_7-opt_5-opt_28,4,1066.770
ip_1,ip_28,ip_1_ip_28_p9,opt_1,opt_28,opt_1-opt_11-opt_25-opt_28,3,1068.958
ip_1,ip_29,ip_1_ip_29_p0,opt_1,opt_29,opt_1-opt_21-opt_12-opt_29,3,732.885
ip_1,ip_29,ip_1_ip_29_p1,opt_1,opt_29,opt_1-opt_21-opt_12-opt_2-opt_29,4,755.117
ip_1,ip_29,ip_1_ip_29_p2,opt_1,opt_29,opt_1-opt_26-opt_12-opt_29,3,785.513
ip_1,ip_29,ip_1_ip_29_p3,opt_1,opt_29,opt_1-opt_26-opt_12-opt_2-opt_29,4,807.745
ip_1,ip_29,ip_1_ip_29_p4,opt_1,opt_29,opt_1-opt_21-opt_26-opt_12-opt_29,4,836.410
ip_1,ip_29,ip_1_ip_29_p5,opt_1,opt_29,opt_1-opt_21-opt_26-opt_12-opt_2-opt_29,5,858.642
ip_1,ip_29,ip_1_ip_29_p6,opt_1,opt_29,opt_1-opt_21-opt_9-opt_3-opt_29,4,869.331
ip_1,ip_29,ip_1_ip_29_p7,opt_1,opt_29,opt_1-opt_26-opt_21-opt_12-opt_29,4,875.602
ip_1,ip_29,ip_1_ip_29_p8,opt_1,opt_29,opt_1-opt_21-opt_9-opt_2-opt_29,4,890.905
ip_1,ip_29,ip_1_ip_29_p9,opt_1,opt_29,opt_1-opt_26-opt_21-opt_12-opt_2-opt_29,5,897.834
ip_1,ip_30,ip_1_ip_30_p0,opt_1,opt_30,opt_1-opt_21-opt_9-opt_27-opt_16-opt_30,5,1057.853
ip_1,ip_30,ip_1_ip_30_p1,opt_1,opt_30,opt_1-opt_21-opt_9-opt_27-opt_4-opt_30,5,1062.507
ip_1,ip_30,ip_1_ip_30_p2,opt_1,opt_30,opt_1-opt_21-opt_9-opt_27-opt_4-opt_16-opt_30,6,1064.874
ip_1,ip_30,ip_1_ip_30_p3,opt_1,opt_30,opt_1-opt_21-opt_9-opt_3-opt_16-opt_30,5,1068.313
ip_1,ip_30,ip_1_ip_30_p4,opt_1,opt_30,opt_1-opt_21-opt_9-opt_3-opt_4-opt_30,5,1071.588
ip_1,ip_30,ip_1_ip_30_p5,opt_1,opt_30,opt_1-opt_21-opt_9-opt_3-opt_4-opt_16-opt_30,6,1073.955
ip_1,ip_30,ip_1_ip_30_p6,opt_1,opt_30,opt_1-opt_21-opt_9-opt_27-opt_13-opt_30,5,1076.559
ip_1,ip_30,ip_1_ip_30_p7,opt_1,opt_30,opt_1-opt_21-opt_9-opt_27-opt_4-opt_13-opt_30,6,1076.572
ip_1,ip_30,ip_1_ip_30_p8,opt_1,opt_30,opt_1-opt_21-opt_9-opt_27-opt_16-opt_13-opt_30,6,1078.312
ip_1,ip_30,ip_1_ip_30_p9,opt_1,opt_30,opt_1-opt_21-opt_9-opt_3-opt_27-opt_16-opt_30,6,1079.939
ip_1,ip_31,ip_1_ip_31_p0,opt_1,opt_31,opt_1-opt_21-opt_12-opt_29-opt_31,4,912.103
ip_1,ip_31,ip_1_ip_31_p1,opt_1,opt_31,opt_1-opt_21-opt_12-opt_29-opt_15-opt_31,5,927.992
ip_1,ip_31,ip_1_ip_31_p2,opt_1,opt_31,opt_1-opt_21-opt_12-opt_2-opt_29-opt_31,5,934.335
ip_1,ip_31,ip_1_ip_31_p3,opt_1,opt_31,opt_1-opt_21-opt_12-opt_2-opt_29-opt_15-opt_31,6,950.224
ip_1,ip_31,ip_1_ip_31_p4,opt_1,opt_31,opt_1-opt_26-opt_12-opt_29-opt_31,4,964.731
ip_1,ip_31,ip_1_ip_31_p5,opt_1,opt_31,opt_1-opt_26-opt_12-opt_29-opt_15-opt_31,5,980.620
ip_1,ip_31,ip_1_ip_31_p6,opt_1,opt_31,opt_1-opt_26-opt_12-opt_2-opt_29-opt_31,5,986.963
ip_1,ip_31,ip_1_ip_31_p7,opt_1,opt_31,opt_1-opt_26-opt_12-opt_2-opt_29-opt_15-opt_31,6,1002.852
ip_1,ip_31,ip_1_ip_31_p8,opt_1,opt_31,opt_1-opt_21-opt_26-opt_12-opt_29-opt_31,5,1015.628
ip_1,ip_31,ip_1_ip_31_p9,opt_1,opt_31,opt_1-opt_21-opt_26-opt_12-opt_29-opt_15-opt_31,6,1031.517
ip_2,ip_3,ip_2_ip_3_p0,opt_2,opt_3,opt_2-opt_3,1,297.744
ip_2,ip_3,ip_2_ip_3_p1,opt_2,opt_3,opt_2-opt_29-opt_3,2,438.082
ip_2,ip_3,ip_2_ip_3_p2,opt_2,opt_3,opt_2-opt_29-opt_27-opt_3,3,497.672
ip_2,ip_3,ip_2_ip_3_p3,opt_2,opt_3,opt_2-opt_9-opt_3,2,505.830
ip_2,ip_3,ip_2_ip_3_p4,opt_2,opt_3,opt_2-opt_12-opt_9-opt_3,3,538.058
ip_2,ip_3,ip_2_ip_3_p5,opt_2,opt_3,opt_2-opt_9-opt_27-opt_3,3,546.814
ip_2,ip_3,ip_2_ip_3_p6,opt_2,opt_3,opt_2-opt_12-opt_9-opt_27-opt_3,4,579.042
ip_2,ip_3,ip_2_ip_3_p7,opt_2,opt_3,opt_2-opt_12-opt_29-opt_3,3,632.740
ip_2,ip_3,ip_2_ip_3_p8,opt_2,opt_3,opt_2-opt_12-opt_29-opt_27-opt_3,4,692.330
ip_2,ip_3,ip_2_ip_3_p9,opt_2,opt_3,opt_2-opt_12-opt_21-opt_9-opt_3,4,743.374
ip_2,ip_4,ip_2_ip_4_p0,opt_2,opt_4,opt_2-opt_3-opt_4,2,565.145
ip_2,ip_4,ip_2_ip_4_p1,opt_2,opt_4,opt_2-opt_3-opt_27-opt_4,3,578.150
ip_2,ip_4,ip_2_ip_4_p2,opt_2,opt_4,opt_2-opt_3-opt_16-opt_4,3,599.639
ip_2,ip_4,ip_2_ip_4_p3,opt_2,opt_4,opt_2-opt_3-opt_27-opt_16-opt_4,4,611.265
ip_2,ip_4,ip_2_ip_4_p4,opt_2,opt_4,opt_2-opt_14-opt_4,2,634.353
ip_2,ip_4,ip_2_ip_4_p5,opt_2,opt_4,opt_2-opt_14-opt_16-opt_4,3,667.238
ip_2,ip_4,ip_2_ip_4_p6,opt_2,opt_4,opt_2-opt_3-opt_14-opt_4,3,703.072
ip_2,ip_4,ip_2_ip_4_p7,opt_2,opt_4,opt_2-opt_29-opt_3-opt_4,3,705.483
ip_2,ip_4,ip_2_ip_4_p8,opt_2,opt_4,opt_2-opt_12-opt_16-opt_4,3,713.302
ip_2,ip_4,ip_2_ip_4_p9,opt_2,opt_4,opt_2-opt_29-opt_27-opt_4,3,715.008
ip_2,ip_5,ip_2_ip_5_p0,opt_2,opt_5,opt_2-opt_3-opt_11-opt_28-opt_5,4,905.660
ip_2,ip_5,ip_2_ip_5_p1,opt_2,opt_5,opt_2-opt_3-opt_27-opt_11-opt_28-opt_5,5,907.292
ip_2,ip_5,ip_2_ip_5_p2,opt_2,opt_5,opt_2-opt_3-opt_27-opt_7-opt_5,4,985.322
ip_2,ip_5,ip_2_ip_5_p3,opt_2,opt_5,opt_2-opt_3-opt_11-opt_7-opt_5,4,987.278
ip_2,ip_5,ip_2_ip_5_p4,opt_2,opt_5,opt_2-opt_3-opt_27-opt_11-opt_7-opt_5,5,988.910
ip_2,ip_5,ip_2_ip_5_p5,opt_2,opt_5,opt_2-opt_29-opt_5,2,1010.010
ip_2,ip_5,ip_2_ip_5_p6,opt_2,opt_5,opt_2-opt_9-opt_25-opt_5,3,1025.590
ip_2,ip_5,ip_2_ip_5_p7,opt_2,opt_5,opt_2-opt_29-opt_27-opt_11-opt_28-opt_5,5,1044.150
ip_2,ip_5,ip_2_ip_5_p8,opt_2,opt_5,opt_2-opt_3-opt_11-opt_25-opt_5,4,1044.595
ip_2,ip_5,ip_2_ip_5_p9,opt_2,opt_5,opt_2-opt_3-opt_27-opt_7-opt_25-opt_5,5,1044.917
ip_2,ip_6,ip_2_ip_6_p0,opt_2,opt_6,opt_2-opt_29-opt_6,2,439.833
ip_2,ip_6,ip_2_ip_6_p1,opt_2,opt_6,opt_2-opt_29-opt_15-opt_6,3,473.919
ip_2,ip_6,ip_2_ip_6_p2,opt_2,opt_6,opt_2-opt_29-opt_31-opt_6,3,504.623
ip_2,ip_6,ip_2_ip_6_p3,opt_2,opt_6,opt_2-opt_29-opt_31-opt_15-opt_6,4,512.158
ip_2,ip_6,ip_2_ip_6_p4,opt_2,opt_6,opt_2-opt_29-opt_15-opt_31-opt_6,4,520.512
ip_2,ip_6,ip_2_ip_6_p5,opt_2,opt_6,opt_2-opt_12-opt_29-opt_6,3,634.491
ip_2,ip_6,ip_2_ip_6_p6,opt_2,opt_6,opt_2-opt_12-opt_29-opt_15-opt_6,4,668.577
ip_2,ip_6,ip_2_ip_6_p7,opt_2,opt_6,opt_2-opt_23-opt_31-opt_6,3,679.039
ip_2,ip_6,ip_2_ip_6_p8,opt_2,opt_6,opt_2-opt_23-opt_31-opt_15-opt_6,4,686.574
ip_2,ip_6,ip_2_ip_6_p9,opt_2,opt_6,opt_2-opt_12-opt_29-opt_31-opt_6,4,699.281
ip_2,ip_7,ip_2_ip_7_p0,opt_2,opt_7,opt_2-opt_3-opt_27-opt_7,3,781.021
ip_2,ip_7,ip_2_ip_7_p1,opt_2,opt_7,opt_2-opt_3-opt_11-opt_7,3,782.977
ip_2,ip_7,ip_2_ip_7_p2,opt_2,opt_7,opt_2-opt_3-opt_27-opt_11-opt_7,4,784.609
ip_2,ip_7,ip_2_ip_7_p3,opt_2,opt_7,opt_2-opt_9-opt_17-opt_20-opt_7,4,863.573
ip_2,ip_7,ip_2_ip_7_p4,opt_2,opt_7,opt_2-opt_9-opt_17-opt_10-opt_7,4,879.614
ip_2,ip_7,ip_2_ip_7_p5,opt_2,opt_7,opt_2-opt_9-opt_17-opt_10-opt_20-opt_7,5,886.648
ip_2,ip_7,ip_2_ip_7_p6,opt_2,opt_7,opt_2-opt_12-opt_9-opt_17-opt_20-opt_7,5,895.801
ip_2,ip_7,ip_2_ip_7_p7,opt_2,opt_7,opt_2-opt_9-opt_19-opt_7,3,902.935
ip_2,ip_7,ip_2_ip_7_p8,opt_2,opt_7,opt_2-opt_9-opt_17-opt_19-opt_7,4,909.074
ip_2,ip_7,ip_2_ip_7_p9,opt_2,opt_7,opt_2-opt_12-opt_9-opt_17-opt_10-opt_7,5,911.842
ip_2,ip_8,ip_2_ip_8_p0,opt_2,opt_8,opt_2-opt_29-opt_6-opt_8,3,697.413
ip_2,ip_8,ip_2_ip_8_p1,opt_2,opt_8,opt_2-opt_29-opt_15-opt_6-opt_8,4,731.499
ip_2,ip_8,ip_2_ip_8_p2,opt_2,opt_8,opt_2-opt_29-opt_31-opt_6-opt_8,4,762.203
ip_2,ip_8,ip_2_ip_8_p3,opt_2,opt_8,opt_2-opt_29-opt_31-opt_15-opt_6-opt_8,5,769.738
ip_2,ip_8,ip_2_ip_8_p4,opt_2,opt_8,opt_2-opt_29-opt_15-opt_31-opt_6-opt_8,5,778.092
ip_2,ip_8,ip_2_ip_8_p5,opt_2,opt_8,opt_2-opt_14-opt_8,2,826.625
ip_2,ip_8,ip_2_ip_8_p6,opt_2,opt_8,opt_2-opt_14-opt_0-opt_8,3,866.330
ip_2,ip_8,ip_2_ip_8_p7,opt_2,opt_8,opt_2-opt_12-opt_29-opt_6-opt_8,4,892.071
ip_2,ip_8,ip_2_ip_8_p8,opt_2,opt_8,opt_2-opt_3-opt_14-opt_8,3,895.344
ip_2,ip_8,ip_2_ip_8_p9,opt_2,opt_8,opt_2-opt_12-opt_29-opt_15-opt_6-opt_8,5,926.157
ip_2,ip_9,ip_2_ip_9_p0,opt_2,opt_9,opt_2-opt_9,1,274.147
ip_2,ip_9,ip_2_ip_9_p1,opt_2,opt_9,opt_2-opt_12-opt_9,2,306.375
ip_2,ip_9,ip_2_ip_9_p2,opt_2,opt_9,opt_2-opt_12-opt_21-opt_9,3,511.691
ip_2,ip_9,ip_2_ip_9_p3,opt_2,opt_9,opt_2-opt_3-opt_9,2,529.427
ip_2,ip_9,ip_2_ip_9_p4,opt_2,opt_9,opt_2-opt_3-opt_27-opt_9,3,570.411
ip_2,ip_9,ip_2_ip_9_p5,opt_2,opt_9,opt_2-opt_12-opt_26-opt_9,3,599.450
ip_2,ip_9,ip_2_ip_9_p6,opt_2,opt_9,opt_2-opt_12-opt_26-opt_21-opt_9,4,615.216
ip_2,ip_9,ip_2_ip_9_p7,opt_2,opt_9,opt_2-opt_29-opt_3-opt_9,3,669.765
ip_2,ip_9,ip_2_ip_9_p8,opt_2,opt_9,opt_2-opt_12-opt_21-opt_26-opt_9,4,689.539
ip_2,ip_9,ip_2_ip_9_p9,opt_2,opt_9,opt_2-opt_29-opt_12-opt_9,3,701.335
ip_2,ip_10,ip_2_ip_10_p0,opt_2,opt_10,opt_2-opt_9-opt_17-opt_10,3,668.399
ip_2,ip_10,ip_2_ip_10_p1,opt_2,opt_10,opt_2-opt_12-opt_9-opt_17-opt_10,4,700.627
ip_2,ip_10,ip_2_ip_10_p2,opt_2,opt_10,opt_2-opt_9-opt_19-opt_10,3,700.694
ip_2,ip_10,ip_2_ip_10_p3,opt_2,opt_10,opt_2-opt_9-opt_17-opt_19-opt_10,4,706.833
ip_2,ip_10,ip_2_ip_10_p4,opt_2,opt_10,opt_2-opt_12-opt_19-opt_10,3,725.703
ip_2,ip_10,ip_2_ip_10_p5,opt_2,opt_10,opt_2-opt_12-opt_9-opt_19-opt_10,4,732.922
ip_2,ip_10,ip_2_ip_10_p6,opt_2,opt_10,opt_2-opt_12-opt_9-opt_17-opt_19-opt_10,5,739.061
ip_2,ip_10,ip_2_ip_10_p7,opt_2,opt_10,opt_2-opt_9-opt_17-opt_20-opt_10,4,803.678
ip_2,ip_10,ip_2_ip_10_p8,opt_2,opt_10,opt_2-opt_12-opt_21-opt_17-opt_10,4,815.121
ip_2,ip_10,ip_2_ip_10_p9,opt_2,opt_10,opt_2-opt_12-opt_9-opt_17-opt_20-opt_10,5,835.906
ip_2,ip_11,ip_2_ip_11_p0,opt_2,opt_11,opt_2-opt_3-opt_11,2,573.591
ip_2,ip_11,ip_2_ip_11_p1,opt_2,opt_11,opt_2-opt_3-opt_27-opt_11,3,575.223
ip_2,ip_11,ip_2_ip_11_p2,opt_2,opt_11,opt_2-opt_29-opt_27-opt_11,3,712.081
ip_2,ip_11,ip_2_ip_11_p3,opt_2,opt_11,opt_2-opt_29-opt_3-opt_11,3,713.929
ip_2,ip_11,ip_2_ip_11_p4,opt_2,opt_11,opt_2-opt_29-opt_3-opt_27-opt_11,4,715.561
ip_2,ip_11,ip_2_ip_11_p5,opt_2,opt_11,opt_2-opt_9-opt_17-opt_11,3,743.652
ip_2,ip_11,ip_2_ip_11_p6,opt_2,opt_11,opt_2-opt_9-opt_27-opt_11,3,761.223
ip_2,ip_11,ip_2_ip_11_p7,opt_2,opt_11,opt_2-opt_29-opt_27-opt_3-opt_11,4,773.519
ip_2,ip_11,ip_2_ip_11_p8,opt_2,opt_11,opt_2-opt_12-opt_9-opt_17-opt_11,4,775.880
ip_2,ip_11,ip_2_ip_11_p9,opt_2,opt_11,opt_2-opt_9-opt_3-opt_11,3,781.677
ip_2,ip_12,ip_2_ip_12_p0,opt_2,opt_12,opt_2-opt_12,1,108.445
ip_2,ip_12,ip_2_ip_12_p1,opt_2,opt_12,opt_2-opt_9-opt_12,2,472.077
ip_2,ip_12,ip_2_ip_12_p2,opt_2,opt_12,opt_2-opt_29-opt_12,2,503.405
ip_2,ip_12,ip_2_ip_12_p3,opt_2,opt_12,opt_2-opt_22-opt_12,2,505.755
ip_2,ip_12,ip_2_ip_12_p4,opt_2,opt_12,opt_2-opt_23-opt_12,2,539.043
ip_2,ip_12,ip_2_ip_12_p5,opt_2,opt_12,opt_2-opt_23-opt_22-opt_12,3,668.319
ip_2,ip_12,ip_2_ip_12_p6,opt_2,opt_12,opt_2-opt_9-opt_21-opt_12,3,677.393
ip_2,ip_12,ip_2_ip_12_p7,opt_2,opt_12,opt_2-opt_3-opt_9-opt_12,3,727.357
ip_2,ip_12,ip_2_ip_12_p8,opt_2,opt_12,opt_2-opt_22-opt_23-opt_12,3,733.043
ip_2,ip_12,ip_2_ip_12_p9,opt_2,opt_12,opt_2-opt_9-opt_26-opt_12,3,765.152
ip_2,ip_13,ip_2_ip_13_p0,opt_2,opt_13,opt_2-opt_14-opt_13,2,648.246
ip_2,ip_13,ip_2_ip_13_p1,opt_2,opt_13,opt_2-opt_3-opt_4-opt_13,3,651.783
ip_2,ip_13,ip_2_ip_13_p2,opt_2,opt_13,opt_2-opt_3-opt_16-opt_13,3,654.902
ip_2,ip_13,ip_2_ip_13_p3,opt_2,opt_13,opt_2-opt_3-opt_4-opt_16-opt_13,4,660.544
ip_2,ip_13,ip_2_ip_13_p4,opt_2,opt_13,opt_2-opt_3-opt_27-opt_13,3,664.775
ip_2,ip_13,ip_2_ip_13_p5,opt_2,opt_13,opt_2-opt_3-opt_27-opt_4-opt_13,4,664.788
ip_2,ip_13,ip_2_ip_13_p6,opt_2,opt_13,opt_2-opt_3-opt_27-opt_16-opt_13,4,666.528
ip_2,ip_13,ip_2_ip_13_p7,opt_2,opt_13,opt_2-opt_3-opt_27-opt_4-opt_16-opt_13,5,673.549
ip_2,ip_13,ip_2_ip_13_p8,opt_2,opt_13,opt_2-opt_3-opt_16-opt_4-opt_13,4,686.277
ip_2,ip_13,ip_2_ip_13_p9,opt_2,opt_13,opt_2-opt_3-opt_27-opt_16-opt_4-opt_13,5,697.903
ip_2,ip_14,ip_2_ip_14_p0,opt_2,opt_14,opt_2-opt_14,1,531.661
ip_2,ip_14,ip_2_ip_14_p1,opt_2,opt_14,opt_2-opt_3-opt_14,2,600.380
ip_2,ip_14,ip_2_ip_14_p2,opt_2,opt_14,opt_2-opt_3-opt_4-opt_14,3,667.837
ip_2,ip_14,ip_2_ip_14_p3,opt_2,opt_14,opt_2-opt_3-opt_27-opt_4-opt_14,4,680.842
ip_2,ip_14,ip_2_ip_14_p4,opt_2,opt_14,opt_2-opt_3-opt_16-opt_14,3,695.080
ip_2,ip_14,ip_2_ip_14_p5,opt_2,opt_14,opt_2-opt_3-opt_4-opt_16-opt_14,4,700.722
ip_2,ip_14,ip_2_ip_14_p6,opt_2,opt_14,opt_2-opt_3-opt_16-opt_4-opt_14,4,702.331
ip_2,ip_14,ip_2_ip_14_p7,opt_2,opt_14,opt_2-opt_3-opt_27-opt_16-opt_14,4,706.706
ip_2,ip_14,ip_2_ip_14_p8,opt_2,opt_14,opt_2-opt_3-opt_27-opt_4-opt_16-opt_14,5,713.727
ip_2,ip_14,ip_2_ip_14_p9,opt_2,opt_14,opt_2-opt_3-opt_27-opt_16-opt_4-opt_14,5,713.957
ip_2,ip_15,ip_2_ip_15_p0,opt_2,opt_15,opt_2-opt_29-opt_15,2,376.639
ip_2,ip_15,ip_2_ip_15_p1,opt_2,opt_15,opt_2-opt_29-opt_31-opt_15,3,414.878
ip_2,ip_15,ip_2_ip_15_p2,opt_2,opt_15,opt_2-opt_29-opt_6-opt_15,3,537.113
ip_2,ip_15,ip_2_ip_15_p3,opt_2,opt_15,opt_2-opt_12-opt_29-opt_15,3,571.297
ip_2,ip_15,ip_2_ip_15_p4,opt_2,opt_15,opt_2-opt_29-opt_6-opt_31-opt_15,4,583.706
ip_2,ip_15,ip_2_ip_15_p5,opt_2,opt_15,opt_2-opt_23-opt_31-opt_15,3,589.294
ip_2,ip_15,ip_2_ip_15_p6,opt_2,opt_15,opt_2-opt_29-opt_31-opt_6-opt_15,4,601.903
ip_2,ip_15,ip_2_ip_15_p7,opt_2,opt_15,opt_2-opt_12-opt_29-opt_31-opt_15,4,609.536
ip_2,ip_15,ip_2_ip_15_p8,opt_2,opt_15,opt_2-opt_3-opt_29-opt_15,3,695.273
ip_2,ip_15,ip_2_ip_15_p9,opt_2,opt_15,opt_2-opt_23-opt_29-opt_15,3,718.475
ip_2,ip_16,ip_2_ip_16_p0,opt_2,opt_16,opt_2-opt_3-opt_16,2,579.571
ip_2,ip_16,ip_2_ip_16_p1,opt_2,opt_16,opt_2-opt_3-opt_4-opt_16,3,585.213
ip_2,ip_16,ip_2_ip_16_p2,opt_2,opt_16,opt_2-opt_3-opt_27-opt_16,3,591.197
ip_2,ip_16,ip_2_ip_16_p3,opt_2,opt_16,opt_2-opt_3-opt_27-opt_4-opt_16,4,598.218
ip_2,ip_16,ip_2_ip_16_p4,opt_2,opt_16,opt_2-opt_14-opt_16,2,647.170
ip_2,ip_16,ip_2_ip_16_p5,opt_2,opt_16,opt_2-opt_14-opt_4-opt_16,3,654.421
ip_2,ip_16,ip_2_ip_16_p6,opt_2,opt_16,opt_2-opt_12-opt_16,2,693.234
ip_2,ip_16,ip_2_ip_16_p7,opt_2,opt_16,opt_2-opt_3-opt_14-opt_16,3,715.889
ip_2,ip_16,ip_2_ip_16_p8,opt_2,opt_16,opt_2-opt_29-opt_3-opt_16,3,719.909
ip_2,ip_16,ip_2_ip_16_p9,opt_2,opt_16,opt_2-opt_3-opt_14-opt_4-opt_16,4,723.140
ip_2,ip_17,ip_2_ip_17_p0,opt_2,opt_17,opt_2-opt_9-opt_17,2,482.915
ip_2,ip_17,ip_2_ip_17_p1,opt_2,opt_17,opt_2-opt_12-opt_9-opt_17,3,515.143
ip_2,ip_17,ip_2_ip_17_p2,opt_2,opt_17,opt_2-opt_12-opt_21-opt_17,3,629.637
ip_2,ip_17,ip_2_ip_17_p3,opt_2,opt_17,opt_2-opt_12-opt_21-opt_9-opt_17,4,720.459
ip_2,ip_17,ip_2_ip_17_p4,opt_2,opt_17,opt_2-opt_12-opt_26-opt_17,3,733.126
ip_2,ip_17,ip_2_ip_17_p5,opt_2,opt_17,opt_2-opt_12-opt_26-opt_21-opt_17,4,733.162
ip_2,ip_17,ip_2_ip_17_p6,opt_2,opt_17,opt_2-opt_3-opt_9-opt_17,3,738.195
ip_2,ip_17,ip_2_ip_17_p7,opt_2,opt_17,opt_2-opt_9-opt_19-opt_17,3,741.384
ip_2,ip_17,ip_2_ip_17_p8,opt_2,opt_17,opt_2-opt_9-opt_21-opt_17,3,765.425
ip_2,ip_17,ip_2_ip_17_p9,opt_2,opt_17,opt_2-opt_12-opt_19-opt_17,3,766.393
ip_2,ip_18,ip_2_ip_18_p0,opt_2,opt_18,opt_2-opt_14-opt_18,2,691.785
ip_2,ip_18,ip_2_ip_18_p1,opt_2,opt_18,opt_2-opt_3-opt_18,2,758.216
ip_2,ip_18,ip_2_ip_18_p2,opt_2,opt_18,opt_2-opt_3-opt_14-opt_18,3,760.504
ip_2,ip_18,ip_2_ip_18_p3,opt_2,opt_18,opt_2-opt_3-opt_4-opt_18,3,779.847
ip_2,ip_18,ip_2_ip_18_p4,opt_2,opt_18,opt_2-opt_3-opt_16-opt_18,3,791.775
ip_2,ip_18,ip_2_ip_18_p5,opt_2,opt_18,opt_2-opt_3-opt_27-opt_4-opt_18,4,792.852
ip_2,ip_18,ip_2_ip_18_p6,opt_2,opt_18,opt_2-opt_14-opt_13-opt_18,3,794.658
ip_2,ip_18,ip_2_ip_18_p7,opt_2,opt_18,opt_2-opt_3-opt_4-opt_16-opt_18,4,797.417
ip_2,ip_18,ip_2_ip_18_p8,opt_2,opt_18,opt_2-opt_3-opt_4-opt_13-opt_18,4,798.195
ip_2,ip_18,ip_2_ip_18_p9,opt_2,opt_18,opt_2-opt_3-opt_16-opt_13-opt_18,4,801.314
ip_2,ip_19,ip_2_ip_19_p0,opt_2,opt_19,opt_2-opt_9-opt_19,2,609.080
ip_2,ip_19,ip_2_ip_19_p1,opt_2,opt_19,opt_2-opt_9-opt_17-opt_19,3,615.219
ip_2,ip_19,ip_2_ip_19_p2,opt_2,opt_19,opt_2-opt_12-opt_19,2,634.089
ip_2,ip_19,ip_2_ip_19_p3,opt_2,opt_19,opt_2-opt_12-opt_9-opt_19,3,641.308
ip_2,ip_19,ip_2_ip_19_p4,opt_2,opt_19,opt_2-opt_12-opt_9-opt_17-opt_19,4,647.447
ip_2,ip_19,ip_2_ip_19_p5,opt_2,opt_19,opt_2-opt_9-opt_17-opt_10-opt_19,4,760.013
ip_2,ip_19,ip_2_ip_19_p6,opt_2,opt_19,opt_2-opt_12-opt_21-opt_17-opt_19,4,761.941
ip_2,ip_19,ip_2_ip_19_p7,opt_2,opt_19,opt_2-opt_12-opt_9-opt_17-opt_10-opt_19,5,792.241
ip_2,ip_19,ip_2_ip_19_p8,opt_2,opt_19,opt_2-opt_12-opt_26-opt_19,3,813.425
ip_2,ip_19,ip_2_ip_19_p9,opt_2,opt_19,opt_2-opt_12-opt_21-opt_9-opt_19,4,846.624
ip_2,ip_20,ip_2_ip_20_p0,opt_2,opt_20,opt_2-opt_9-opt_17-opt_20,3,724.501
ip_2,ip_20,ip_2_ip_20_p1,opt_2,opt_20,opt_2-opt_9-opt_17-opt_10-opt_20,4,747.576
ip_2,ip_20,ip_2_ip_20_p2,opt_2,opt_20,opt_2-opt_12-opt_9-opt_17-opt_20,4,756.729
ip_2,ip_20,ip_2_ip_20_p3,opt_2,opt_20,opt_2-opt_9-opt_19-opt_20,3,779.081
ip_2,ip_20,ip_2_ip_20_p4,opt_2,opt_20,opt_2-opt_12-opt_9-opt_17-opt_10-opt_20,5,779.804
ip_2,ip_20,ip_2_ip_20_p5,opt_2,opt_20,opt_2-opt_9-opt_19-opt_10-opt_20,4,779.871
ip_2,ip_20,ip_2_ip_20_p6,opt_2,opt_20,opt_2-opt_9-opt_17-opt_19-opt_20,4,785.220
ip_2,ip_20,ip_2_ip_20_p7,opt_2,opt_20,opt_2-opt_9-opt_17-opt_19-opt_10-opt_20,5,786.010
ip_2,ip_20,ip_2_ip_20_p8,opt_2,opt_20,opt_2-opt_12-opt_19-opt_20,3,804.090
ip_2,ip_20,ip_2_ip_20_p9,opt_2,opt_20,opt_2-opt_12-opt_19-opt_10-opt_20,4,804.880
ip_2,ip_21,ip_2_ip_21_p0,opt_2,opt_21,opt_2-opt_12-opt_21,2,325.025
ip_2,ip_21,ip_2_ip_21_p1,opt_2,opt_21,opt_2-opt_12-opt_26-opt_21,3,428.550
ip_2,ip_21,ip_2_ip_21_p2,opt_2,opt_21,opt_2-opt_9-opt_21,2,460.813
ip_2,ip_21,ip_2_ip_21_p3,opt_2,opt_21,opt_2-opt_12-opt_9-opt_21,3,493.041
ip_2,ip_21,ip_2_ip_21_p4,opt_2,opt_21,opt_2-opt_9-opt_26-opt_21,3,638.661
ip_2,ip_21,ip_2_ip_21_p5,opt_2,opt_21,opt_2-opt_12-opt_9-opt_26-opt_21,4,670.889
ip_2,ip_21,ip_2_ip_21_p6,opt_2,opt_21,opt_2-opt_9-opt_12-opt_21,3,688.657
ip_2,ip_21,ip_2_ip_21_p7,opt_2,opt_21,opt_2-opt_3-opt_9-opt_21,3,716.093
ip_2,ip_21,ip_2_ip_21_p8,opt_2,opt_21,opt_2-opt_29-opt_12-opt_21,3,719.985
ip_2,ip_21,ip_2_ip_21_p9,opt_2,opt_21,opt_2-opt_22-opt_12-opt_21,3,722.335
ip_2,ip_22,ip_2_ip_22_p0,opt_2,opt_22,opt_2-opt_22,1,244.242
ip_2,ip_22,ip_2_ip_22_p1,opt_2,opt_22,opt_2-opt_12-opt_22,2,369.958
ip_2,ip_22,ip_2_ip_22_p2,opt_2,opt_22,opt_2-opt_23-opt_22,2,406.806
ip_2,ip_22,ip_2_ip_22_p3,opt_2,opt_22,opt_2-opt_12-opt_23-opt_22,3,597.246
ip_2,ip_22,ip_2_ip_22_p4,opt_2,opt_22,opt_2-opt_29-opt_23-opt_22,3,708.786
ip_2,ip_22,ip_2_ip_22_p5,opt_2,opt_22,opt_2-opt_9-opt_12-opt_22,3,733.590
ip_2,ip_22,ip_2_ip_22_p6,opt_2,opt_22,opt_2-opt_29-opt_12-opt_22,3,764.918
ip_2,ip_22,ip_2_ip_22_p7,opt_2,opt_22,opt_2-opt_23-opt_12-opt_22,3,800.556
ip_2,ip_22,ip_2_ip_22_p8,opt_2,opt_22,opt_2-opt_29-opt_31-opt_23-opt_22,4,899.802
ip_2,ip_22,ip_2_ip_22_p9,opt_2,opt_22,opt_2-opt_12-opt_29-opt_23-opt_22,4,903.444
ip_2,ip_23,ip_2_ip_23_p0,opt_2,opt_23,opt_2-opt_23,1,228.524
ip_2,ip_23,ip_2_ip_23_p1,opt_2,opt_23,opt_2-opt_12-opt_23,2,418.964
ip_2,ip_23,ip_2_ip_23_p2,opt_2,opt_23,opt_2-opt_22-opt_23,2,422.524
ip_2,ip_23,ip_2_ip_23_p3,opt_2,opt_23,opt_2-opt_29-opt_23,2,530.504
ip_2,ip_23,ip_2_ip_23_p4,opt_2,opt_23,opt_2-opt_12-opt_22-opt_23,3,548.240
ip_2,ip_23,ip_2_ip_23_p5,opt_2,opt_23,opt_2-opt_29-opt_31-opt_23,3,721.520
ip_2,ip_23,ip_2_ip_23_p6,opt_2,opt_23,opt_2-opt_12-opt_29-opt_23,3,725.162
ip_2,ip_23,ip_2_ip_23_p7,opt_2,opt_23,opt_2-opt_29-opt_15-opt_31-opt_23,4,737.409
ip_2,ip_23,ip_2_ip_23_p8,opt_2,opt_23,opt_2-opt_9-opt_12-opt_23,3,782.596
ip_2,ip_23,ip_2_ip_23_p9,opt_2,opt_23,opt_2-opt_29-opt_12-opt_23,3,813.924
ip_2,ip_24,ip_2_ip_24_p0,opt_2,opt_24,opt_2-opt_9-opt_17-opt_24,3,810.249
ip_2,ip_24,ip_2_ip_24_p1,opt_2,opt_24,opt_2-opt_9-opt_17-opt_20-opt_24,4,811.907
ip_2,ip_24,ip_2_ip_24_p2,opt_2,opt_24,opt_2-opt_9-opt_17-opt_10-opt_24,4,831.116
ip_2,ip_24,ip_2_ip_24_p3,opt_2,opt_24,opt_2-opt_9-opt_17-opt_10-opt_20-opt_24,5,834.982
ip_2,ip_24,ip_2_ip_24_p4,opt_2,opt_24,opt_2-opt_12-opt_9-opt_17-opt_24,4,842.477
ip_2,ip_24,ip_2_ip_24_p5,opt_2,opt_24,opt_2-opt_12-opt_9-opt_17-opt_20-opt_24,5,844.135
ip_2,ip_24,ip_2_ip_24_p6,opt_2,opt_24,opt_2-opt_12-opt_9-opt_17-opt_10-opt_24,5,863.344
ip_2,ip_24,ip_2_ip_24_p7,opt_2,opt_24,opt_2-opt_9-opt_19-opt_24,3,863.377
ip_2,ip_24,ip_2_ip_24_p8,opt_2,opt_24,opt_2-opt_9-opt_19-opt_10-opt_24,4,863.411
ip_2,ip_24,ip_2_ip_24_p9,opt_2,opt_24,opt_2-opt_9-opt_19-opt_20-opt_24,4,866.487
ip_2,ip_25,ip_2_ip_25_p0,opt_2,opt_25,opt_2-opt_9-opt_25,2,843.978
ip_2,ip_25,ip_2_ip_25_p1,opt_2,opt_25,opt_2-opt_3-opt_11-opt_25,3,862.983
ip_2,ip_25,ip_2_ip_25_p2,opt_2,opt_25,opt_2-opt_3-opt_27-opt_7-opt_25,4,863.305
ip_2,ip_25,ip_2_ip_25_p3,opt_2,opt_25,opt_2-opt_3-opt_27-opt_11-opt_25,4,864.615
ip_2,ip_25,ip_2_ip_25_p4,opt_2,opt_25,opt_2-opt_3-opt_11-opt_7-opt_25,4,865.261
ip_2,ip_25,ip_2_ip_25_p5,opt_2,opt_25,opt_2-opt_3-opt_27-opt_11-opt_7-opt_25,5,866.893
ip_2,ip_25,ip_2_ip_25_p6,opt_2,opt_25,opt_2-opt_12-opt_9-opt_25,3,876.206
ip_2,ip_25,ip_2_ip_25_p7,opt_2,opt_25,opt_2-opt_9-opt_17-opt_20-opt_25,4,894.915
ip_2,ip_25,ip_2_ip_25_p8,opt_2,opt_25,opt_2-opt_9-opt_17-opt_24-opt_25,4,910.371
ip_2,ip_25,ip_2_ip_25_p9,opt_2,opt_25,opt_2-opt_9-opt_17-opt_20-opt_24-opt_25,5,912.029
ip_2,ip_26,ip_2_ip_26_p0,opt_2,opt_26,opt_2-opt_12-opt_26,2,331.743
ip_2,ip_26,ip_2_ip_26_p1,opt_2,opt_26,opt_2-opt_12-opt_21-opt_26,3,421.832
ip_2,ip_26,ip_2_ip_26_p2,opt_2,opt_26,opt_2-opt_9-opt_26,2,541.854
ip_2,ip_26,ip_2_ip_26_p3,opt_2,opt_26,opt_2-opt_9-opt_21-opt_26,3,557.620
ip_2,ip_26,ip_2_ip_26_p4,opt_2,opt_26,opt_2-opt_12-opt_9-opt_26,3,574.082
ip_2,ip_26,ip_2_ip_26_p5,opt_2,opt_26,opt_2-opt_12-opt_9-opt_21-opt_26,4,589.848
ip_2,ip_26,ip_2_ip_26_p6,opt_2,opt_26,opt_2-opt_9-opt_12-opt_26,3,695.375
ip_2,ip_26,ip_2_ip_26_p7,opt_2,opt_26,opt_2-opt_29-opt_12-opt_26,3,726.703
ip_2,ip_26,ip_2_ip_26_p8,opt_2,opt_26,opt_2-opt_22-opt_12-opt_26,3,729.053
ip_2,ip_26,ip_2_ip_26_p9,opt_2,opt_26,opt_2-opt_23-opt_12-opt_26,3,762.341
ip_2,ip_27,ip_2_ip_27_p0,opt_2,opt_27,opt_2-opt_3-opt_27,2,329.279
ip_2,ip_27,ip_2_ip_27_p1,opt_2,opt_27,opt_2-opt_29-opt_27,2,466.137
ip_2,ip_27,ip_2_ip_27_p2,opt_2,opt_27,opt_2-opt_29-opt_3-opt_27,3,469.617
ip_2,ip_27,ip_2_ip_27_p3,opt_2,opt_27,opt_2-opt_9-opt_27,2,515.279
ip_2,ip_27,ip_2_ip_27_p4,opt_2,opt_27,opt_2-opt_9-opt_3-opt_27,3,537.365
ip_2,ip_27,ip_2_ip_27_p5,opt_2,opt_27,opt_2-opt_12-opt_9-opt_27,3,547.507
ip_2,ip_27,ip_2_ip_27_p6,opt_2,opt_27,opt_2-opt_12-opt_9-opt_3-opt_27,4,569.593
ip_2,ip_27,ip_2_ip_27_p7,opt_2,opt_27,opt_2-opt_12-opt_29-opt_27,3,660.795
ip_2,ip_27,ip_2_ip_27_p8,opt_2,opt_27,opt_2-opt_12-opt_29-opt_3-opt_27,4,664.275
ip_2,ip_27,ip_2_ip_27_p9,opt_2,opt_27,opt_2-opt_12-opt_21-opt_9-opt_27,4,752.823
ip_2,ip_28,ip_2_ip_28_p0,opt_2,opt_28,opt_2-opt_3-opt_11-opt_28,3,777.791
ip_2,ip_28,ip_2_ip_28_p1,opt_2,opt_28,opt_2-opt_3-opt_27-opt_11-opt_28,4,779.423
ip_2,ip_28,ip_2_ip_28_p2,opt_2,opt_28,opt_2-opt_29-opt_27-opt_11-opt_28,4,916.281
ip_2,ip_28,ip_2_ip_28_p3,opt_2,opt_28,opt_2-opt_29-opt_3-opt_11-opt_28,4,918.129
ip_2,ip_28,ip_2_ip_28_p4,opt_2,opt_28,opt_2-opt_29-opt_3-opt_27-opt_11-opt_28,5,919.761
ip_2,ip_28,ip_2_ip_28_p5,opt_2,opt_28,opt_2-opt_9-opt_17-opt_11-opt_28,4,947.852
ip_2,ip_28,ip_2_ip_28_p6,opt_2,opt_28,opt_2-opt_3-opt_27-opt_7-opt_28,4,957.658
ip_2,ip_28,ip_2_ip_28_p7,opt_2,opt_28,opt_2-opt_3-opt_11-opt_7-opt_28,4,959.614
ip_2,ip_28,ip_2_ip_28_p8,opt_2,opt_28,opt_2-opt_3-opt_27-opt_11-opt_7-opt_28,5,961.246
ip_2,ip_28,ip_2_ip_28_p9,opt_2,opt_28,opt_2-opt_9-opt_27-opt_11-opt_28,4,965.423
ip_2,ip_29,ip_2_ip_29_p0,opt_2,opt_29,opt_2-opt_29,1,208.596
ip_2,ip_29,ip_2_ip_29_p1,opt_2,opt_29,opt_2-opt_12-opt_29,2,403.254
ip_2,ip_29,ip_2_ip_29_p2,opt_2,opt_29,opt_2-opt_3-opt_29,2,527.230
ip_2,ip_29,ip_2_ip_29_p3,opt_2,opt_29,opt_2-opt_23-opt_29,2,550.432
ip_2,ip_29,ip_2_ip_29_p4,opt_2,opt_29,opt_2-opt_3-opt_27-opt_29,3,586.820
ip_2,ip_29,ip_2_ip_29_p5,opt_2,opt_29,opt_2-opt_9-opt_3-opt_29,3,735.316
ip_2,ip_29,ip_2_ip_29_p6,opt_2,opt_29,opt_2-opt_12-opt_23-opt_29,3,740.872
ip_2,ip_29,ip_2_ip_29_p7,opt_2,opt_29,opt_2-opt_23-opt_31-opt_29,3,741.448
ip_2,ip_29,ip_2_ip_29_p8,opt_2,opt_29,opt_2-opt_22-opt_23-opt_29,3,744.432
ip_2,ip_29,ip_2_ip_29_p9,opt_2,opt_29,opt_2-opt_23-opt_31-opt_15-opt_29,4,757.337
ip_2,ip_30,ip_2_ip_30_p0,opt_2,opt_30,opt_2-opt_3-opt_16-opt_30,3,726.212
ip_2,ip_30,ip_2_ip_30_p1,opt_2,opt_30,opt_2-opt_3-opt_4-opt_30,3,729.487
ip_2,ip_30,ip_2_ip_30_p2,opt_2,opt_30,opt_2-opt_3-opt_4-opt_16-opt_30,4,731.854
ip_2,ip_30,ip_2_ip_30_p3,opt_2,opt_30,opt_2-opt_3-opt_27-opt_16-opt_30,4,737.838
ip_2,ip_30,ip_2_ip_30_p4,opt_2,opt_30,opt_2-opt_14-opt_30,2,738.758
ip_2,ip_30,ip_2_ip_30_p5,opt_2,opt_30,opt_2-opt_14-opt_13-opt_30,3,740.015
ip_2,ip_30,ip_2_ip_30_p6,opt_2,opt_30,opt_2-opt_3-opt_27-opt_4-opt_30,4,742.492
ip_2,ip_30,ip_2_ip_30_p7,opt_2,opt_30,opt_2-opt_3-opt_4-opt_13-opt_30,4,743.552
ip_2,ip_30,ip_2_ip_30_p8,opt_2,opt_30,opt_2-opt_3-opt_27-opt_4-opt_16-opt_30,5,744.859
ip_2,ip_30,ip_2_ip_30_p9,opt_2,opt_30,opt_2-opt_3-opt_16-opt_13-opt_30,4,746.671
ip_2,ip_31,ip_2_ip_31_p0,opt_2,opt_31,opt_2-opt_29-opt_31,2,387.814
ip_2,ip_31,ip_2_ip_31_p1,opt_2,opt_31,opt_2-opt_29-opt_15-opt_31,3,403.703
ip_2,ip_31,ip_2_ip_31_p2,opt_2,opt_31,opt_2-opt_29-opt_6-opt_31,3,556.642
ip_2,ip_31,ip_2_ip_31_p3,opt_2,opt_31,opt_2-opt_23-opt_31,2,562.230
ip_2,ip_31,ip_2_ip_31_p4,opt_2,opt_31,opt_2-opt_29-opt_6-opt_15-opt_31,4,564.177
ip_2,ip_31,ip_2_ip_31_p5,opt_2,opt_31,opt_2-opt_12-opt_29-opt_31,3,582.472
ip_2,ip_31,ip_2_ip_31_p6,opt_2,opt_31,opt_2-opt_29-opt_15-opt_6-opt_31,4,590.728
ip_2,ip_31,ip_2_ip_31_p7,opt_2,opt_31,opt_2-opt_12-opt_29-opt_15-opt_31,4,598.361
ip_2,ip_31,ip_2_ip_31_p8,opt_2,opt_31,opt_2-opt_3-opt_29-opt_31,3,706.448
ip_2,ip_31,ip_2_ip_31_p9,opt_2,opt_31,opt_2-opt_3-opt_29-opt_15-opt_31,4,722.337
ip_3,ip_4,ip_3_ip_4_p0,opt_3,opt_4,opt_3-opt_4,1,267.401
ip_3,ip_4,ip_3_ip_4_p1,opt_3,opt_4,opt_3-opt_27-opt_4,2,280.406
ip_3,ip_4,ip_3_ip_4_p2,opt_3,opt_4,opt_3-opt_16-opt_4,2,301.895
ip_3,ip_4,ip_3_ip_4_p3,opt_3,opt_4,opt_3-opt_27-opt_16-opt_4,3,313.521
ip_3,ip_4,ip_3_ip_4_p4,opt_3,opt_4,opt_3-opt_14-opt_4,2,405.328
ip_3,ip_4,ip_3_ip_4_p5,opt_3,opt_4,opt_3-opt_14-opt_16-opt_4,3,438.213
ip_3,ip_4,ip_3_ip_4_p6,opt_3,opt_4,opt_3-opt_16-opt_13-opt_4,3,443.796
ip_3,ip_4,ip_3_ip_4_p7,opt_3,opt_4,opt_3-opt_27-opt_13-opt_4,3,453.669
ip_3,ip_4,ip_3_ip_4_p8,opt_3,opt_4,opt_3-opt_27-opt_16-opt_13-opt_4,4,455.422
ip_3,ip_4,ip_3_ip_4_p9,opt_3,opt_4,opt_3-opt_27-opt_13-opt_16-opt_4,4,462.430
ip_3,ip_5,ip_3_ip_5_p0,opt_3,opt_5,opt_3-opt_11-opt_28-opt_5,3,607.916
ip_3,ip_5,ip_3_ip_5_p1,opt_3,opt_5,opt_3-opt_27-opt_11-opt_28-opt_5,4,609.548
ip_3,ip_5,ip_3_ip_5_p2,opt_3,opt_5,opt_3-opt_27-opt_7-opt_5,3,687.578
ip_3,ip_5,ip_3_ip_5_p3,opt_3,opt_5,opt_3-opt_11-opt_7-opt_5,3,689.534
ip_3,ip_5,ip_3_ip_5_p4,opt_3,opt_5,opt_3-opt_27-opt_11-opt_7-opt_5,4,691.166
ip_3,ip_5,ip_3_ip_5_p5,opt_3,opt_5,opt_3-opt_11-opt_25-opt_5,3,746.851
ip_3,ip_5,ip_3_ip_5_p6,opt_3,opt_5,opt_3-opt_27-opt_7-opt_25-opt_5,4,747.173
ip_3,ip_5,ip_3_ip_5_p7,opt_3,opt_5,opt_3-opt_27-opt_11-opt_25-opt_5,4,748.483
ip_3,ip_5,ip_3_ip_5_p8,opt_3,opt_5,opt_3-opt_11-opt_7-opt_25-opt_5,4,749.129
ip_3,ip_5,ip_3_ip_5_p9,opt_3,opt_5,opt_3-opt_27-opt_11-opt_7-opt_25-opt_5,5,750.761
ip_3,ip_6,ip_3_ip_6_p0,opt_3,opt_6,opt_3-opt_29-opt_6,2,460.723
ip_3,ip_6,ip_3_ip_6_p1,opt_3,opt_6,opt_3-opt_29-opt_15-opt_6,3,494.809
ip_3,ip_6,ip_3_ip_6_p2,opt_3,opt_6,opt_3-opt_27-opt_29-opt_6,3,520.313
ip_3,ip_6,ip_3_ip_6_p3,opt_3,opt_6,opt_3-opt_29-opt_31-opt_6,3,525.513
ip_3,ip_6,ip_3_ip_6_p4,opt_3,opt_6,opt_3-opt_29-opt_31-opt_15-opt_6,4,533.048
ip_3,ip_6,ip_3_ip_6_p5,opt_3,opt_6,opt_3-opt_29-opt_15-opt_31-opt_6,4,541.402
ip_3,ip_6,ip_3_ip_6_p6,opt_3,opt_6,opt_3-opt_27-opt_29-opt_15-opt_6,4,554.399
ip_3,ip_6,ip_3_ip_6_p7,opt_3,opt_6,opt_3-opt_27-opt_29-opt_31-opt_6,4,585.103
ip_3,ip_6,ip_3_ip_6_p8,opt_3,opt_6,opt_3-opt_27-opt_29-opt_31-opt_15-opt_6,5,592.638
ip_3,ip_6,ip_3_ip_6_p9,opt_3,opt_6,opt_3-opt_27-opt_29-opt_15-opt_31-opt_6,5,600.992
ip_3,ip_7,ip_3_ip_7_p0,opt_3,opt_7,opt_3-opt_27-opt_7,2,483.277
ip_3,ip_7,ip_3_ip_7_p1,opt_3,opt_7,opt_3-opt_11-opt_7,2,485.233
ip_3,ip_7,ip_3_ip_7_p2,opt_3,opt_7,opt_3-opt_27-opt_11-opt_7,3,486.865
ip_3,ip_7,ip_3_ip_7_p3,opt_3,opt_7,opt_3-opt_11-opt_25-opt_7,3,647.523
ip_3,ip_7,ip_3_ip_7_p4,opt_3,opt_7,opt_3-opt_27-opt_11-opt_25-opt_7,4,649.155
ip_3,ip_7,ip_3_ip_7_p5,opt_3,opt_7,opt_3-opt_11-opt_28-opt_7,3,656.684
ip_3,ip_7,ip_3_ip_7_p6,opt_3,opt_7,opt_3-opt_27-opt_11-opt_28-opt_7,4,658.316
ip_3,ip_7,ip_3_ip_7_p7,opt_3,opt_7,opt_3-opt_11-opt_20-opt_7,3,683.008
ip_3,ip_7,ip_3_ip_7_p8,opt_3,opt_7,opt_3-opt_27-opt_11-opt_20-opt_7,4,684.640
ip_3,ip_7,ip_3_ip_7_p9,opt_3,opt_7,opt_3-opt_11-opt_24-opt_7,3,693.841
ip_3,ip_8,ip_3_ip_8_p0,opt_3,opt_8,opt_3-opt_14-opt_8,2,597.600
ip_3,ip_8,ip_3_ip_8_p1,opt_3,opt_8,opt_3-opt_14-opt_0-opt_8,3,637.305
ip_3,ip_8,ip_3_ip_8_p2,opt_3,opt_8,opt_3-opt_4-opt_14-opt_8,3,665.057
ip_3,ip_8,ip_3_ip_8_p3,opt_3,opt_8,opt_3-opt_27-opt_4-opt_14-opt_8,4,678.062
ip_3,ip_8,ip_3_ip_8_p4,opt_3,opt_8,opt_3-opt_16-opt_14-opt_8,3,692.300
ip_3,ip_8,ip_3_ip_8_p5,opt_3,opt_8,opt_3-opt_4-opt_16-opt_14-opt_8,4,697.942
ip_3,ip_8,ip_3_ip_8_p6,opt_3,opt_8,opt_3-opt_16-opt_4-opt_14-opt_8,4,699.551
ip_3,ip_8,ip_3_ip_8_p7,opt_3,opt_8,opt_3-opt_27-opt_16-opt_14-opt_8,4,703.926
ip_3,ip_8,ip_3_ip_8_p8,opt_3,opt_8,opt_3-opt_4-opt_14-opt_0-opt_8,4,704.762
ip_3,ip_8,ip_3_ip_8_p9,opt_3,opt_8,opt_3-opt_27-opt_4-opt_16-opt_14-opt_8,5,710.947
ip_3,ip_9,ip_3_ip_9_p0,opt_3,opt_9,opt_3-opt_9,1,231.683
ip_3,ip_9,ip_3_ip_9_p1,opt_3,opt_9,opt_3-opt_27-opt_9,2,272.667
ip_3,ip_9,ip_3_ip_9_p2,opt_3,opt_9,opt_3-opt_2-opt_9,2,571.891
ip_3,ip_9,ip_3_ip_9_p3,opt_3,opt_9,opt_3-opt_2-opt_12-opt_9,3,604.119
ip_3,ip_9,ip_3_ip_9_p4,opt_3,opt_9,opt_3-opt_29-opt_2-opt_9,3,712.229
ip_3,ip_9,ip_3_ip_9_p5,opt_3,opt_9,opt_3-opt_29-opt_12-opt_9,3,722.225
ip_3,ip_9,ip_3_ip_9_p6,opt_3,opt_9,opt_3-opt_29-opt_27-opt_9,3,728.159
ip_3,ip_9,ip_3_ip_9_p7,opt_3,opt_9,opt_3-opt_29-opt_2-opt_12-opt_9,4,744.457
ip_3,ip_9,ip_3_ip_9_p8,opt_3,opt_9,opt_3-opt_11-opt_17-opt_9,3,745.352
ip_3,ip_9,ip_3_ip_9_p9,opt_3,opt_9,opt_3-opt_27-opt_11-opt_17-opt_9,4,746.984
ip_3,ip_10,ip_3_ip_10_p0,opt_3,opt_10,opt_3-opt_11-opt_10,2,567.115
ip_3,ip_10,ip_3_ip_10_p1,opt_3,opt_10,opt_3-opt_27-opt_11-opt_10,3,568.747
ip_3,ip_10,ip_3_ip_10_p2,opt_3,opt_10,opt_3-opt_11-opt_20-opt_10,3,623.113
ip_3,ip_10,ip_3_ip_10_p3,opt_3,opt_10,opt_3-opt_27-opt_11-opt_20-opt_10,4,624.745
ip_3,ip_10,ip_3_ip_10_p4,opt_3,opt_10,opt_3-opt_9-opt_17-opt_10,3,625.935
ip_3,ip_10,ip_3_ip_10_p5,opt_3,opt_10,opt_3-opt_9-opt_19-opt_10,3,658.230
ip_3,ip_10,ip_3_ip_10_p6,opt_3,opt_10,opt_3-opt_9-opt_17-opt_19-opt_10,4,664.369
ip_3,ip_10,ip_3_ip_10_p7,opt_3,opt_10,opt_3-opt_27-opt_9-opt_17-opt_10,4,666.919
ip_3,ip_10,ip_3_ip_10_p8,opt_3,opt_10,opt_3-opt_27-opt_7-opt_10,3,694.492
ip_3,ip_10,ip_3_ip_10_p9,opt_3,opt_10,opt_3-opt_11-opt_7-opt_10,3,696.448
ip_3,ip_11,ip_3_ip_11_p0,opt_3,opt_11,opt_3-opt_11,1,275.847
ip_3,ip_11,ip_3_ip_11_p1,opt_3,opt_11,opt_3-opt_27-opt_11,2,277.479
ip_3,ip_11,ip_3_ip_11_p2,opt_3,opt_11,opt_3-opt_27-opt_7-opt_11,3,692.663
ip_3,ip_11,ip_3_ip_11_p3,opt_3,opt_11,opt_3-opt_9-opt_17-opt_11,3,701.188
ip_3,ip_11,ip_3_ip_11_p4,opt_3,opt_11,opt_3-opt_9-opt_27-opt_11,3,718.759
ip_3,ip_11,ip_3_ip_11_p5,opt_3,opt_11,opt_3-opt_29-opt_27-opt_11,3,732.971
ip_3,ip_11,ip_3_ip_11_p6,opt_3,opt_11,opt_3-opt_27-opt_9-opt_17-opt_11,4,742.172
ip_3,ip_11,ip_3_ip_11_p7,opt_3,opt_11,opt_3-opt_4-opt_27-opt_11,3,762.216
ip_3,ip_11,ip_3_ip_11_p8,opt_3,opt_11,opt_3-opt_16-opt_27-opt_11,3,789.689
ip_3,ip_11,ip_3_ip_11_p9,opt_3,opt_11,opt_3-opt_4-opt_16-opt_27-opt_11,4,795.331
ip_3,ip_12,ip_3_ip_12_p0,opt_3,opt_12,opt_3-opt_2-opt_12,2,406.189
ip_3,ip_12,ip_3_ip_12_p1,opt_3,opt_12,opt_3-opt_9-opt_12,2,429.613
ip_3,ip_12,ip_3_ip_12_p2,opt_3,opt_12,opt_3-opt_27-opt_9-opt_12,3,470.597
ip_3,ip_12,ip_3_ip_12_p3,opt_3,opt_12,opt_3-opt_29-opt_12,2,524.295
ip_3,ip_12,ip_3_ip_12_p4,opt_3,opt_12,opt_3-opt_29-opt_2-opt_12,3,546.527
ip_3,ip_12,ip_3_ip_12_p5,opt_3,opt_12,opt_3-opt_27-opt_29-opt_12,3,583.885
ip_3,ip_12,ip_3_ip_12_p6,opt_3,opt_12,opt_3-opt_27-opt_29-opt_2-opt_12,4,606.117
ip_3,ip_12,ip_3_ip_12_p7,opt_3,opt_12,opt_3-opt_9-opt_2-opt_12,3,614.275
ip_3,ip_12,ip_3_ip_12_p8,opt_3,opt_12,opt_3-opt_9-opt_21-opt_12,3,634.929
ip_3,ip_12,ip_3_ip_12_p9,opt_3,opt_12,opt_3-opt_27-opt_9-opt_2-opt_12,4,655.259
ip_3,ip_13,ip_3_ip_13_p0,opt_3,opt_13,opt_3-opt_4-opt_13,2,354.039
ip_3,ip_13,ip_3_ip_13_p1,opt_3,opt_13,opt_3-opt_16-opt_13,2,357.158
ip_3,ip_13,ip_3_ip_13_p2,opt_3,opt_13,opt_3-opt_4-opt_16-opt_13,3,362.800
ip_3,ip_13,ip_3_ip_13_p3,opt_3,opt_13,opt_3-opt_27-opt_13,2,367.031
ip_3,ip_13,ip_3_ip_13_p4,opt_3,opt_13,opt_3-opt_27-opt_4-opt_13,3,367.044
ip_3,ip_13,ip_3_ip_13_p5,opt_3,opt_13,opt_3-opt_27-opt_16-opt_13,3,368.784
ip_3,ip_13,ip_3_ip_13_p6,opt_3,opt_13,opt_3-opt_27-opt_4-opt_16-opt_13,4,375.805
ip_3,ip_13,ip_3_ip_13_p7,opt_3,opt_13,opt_3-opt_16-opt_4-opt_13,3,388.533
ip_3,ip_13,ip_3_ip_13_p8,opt_3,opt_13,opt_3-opt_27-opt_16-opt_4-opt_13,4,400.159
ip_3,ip_13,ip_3_ip_13_p9,opt_3,opt_13,opt_3-opt_14-opt_13,2,419.221
ip_3,ip_14,ip_3_ip_14_p0,opt_3,opt_14,opt_3-opt_14,1,302.636
ip_3,ip_14,ip_3_ip_14_p1,opt_3,opt_14,opt_3-opt_4-opt_14,2,370.093
ip_3,ip_14,ip_3_ip_14_p2,opt_3,opt_14,opt_3-opt_27-opt_4-opt_14,3,383.098
ip_3,ip_14,ip_3_ip_14_p3,opt_3,opt_14,opt_3-opt_16-opt_14,2,397.336
ip_3,ip_14,ip_3_ip_14_p4,opt_3,opt_14,opt_3-opt_4-opt_16-opt_14,3,402.978
ip_3,ip_14,ip_3_ip_14_p5,opt_3,opt_14,opt_3-opt_16-opt_4-opt_14,3,404.587
ip_3,ip_14,ip_3_ip_14_p6,opt_3,opt_14,opt_3-opt_27-opt_16-opt_14,3,408.962
ip_3,ip_14,ip_3_ip_14_p7,opt_3,opt_14,opt_3-opt_27-opt_4-opt_16-opt_14,4,415.983
ip_3,ip_14,ip_3_ip_14_p8,opt_3,opt_14,opt_3-opt_27-opt_16-opt_4-opt_14,4,416.213
ip_3,ip_14,ip_3_ip_14_p9,opt_3,opt_14,opt_3-opt_4-opt_13-opt_14,3,470.624
ip_3,ip_15,ip_3_ip_15_p0,opt_3,opt_15,opt_3-opt_29-opt_15,2,397.529
ip_3,ip_15,ip_3_ip_15_p1,opt_3,opt_15,opt_3-opt_29-opt_31-opt_15,3,435.768
ip_3,ip_15,ip_3_ip_15_p2,opt_3,opt_15,opt_3-opt_27-opt_29-opt_15,3,457.119
ip_3,ip_15,ip_3_ip_15_p3,opt_3,opt_15,opt_3-opt_27-opt_29-opt_31-opt_15,4,495.358
ip_3,ip_15,ip_3_ip_15_p4,opt_3,opt_15,opt_3-opt_29-opt_6-opt_15,3,558.003
ip_3,ip_15,ip_3_ip_15_p5,opt_3,opt_15,opt_3-opt_29-opt_6-opt_31-opt_15,4,604.596
ip_3,ip_15,ip_3_ip_15_p6,opt_3,opt_15,opt_3-opt_27-opt_29-opt_6-opt_15,4,617.593
ip_3,ip_15,ip_3_ip_15_p7,opt_3,opt_15,opt_3-opt_29-opt_31-opt_6-opt_15,4,622.793
ip_3,ip_15,ip_3_ip_15_p8,opt_3,opt_15,opt_3-opt_27-opt_29-opt_6-opt_31-opt_15,5,664.186
ip_3,ip_15,ip_3_ip_15_p9,opt_3,opt_15,opt_3-opt_2-opt_29-opt_15,3,674.383
ip_3,ip_16,ip_3_ip_16_p0,opt_3,opt_16,opt_3-opt_16,1,281.827
ip_3,ip_16,ip_3_ip_16_p1,opt_3,opt_16,opt_3-opt_4-opt_16,2,287.469
ip_3,ip_16,ip_3_ip_16_p2,opt_3,opt_16,opt_3-opt_27-opt_16,2,293.453
ip_3,ip_16,ip_3_ip_16_p3,opt_3,opt_16,opt_3-opt_27-opt_4-opt_16,3,300.474
ip_3,ip_16,ip_3_ip_16_p4,opt_3,opt_16,opt_3-opt_14-opt_16,2,418.145
ip_3,ip_16,ip_3_ip_16_p5,opt_3,opt_16,opt_3-opt_14-opt_4-opt_16,3,425.396
ip_3,ip_16,ip_3_ip_16_p6,opt_3,opt_16,opt_3-opt_4-opt_13-opt_16,3,429.370
ip_3,ip_16,ip_3_ip_16_p7,opt_3,opt_16,opt_3-opt_27-opt_13-opt_16,3,442.362
ip_3,ip_16,ip_3_ip_16_p8,opt_3,opt_16,opt_3-opt_27-opt_4-opt_13-opt_16,4,442.375
ip_3,ip_16,ip_3_ip_16_p9,opt_3,opt_16,opt_3-opt_27-opt_13-opt_4-opt_16,4,473.737
ip_3,ip_17,ip_3_ip_17_p0,opt_3,opt_17,opt_3-opt_9-opt_17,2,440.451
ip_3,ip_17,ip_3_ip_17_p1,opt_3,opt_17,opt_3-opt_27-opt_9-opt_17,3,481.435
ip_3,ip_17,ip_3_ip_17_p2,opt_3,opt_17,opt_3-opt_11-opt_17,2,536.584
ip_3,ip_17,ip_3_ip_17_p3,opt_3,opt_17,opt_3-opt_27-opt_11-opt_17,3,538.216
ip_3,ip_17,ip_3_ip_17_p4,opt_3,opt_17,opt_3-opt_9-opt_19-opt_17,3,698.920
ip_3,ip_17,ip_3_ip_17_p5,opt_3,opt_17,opt_3-opt_9-opt_21-opt_17,3,722.961
ip_3,ip_17,ip_3_ip_17_p6,opt_3,opt_17,opt_3-opt_27-opt_9-opt_19-opt_17,4,739.904
ip_3,ip_17,ip_3_ip_17_p7,opt_3,opt_17,opt_3-opt_11-opt_10-opt_17,3,752.599
ip_3,ip_17,ip_3_ip_17_p8,opt_3,opt_17,opt_3-opt_27-opt_11-opt_10-opt_17,4,754.231
ip_3,ip_17,ip_3_ip_17_p9,opt_3,opt_17,opt_3-opt_27-opt_9-opt_21-opt_17,4,763.945
ip_3,ip_18,ip_3_ip_18_p0,opt_3,opt_18,opt_3-opt_18,1,460.472
ip_3,ip_18,ip_3_ip_18_p1,opt_3,opt_18,opt_3-opt_14-opt_18,2,462.760
ip_3,ip_18,ip_3_ip_18_p2,opt_3,opt_18,opt_3-opt_4-opt_18,2,482.103
ip_3,ip_18,ip_3_ip_18_p3,opt_3,opt_18,opt_3-opt_16-opt_18,2,494.031
ip_3,ip_18,ip_3_ip_18_p4,opt_3,opt_18,opt_3-opt_27-opt_4-opt_18,3,495.108
ip_3,ip_18,ip_3_ip_18_p5,opt_3,opt_18,opt_3-opt_4-opt_16-opt_18,3,499.673
ip_3,ip_18,ip_3_ip_18_p6,opt_3,opt_18,opt_3-opt_4-opt_13-opt_18,3,500.451
ip_3,ip_18,ip_3_ip_18_p7,opt_3,opt_18,opt_3-opt_16-opt_13-opt_18,3,503.570
ip_3,ip_18,ip_3_ip_18_p8,opt_3,opt_18,opt_3-opt_27-opt_16-opt_18,3,505.657
ip_3,ip_18,ip_3_ip_18_p9,opt_3,opt_18,opt_3-opt_4-opt_16-opt_13-opt_18,4,509.212
ip_3,ip_19,ip_3_ip_19_p0,opt_3,opt_19,opt_3-opt_9-opt_19,2,566.616
ip_3,ip_19,ip_3_ip_19_p1,opt_3,opt_19,opt_3-opt_9-opt_17-opt_19,3,572.755
ip_3,ip_19,ip_3_ip_19_p2,opt_3,opt_19,opt_3-opt_27-opt_9-opt_19,3,607.600
ip_3,ip_19,ip_3_ip_19_p3,opt_3,opt_19,opt_3-opt_27-opt_9-opt_17-opt_19,4,613.739
ip_3,ip_19,ip_3_ip_19_p4,opt_3,opt_19,opt_3-opt_11-opt_10-opt_19,3,658.729
ip_3,ip_19,ip_3_ip_19_p5,opt_3,opt_19,opt_3-opt_27-opt_11-opt_10-opt_19,4,660.361
ip_3,ip_19,ip_3_ip_19_p6,opt_3,opt_19,opt_3-opt_11-opt_17-opt_19,3,668.888
ip_3,ip_19,ip_3_ip_19_p7,opt_3,opt_19,opt_3-opt_27-opt_11-opt_17-opt_19,4,670.520
ip_3,ip_19,ip_3_ip_19_p8,opt_3,opt_19,opt_3-opt_11-opt_20-opt_19,3,713.937
ip_3,ip_19,ip_3_ip_19_p9,opt_3,opt_19,opt_3-opt_11-opt_20-opt_10-opt_19,4,714.727
ip_3,ip_20,ip_3_ip_20_p0,opt_3,opt_20,opt_3-opt_11-opt_20,2,543.936
ip_3,ip_20,ip_3_ip_20_p1,opt_3,opt_20,opt_3-opt_27-opt_11-opt_20,3,545.568
ip_3,ip_20,ip_3_ip_20_p2,opt_3,opt_20,opt_3-opt_27-opt_7-opt_20,3,622.349
ip_3,ip_20,ip_3_ip_20_p3,opt_3,opt_20,opt_3-opt_11-opt_7-opt_20,3,624.305
ip_3,ip_20,ip_3_ip_20_p4,opt_3,opt_20,opt_3-opt_27-opt_11-opt_7-opt_20,4,625.937
ip_3,ip_20,ip_3_ip_20_p5,opt_3,opt_20,opt_3-opt_11-opt_10-opt_20,3,646.292
ip_3,ip_20,ip_3_ip_20_p6,opt_3,opt_20,opt_3-opt_27-opt_11-opt_10-opt_20,4,647.924
ip_3,ip_20,ip_3_ip_20_p7,opt_3,opt_20,opt_3-opt_11-opt_24-opt_20,3,666.873
ip_3,ip_20,ip_3_ip_20_p8,opt_3,opt_20,opt_3-opt_27-opt_11-opt_24-opt_20,4,668.505
ip_3,ip_20,ip_3_ip_20_p9,opt_3,opt_20,opt_3-opt_9-opt_17-opt_20,3,682.037
ip_3,ip_21,ip_3_ip_21_p0,opt_3,opt_21,opt_3-opt_9-opt_21,2,418.349
ip_3,ip_21,ip_3_ip_21_p1,opt_3,opt_21,opt_3-opt_27-opt_9-opt_21,3,459.333
ip_3,ip_21,ip_3_ip_21_p2,opt_3,opt_21,opt_3-opt_9-opt_26-opt_21,3,596.197
ip_3,ip_21,ip_3_ip_21_p3,opt_3,opt_21,opt_3-opt_2-opt_12-opt_21,3,622.769
ip_3,ip_21,ip_3_ip_21_p4,opt_3,opt_21,opt_3-opt_27-opt_9-opt_26-opt_21,4,637.181
ip_3,ip_21,ip_3_ip_21_p5,opt_3,opt_21,opt_3-opt_9-opt_12-opt_21,3,646.193
ip_3,ip_21,ip_3_ip_21_p6,opt_3,opt_21,opt_3-opt_27-opt_9-opt_12-opt_21,4,687.177
ip_3,ip_21,ip_3_ip_21_p7,opt_3,opt_21,opt_3-opt_2-opt_12-opt_26-opt_21,4,726.294
ip_3,ip_21,ip_3_ip_21_p8,opt_3,opt_21,opt_3-opt_29-opt_12-opt_21,3,740.875
ip_3,ip_21,ip_3_ip_21_p9,opt_3,opt_21,opt_3-opt_9-opt_17-opt_21,3,745.063
ip_3,ip_22,ip_3_ip_22_p0,opt_3,opt_22,opt_3-opt_2-opt_22,2,541.986
ip_3,ip_22,ip_3_ip_22_p1,opt_3,opt_22,opt_3-opt_2-opt_12-opt_22,3,667.702
ip_3,ip_22,ip_3_ip_22_p2,opt_3,opt_22,opt_3-opt_29-opt_2-opt_22,3,682.324
ip_3,ip_22,ip_3_ip_22_p3,opt_3,opt_22,opt_3-opt_9-opt_12-opt_22,3,691.126
ip_3,ip_22,ip_3_ip_22_p4,opt_3,opt_22,opt_3-opt_2-opt_23-opt_22,3,704.550
ip_3,ip_22,ip_3_ip_22_p5,opt_3,opt_22,opt_3-opt_29-opt_23-opt_22,3,729.676
ip_3,ip_22,ip_3_ip_22_p6,opt_3,opt_22,opt_3-opt_27-opt_9-opt_12-opt_22,4,732.110
ip_3,ip_22,ip_3_ip_22_p7,opt_3,opt_22,opt_3-opt_27-opt_29-opt_2-opt_22,4,741.914
ip_3,ip_22,ip_3_ip_22_p8,opt_3,opt_22,opt_3-opt_27-opt_23-opt_22,3,743.631
ip_3,ip_22,ip_3_ip_22_p9,opt_3,opt_22,opt_3-opt_9-opt_2-opt_22,3,750.072
ip_3,ip_23,ip_3_ip_23_p0,opt_3,opt_23,opt_3-opt_2-opt_23,2,526.268
ip_3,ip_23,ip_3_ip_23_p1,opt_3,opt_23,opt_3-opt_29-opt_23,2,551.394
ip_3,ip_23,ip_3_ip_23_p2,opt_3,opt_23,opt_3-opt_27-opt_23,2,565.349
ip_3,ip_23,ip_3_ip_23_p3,opt_3,opt_23,opt_3-opt_27-opt_29-opt_23,3,610.984
ip_3,ip_23,ip_3_ip_23_p4,opt_3,opt_23,opt_3-opt_29-opt_2-opt_23,3,666.606
ip_3,ip_23,ip_3_ip_23_p5,opt_3,opt_23,opt_3-opt_2-opt_12-opt_23,3,716.708
ip_3,ip_23,ip_3_ip_23_p6,opt_3,opt_23,opt_3-opt_2-opt_22-opt_23,3,720.268
ip_3,ip_23,ip_3_ip_23_p7,opt_3,opt_23,opt_3-opt_27-opt_29-opt_2-opt_23,4,726.196
ip_3,ip_23,ip_3_ip_23_p8,opt_3,opt_23,opt_3-opt_9-opt_2-opt_23,3,734.354
ip_3,ip_23,ip_3_ip_23_p9,opt_3,opt_23,opt_3-opt_9-opt_12-opt_23,3,740.132
ip_3,ip_24,ip_3_ip_24_p0,opt_3,opt_24,opt_3-opt_11-opt_24,2,579.467
ip_3,ip_24,ip_3_ip_24_p1,opt_3,opt_24,opt_3-opt_27-opt_11-opt_24,3,581.099
ip_3,ip_24,ip_3_ip_24_p2,opt_3,opt_24,opt_3-opt_27-opt_7-opt_24,3,597.651
ip_3,ip_24,ip_3_ip_24_p3,opt_3,opt_24,opt_3-opt_11-opt_7-opt_24,3,599.607
ip_3,ip_24,ip_3_ip_24_p4,opt_3,opt_24,opt_3-opt_27-opt_11-opt_7-opt_24,4,601.239
ip_3,ip_24,ip_3_ip_24_p5,opt_3,opt_24,opt_3-opt_11-opt_20-opt_24,3,631.342
ip_3,ip_24,ip_3_ip_24_p6,opt_3,opt_24,opt_3-opt_27-opt_11-opt_20-opt_24,4,632.974
ip_3,ip_24,ip_3_ip_24_p7,opt_3,opt_24,opt_3-opt_11-opt_25-opt_24,3,665.361
ip_3,ip_24,ip_3_ip_24_p8,opt_3,opt_24,opt_3-opt_27-opt_7-opt_25-opt_24,4,665.683
ip_3,ip_24,ip_3_ip_24_p9,opt_3,opt_24,opt_3-opt_27-opt_11-opt_25-opt_24,4,666.993
ip_3,ip_25,ip_3_ip_25_p0,opt_3,opt_25,opt_3-opt_11-opt_25,2,565.239
ip_3,ip_25,ip_3_ip_25_p1,opt_3,opt_25,opt_3-opt_27-opt_7-opt_25,3,565.561
ip_3,ip_25,ip_3_ip_25_p2,opt_3,opt_25,opt_3-opt_27-opt_11-opt_25,3,566.871
ip_3,ip_25,ip_3_ip_25_p3,opt_3,opt_25,opt_3-opt_11-opt_7-opt_25,3,567.517
ip_3,ip_25,ip_3_ip_25_p4,opt_3,opt_25,opt_3-opt_27-opt_11-opt_7-opt_25,4,569.149
ip_3,ip_25,ip_3_ip_25_p5,opt_3,opt_25,opt_3-opt_11-opt_24-opt_25,3,679.589
ip_3,ip_25,ip_3_ip_25_p6,opt_3,opt_25,opt_3-opt_27-opt_11-opt_24-opt_25,4,681.221
ip_3,ip_25,ip_3_ip_25_p7,opt_3,opt_25,opt_3-opt_11-opt_28-opt_25,3,688.492
ip_3,ip_25,ip_3_ip_25_p8,opt_3,opt_25,opt_3-opt_27-opt_11-opt_28-opt_25,4,690.124
ip_3,ip_25,ip_3_ip_25_p9,opt_3,opt_25,opt_3-opt_27-opt_7-opt_24-opt_25,4,697.773
ip_3,ip_26,ip_3_ip_26_p0,opt_3,opt_26,opt_3-opt_9-opt_26,2,499.390
ip_3,ip_26,ip_3_ip_26_p1,opt_3,opt_26,opt_3-opt_9-opt_21-opt_26,3,515.156
ip_3,ip_26,ip_3_ip_26_p2,opt_3,opt_26,opt_3-opt_27-opt_9-opt_26,3,540.374
ip_3,ip_26,ip_3_ip_26_p3,opt_3,opt_26,opt_3-opt_27-opt_9-opt_21-opt_26,4,556.140
ip_3,ip_26,ip_3_ip_26_p4,opt_3,opt_26,opt_3-opt_2-opt_12-opt_26,3,629.487
ip_3,ip_26,ip_3_ip_26_p5,opt_3,opt_26,opt_3-opt_9-opt_12-opt_26,3,652.911
ip_3,ip_26,ip_3_ip_26_p6,opt_3,opt_26,opt_3-opt_27-opt_9-opt_12-opt_26,4,693.895
ip_3,ip_26,ip_3_ip_26_p7,opt_3,opt_26,opt_3-opt_2-opt_12-opt_21-opt_26,4,719.576
ip_3,ip_26,ip_3_ip_26_p8,opt_3,opt_26,opt_3-opt_9-opt_12-opt_21-opt_26,4,743.000
ip_3,ip_26,ip_3_ip_26_p9,opt_3,opt_26,opt_3-opt_29-opt_12-opt_26,3,747.593
ip_3,ip_27,ip_3_ip_27_p0,opt_3,opt_27,opt_3-opt_27,1,31.535
ip_3,ip_27,ip_3_ip_27_p1,opt_3,opt_27,opt_3-opt_9-opt_27,2,472.815
ip_3,ip_27,ip_3_ip_27_p2,opt_3,opt_27,opt_3-opt_29-opt_27,2,487.027
ip_3,ip_27,ip_3_ip_27_p3,opt_3,opt_27,opt_3-opt_4-opt_27,2,516.272
ip_3,ip_27,ip_3_ip_27_p4,opt_3,opt_27,opt_3-opt_11-opt_27,2,521.791
ip_3,ip_27,ip_3_ip_27_p5,opt_3,opt_27,opt_3-opt_16-opt_27,2,543.745
ip_3,ip_27,ip_3_ip_27_p6,opt_3,opt_27,opt_3-opt_4-opt_16-opt_27,3,549.387
ip_3,ip_27,ip_3_ip_27_p7,opt_3,opt_27,opt_3-opt_16-opt_4-opt_27,3,550.766
ip_3,ip_27,ip_3_ip_27_p8,opt_3,opt_27,opt_3-opt_14-opt_4-opt_27,3,654.199
ip_3,ip_27,ip_3_ip_27_p9,opt_3,opt_27,opt_3-opt_14-opt_16-opt_27,3,680.063
ip_3,ip_28,ip_3_ip_28_p0,opt_3,opt_28,opt_3-opt_11-opt_28,2,480.047
ip_3,ip_28,ip_3_ip_28_p1,opt_3,opt_28,opt_3-opt_27-opt_11-opt_28,3,481.679
ip_3,ip_28,ip_3_ip_28_p2,opt_3,opt_28,opt_3-opt_27-opt_7-opt_28,3,659.914
ip_3,ip_28,ip_3_ip_28_p3,opt_3,opt_28,opt_3-opt_11-opt_7-opt_28,3,661.870
ip_3,ip_28,ip_3_ip_28_p4,opt_3,opt_28,opt_3-opt_27-opt_11-opt_7-opt_28,4,663.502
ip_3,ip_28,ip_3_ip_28_p5,opt_3,opt_28,opt_3-opt_11-opt_25-opt_28,3,773.684
ip_3,ip_28,ip_3_ip_28_p6,opt_3,opt_28,opt_3-opt_27-opt_7-opt_25-opt_28,4,774.006
ip_3,ip_28,ip_3_ip_28_p7,opt_3,opt_28,opt_3-opt_27-opt_11-opt_25-opt_28,4,775.316
ip_3,ip_28,ip_3_ip_28_p8,opt_3,opt_28,opt_3-opt_11-opt_7-opt_25-opt_28,4,775.962
ip_3,ip_28,ip_3_ip_28_p9,opt_3,opt_28,opt_3-opt_27-opt_11-opt_7-opt_25-opt_28,5,777.594
ip_3,ip_29,ip_3_ip_29_p0,opt_3,opt_29,opt_3-opt_29,1,229.486
ip_3,ip_29,ip_3_ip_29_p1,opt_3,opt_29,opt_3-opt_27-opt_29,2,289.076
ip_3,ip_29,ip_3_ip_29_p2,opt_3,opt_29,opt_3-opt_2-opt_29,2,506.340
ip_3,ip_29,ip_3_ip_29_p3,opt_3,opt_29,opt_3-opt_2-opt_12-opt_29,3,700.998
ip_3,ip_29,ip_3_ip_29_p4,opt_3,opt_29,opt_3-opt_9-opt_2-opt_29,3,714.426
ip_3,ip_29,ip_3_ip_29_p5,opt_3,opt_29,opt_3-opt_9-opt_12-opt_29,3,724.422
ip_3,ip_29,ip_3_ip_29_p6,opt_3,opt_29,opt_3-opt_9-opt_27-opt_29,3,730.356
ip_3,ip_29,ip_3_ip_29_p7,opt_3,opt_29,opt_3-opt_9-opt_12-opt_2-opt_29,4,746.654
ip_3,ip_29,ip_3_ip_29_p8,opt_3,opt_29,opt_3-opt_27-opt_9-opt_2-opt_29,4,755.410
ip_3,ip_29,ip_3_ip_29_p9,opt_3,opt_29,opt_3-opt_27-opt_9-opt_12-opt_29,4,765.406
ip_3,ip_30,ip_3_ip_30_p0,opt_3,opt_30,opt_3-opt_16-opt_30,2,428.468
ip_3,ip_30,ip_3_ip_30_p1,opt_3,opt_30,opt_3-opt_4-opt_30,2,431.743
ip_3,ip_30,ip_3_ip_30_p2,opt_3,opt_30,opt_3-opt_4-opt_16-opt_30,3,434.110
ip_3,ip_30,ip_3_ip_30_p3,opt_3,opt_30,opt_3-opt_27-opt_16-opt_30,3,440.094
ip_3,ip_30,ip_3_ip_30_p4,opt_3,opt_30,opt_3-opt_27-opt_4-opt_30,3,444.748
ip_3,ip_30,ip_3_ip_30_p5,opt_3,opt_30,opt_3-opt_4-opt_13-opt_30,3,445.808
ip_3,ip_30,ip_3_ip_30_p6,opt_3,opt_30,opt_3-opt_27-opt_4-opt_16-opt_30,4,447.115
ip_3,ip_30,ip_3_ip_30_p7,opt_3,opt_30,opt_3-opt_16-opt_13-opt_30,3,448.927
ip_3,ip_30,ip_3_ip_30_p8,opt_3,opt_30,opt_3-opt_4-opt_16-opt_13-opt_30,4,454.569
ip_3,ip_30,ip_3_ip_30_p9,opt_3,opt_30,opt_3-opt_27-opt_13-opt_30,3,458.800
ip_3,ip_31,ip_3_ip_31_p0,opt_3,opt_31,opt_3-opt_29-opt_31,2,408.704
ip_3,ip_31,ip_3_ip_31_p1,opt_3,opt_31,opt_3-opt_29-opt_15-opt_31,3,424.593
ip_3,ip_31,ip_3_ip_31_p2,opt_3,opt_31,opt_3-opt_27-opt_29-opt_31,3,468.294
ip_3,ip_31,ip_3_ip_31_p3,opt_3,opt_31,opt_3-opt_27-opt_29-opt_15-opt_31,4,484.183
ip_3,ip_31,ip_3_ip_31_p4,opt_3,opt_31,opt_3-opt_29-opt_6-opt_31,3,577.532
ip_3,ip_31,ip_3_ip_31_p5,opt_3,opt_31,opt_3-opt_29-opt_6-opt_15-opt_31,4,585.067
ip_3,ip_31,ip_3_ip_31_p6,opt_3,opt_31,opt_3-opt_29-opt_15-opt_6-opt_31,4,611.618
ip_3,ip_31,ip_3_ip_31_p7,opt_3,opt_31,opt_3-opt_27-opt_29-opt_6-opt_31,4,637.122
ip_3,ip_31,ip_3_ip_31_p8,opt_3,opt_31,opt_3-opt_27-opt_29-opt_6-opt_15-opt_31,5,644.657
ip_3,ip_31,ip_3_ip_31_p9,opt_3,opt_31,opt_3-opt_27-opt_29-opt_15-opt_6-opt_31,5,671.208
ip_4,ip_5,ip_4_ip_5_p0,opt_4,opt_5,opt_4-opt_27-opt_11-opt_28-opt_5,4,826.884
ip_4,ip_5,ip_4_ip_5_p1,opt_4,opt_5,opt_4-opt_16-opt_27-opt_11-opt_28-opt_5,5,859.999
ip_4,ip_5,ip_4_ip_5_p2,opt_4,opt_5,opt_4-opt_3-opt_11-opt_28-opt_5,4,875.317
ip_4,ip_5,ip_4_ip_5_p3,opt_4,opt_5,opt_4-opt_3-opt_27-opt_11-opt_28-opt_5,5,876.949
ip_4,ip_5,ip_4_ip_5_p4,opt_4,opt_5,opt_4-opt_27-opt_3-opt_11-opt_28-opt_5,5,888.322
ip_4,ip_5,ip_4_ip_5_p5,opt_4,opt_5,opt_4-opt_14-opt_7-opt_5,3,898.086
ip_4,ip_5,ip_4_ip_5_p6,opt_4,opt_5,opt_4-opt_27-opt_7-opt_5,3,904.914
ip_4,ip_5,ip_4_ip_5_p7,opt_4,opt_5,opt_4-opt_27-opt_11-opt_7-opt_5,4,908.502
ip_4,ip_5,ip_4_ip_5_p8,opt_4,opt_5,opt_4-opt_16-opt_3-opt_11-opt_28-opt_5,5,909.811
ip_4,ip_5,ip_4_ip_5_p9,opt_4,opt_5,opt_4-opt_16-opt_3-opt_27-opt_11-opt_28-opt_5,6,911.443
ip_4,ip_6,ip_4_ip_6_p0,opt_4,opt_6,opt_4-opt_14-opt_6,2,420.418
ip_4,ip_6,ip_4_ip_6_p1,opt_4,opt_6,opt_4-opt_16-opt_14-opt_6,3,453.303
ip_4,ip_6,ip_4_ip_6_p2,opt_4,opt_6,opt_4-opt_13-opt_14-opt_6,3,520.949
ip_4,ip_6,ip_4_ip_6_p3,opt_4,opt_6,opt_4-opt_16-opt_13-opt_14-opt_6,4,529.710
ip_4,ip_6,ip_4_ip_6_p4,opt_4,opt_6,opt_4-opt_13-opt_16-opt_14-opt_6,4,595.204
ip_4,ip_6,ip_4_ip_6_p5,opt_4,opt_6,opt_4-opt_16-opt_31-opt_6,3,624.849
ip_4,ip_6,ip_4_ip_6_p6,opt_4,opt_6,opt_4-opt_16-opt_31-opt_15-opt_6,4,632.384
ip_4,ip_6,ip_4_ip_6_p7,opt_4,opt_6,opt_4-opt_14-opt_8-opt_6,3,655.236
ip_4,ip_6,ip_4_ip_6_p8,opt_4,opt_6,opt_4-opt_16-opt_14-opt_8-opt_6,4,688.121
ip_4,ip_6,ip_4_ip_6_p9,opt_4,opt_6,opt_4-opt_30-opt_14-opt_6,3,689.165
ip_4,ip_7,ip_4_ip_7_p0,opt_4,opt_7,opt_4-opt_14-opt_7,2,693.785
ip_4,ip_7,ip_4_ip_7_p1,opt_4,opt_7,opt_4-opt_27-opt_7,2,700.613
ip_4,ip_7,ip_4_ip_7_p2,opt_4,opt_7,opt_4-opt_27-opt_11-opt_7,3,704.201
ip_4,ip_7,ip_4_ip_7_p3,opt_4,opt_7,opt_4-opt_16-opt_14-opt_7,3,726.670
ip_4,ip_7,ip_4_ip_7_p4,opt_4,opt_7,opt_4-opt_16-opt_27-opt_7,3,733.728
ip_4,ip_7,ip_4_ip_7_p5,opt_4,opt_7,opt_4-opt_16-opt_27-opt_11-opt_7,4,737.316
ip_4,ip_7,ip_4_ip_7_p6,opt_4,opt_7,opt_4-opt_3-opt_27-opt_7,3,750.678
ip_4,ip_7,ip_4_ip_7_p7,opt_4,opt_7,opt_4-opt_3-opt_11-opt_7,3,752.634
ip_4,ip_7,ip_4_ip_7_p8,opt_4,opt_7,opt_4-opt_3-opt_27-opt_11-opt_7,4,754.266
ip_4,ip_7,ip_4_ip_7_p9,opt_4,opt_7,opt_4-opt_27-opt_3-opt_11-opt_7,4,765.639
ip_4,ip_8,ip_4_ip_8_p0,opt_4,opt_8,opt_4-opt_14-opt_8,2,397.656
ip_4,ip_8,ip_4_ip_8_p1,opt_4,opt_8,opt_4-opt_16-opt_14-opt_8,3,430.541
ip_4,ip_8,ip_4_ip_8_p2,opt_4,opt_8,opt_4-opt_14-opt_0-opt_8,3,437.361
ip_4,ip_8,ip_4_ip_8_p3,opt_4,opt_8,opt_4-opt_16-opt_0-opt_8,3,452.107
ip_4,ip_8,ip_4_ip_8_p4,opt_4,opt_8,opt_4-opt_16-opt_14-opt_0-opt_8,4,470.246
ip_4,ip_8,ip_4_ip_8_p5,opt_4,opt_8,opt_4-opt_13-opt_0-opt_8,3,471.659
ip_4,ip_8,ip_4_ip_8_p6,opt_4,opt_8,opt_4-opt_18-opt_8,2,474.650
ip_4,ip_8,ip_4_ip_8_p7,opt_4,opt_8,opt_4-opt_18-opt_0-opt_8,3,475.401
ip_4,ip_8,ip_4_ip_8_p8,opt_4,opt_8,opt_4-opt_16-opt_13-opt_0-opt_8,4,480.420
ip_4,ip_8,ip_4_ip_8_p9,opt_4,opt_8,opt_4-opt_16-opt_18-opt_8,3,492.220
ip_4,ip_9,ip_4_ip_9_p0,opt_4,opt_9,opt_4-opt_27-opt_9,2,490.003
ip_4,ip_9,ip_4_ip_9_p1,opt_4,opt_9,opt_4-opt_3-opt_9,2,499.084
ip_4,ip_9,ip_4_ip_9_p2,opt_4,opt_9,opt_4-opt_27-opt_3-opt_9,3,512.089
ip_4,ip_9,ip_4_ip_9_p3,opt_4,opt_9,opt_4-opt_16-opt_27-opt_9,3,523.118
ip_4,ip_9,ip_4_ip_9_p4,opt_4,opt_9,opt_4-opt_16-opt_3-opt_9,3,533.578
ip_4,ip_9,ip_4_ip_9_p5,opt_4,opt_9,opt_4-opt_3-opt_27-opt_9,3,540.068
ip_4,ip_9,ip_4_ip_9_p6,opt_4,opt_9,opt_4-opt_16-opt_27-opt_3-opt_9,4,545.204
ip_4,ip_9,ip_4_ip_9_p7,opt_4,opt_9,opt_4-opt_16-opt_3-opt_27-opt_9,4,574.562
ip_4,ip_9,ip_4_ip_9_p8,opt_4,opt_9,opt_4-opt_14-opt_3-opt_9,3,637.011
ip_4,ip_9,ip_4_ip_9_p9,opt_4,opt_9,opt_4-opt_13-opt_27-opt_9,3,663.266
ip_4,ip_10,ip_4_ip_10_p0,opt_4,opt_10,opt_4-opt_27-opt_11-opt_10,3,786.083
ip_4,ip_10,ip_4_ip_10_p1,opt_4,opt_10,opt_4-opt_16-opt_27-opt_11-opt_10,4,819.198
ip_4,ip_10,ip_4_ip_10_p2,opt_4,opt_10,opt_4-opt_3-opt_11-opt_10,3,834.516
ip_4,ip_10,ip_4_ip_10_p3,opt_4,opt_10,opt_4-opt_3-opt_27-opt_11-opt_10,4,836.148
ip_4,ip_10,ip_4_ip_10_p4,opt_4,opt_10,opt_4-opt_27-opt_11-opt_20-opt_10,4,842.081
ip_4,ip_10,ip_4_ip_10_p5,opt_4,opt_10,opt_4-opt_27-opt_3-opt_11-opt_10,4,847.521
ip_4,ip_10,ip_4_ip_10_p6,opt_4,opt_10,opt_4-opt_16-opt_3-opt_11-opt_10,4,869.010
ip_4,ip_10,ip_4_ip_10_p7,opt_4,opt_10,opt_4-opt_16-opt_3-opt_27-opt_11-opt_10,5,870.642
ip_4,ip_10,ip_4_ip_10_p8,opt_4,opt_10,opt_4-opt_16-opt_27-opt_11-opt_20-opt_10,5,875.196
ip_4,ip_10,ip_4_ip_10_p9,opt_4,opt_10,opt_4-opt_16-opt_27-opt_3-opt_11-opt_10,5,880.636
ip_4,ip_11,ip_4_ip_11_p0,opt_4,opt_11,opt_4-opt_27-opt_11,2,494.815
ip_4,ip_11,ip_4_ip_11_p1,opt_4,opt_11,opt_4-opt_16-opt_27-opt_11,3,527.930
ip_4,ip_11,ip_4_ip_11_p2,opt_4,opt_11,opt_4-opt_3-opt_11,2,543.248
ip_4,ip_11,ip_4_ip_11_p3,opt_4,opt_11,opt_4-opt_3-opt_27-opt_11,3,544.880
ip_4,ip_11,ip_4_ip_11_p4,opt_4,opt_11,opt_4-opt_27-opt_3-opt_11,3,556.253
ip_4,ip_11,ip_4_ip_11_p5,opt_4,opt_11,opt_4-opt_16-opt_3-opt_11,3,577.742
ip_4,ip_11,ip_4_ip_11_p6,opt_4,opt_11,opt_4-opt_16-opt_3-opt_27-opt_11,4,579.374
ip_4,ip_11,ip_4_ip_11_p7,opt_4,opt_11,opt_4-opt_16-opt_27-opt_3-opt_11,4,589.368
ip_4,ip_11,ip_4_ip_11_p8,opt_4,opt_11,opt_4-opt_13-opt_27-opt_11,3,668.078
ip_4,ip_11,ip_4_ip_11_p9,opt_4,opt_11,opt_4-opt_13-opt_16-opt_27-opt_11,4,669.831
ip_4,ip_12,ip_4_ip_12_p0,opt_4,opt_12,opt_4-opt_16-opt_12,2,604.857
ip_4,ip_12,ip_4_ip_12_p1,opt_4,opt_12,opt_4-opt_3-opt_2-opt_12,3,673.590
ip_4,ip_12,ip_4_ip_12_p2,opt_4,opt_12,opt_4-opt_27-opt_3-opt_2-opt_12,4,686.595
ip_4,ip_12,ip_4_ip_12_p3,opt_4,opt_12,opt_4-opt_27-opt_9-opt_12,3,687.933
ip_4,ip_12,ip_4_ip_12_p4,opt_4,opt_12,opt_4-opt_3-opt_9-opt_12,3,697.014
ip_4,ip_12,ip_4_ip_12_p5,opt_4,opt_12,opt_4-opt_16-opt_3-opt_2-opt_12,4,708.084
ip_4,ip_12,ip_4_ip_12_p6,opt_4,opt_12,opt_4-opt_27-opt_3-opt_9-opt_12,4,710.019
ip_4,ip_12,ip_4_ip_12_p7,opt_4,opt_12,opt_4-opt_16-opt_27-opt_3-opt_2-opt_12,5,719.710
ip_4,ip_12,ip_4_ip_12_p8,opt_4,opt_12,opt_4-opt_16-opt_27-opt_9-opt_12,4,721.048
ip_4,ip_12,ip_4_ip_12_p9,opt_4,opt_12,opt_4-opt_16-opt_3-opt_9-opt_12,4,731.508
ip_4,ip_13,ip_4_ip_13_p0,opt_4,opt_13,opt_4-opt_13,1,86.638
ip_4,ip_13,ip_4_ip_13_p1,opt_4,opt_13,opt_4-opt_16-opt_13,2,95.399
ip_4,ip_13,ip_4_ip_13_p2,opt_4,opt_13,opt_4-opt_14-opt_13,2,219.277
ip_4,ip_13,ip_4_ip_13_p3,opt_4,opt_13,opt_4-opt_16-opt_14-opt_13,3,252.162
ip_4,ip_13,ip_4_ip_13_p4,opt_4,opt_13,opt_4-opt_30-opt_13,2,256.111
ip_4,ip_13,ip_4_ip_13_p5,opt_4,opt_13,opt_4-opt_16-opt_30-opt_13,3,258.478
ip_4,ip_13,ip_4_ip_13_p6,opt_4,opt_13,opt_4-opt_14-opt_16-opt_13,3,293.532
ip_4,ip_13,ip_4_ip_13_p7,opt_4,opt_13,opt_4-opt_18-opt_13,2,361.114
ip_4,ip_13,ip_4_ip_13_p8,opt_4,opt_13,opt_4-opt_16-opt_18-opt_13,3,378.684
ip_4,ip_13,ip_4_ip_13_p9,opt_4,opt_13,opt_4-opt_30-opt_16-opt_13,3,386.314
ip_4,ip_14,ip_4_ip_14_p0,opt_4,opt_14,opt_4-opt_14,1,102.692
ip_4,ip_14,ip_4_ip_14_p1,opt_4,opt_14,opt_4-opt_16-opt_14,2,135.577
ip_4,ip_14,ip_4_ip_14_p2,opt_4,opt_14,opt_4-opt_13-opt_14,2,203.223
ip_4,ip_14,ip_4_ip_14_p3,opt_4,opt_14,opt_4-opt_16-opt_13-opt_14,3,211.984
ip_4,ip_14,ip_4_ip_14_p4,opt_4,opt_14,opt_4-opt_13-opt_16-opt_14,3,277.478
ip_4,ip_14,ip_4_ip_14_p5,opt_4,opt_14,opt_4-opt_30-opt_14,2,371.439
ip_4,ip_14,ip_4_ip_14_p6,opt_4,opt_14,opt_4-opt_30-opt_13-opt_14,3,372.696
ip_4,ip_14,ip_4_ip_14_p7,opt_4,opt_14,opt_4-opt_16-opt_30-opt_14,3,373.806
ip_4,ip_14,ip_4_ip_14_p8,opt_4,opt_14,opt_4-opt_18-opt_14,2,374.826
ip_4,ip_14,ip_4_ip_14_p9,opt_4,opt_14,opt_4-opt_16-opt_30-opt_13-opt_14,4,375.063
ip_4,ip_15,ip_4_ip_15_p0,opt_4,opt_15,opt_4-opt_14-opt_6-opt_15,3,517.698
ip_4,ip_15,ip_4_ip_15_p1,opt_4,opt_15,opt_4-opt_16-opt_31-opt_15,3,535.104
ip_4,ip_15,ip_4_ip_15_p2,opt_4,opt_15,opt_4-opt_16-opt_14-opt_6-opt_15,4,550.583
ip_4,ip_15,ip_4_ip_15_p3,opt_4,opt_15,opt_4-opt_14-opt_6-opt_31-opt_15,4,564.291
ip_4,ip_15,ip_4_ip_15_p4,opt_4,opt_15,opt_4-opt_16-opt_14-opt_6-opt_31-opt_15,5,597.176
ip_4,ip_15,ip_4_ip_15_p5,opt_4,opt_15,opt_4-opt_13-opt_14-opt_6-opt_15,4,618.229
ip_4,ip_15,ip_4_ip_15_p6,opt_4,opt_15,opt_4-opt_16-opt_13-opt_14-opt_6-opt_15,5,626.990
ip_4,ip_15,ip_4_ip_15_p7,opt_4,opt_15,opt_4-opt_13-opt_14-opt_6-opt_31-opt_15,5,664.822
ip_4,ip_15,ip_4_ip_15_p8,opt_4,opt_15,opt_4-opt_3-opt_29-opt_15,3,664.930
ip_4,ip_15,ip_4_ip_15_p9,opt_4,opt_15,opt_4-opt_16-opt_13-opt_14-opt_6-opt_31-opt_15,6,673.583
ip_4,ip_16,ip_4_ip_16_p0,opt_4,opt_16,opt_4-opt_16,1,20.068
ip_4,ip_16,ip_4_ip_16_p1,opt_4,opt_16,opt_4-opt_13-opt_16,2,161.969
ip_4,ip_16,ip_4_ip_16_p2,opt_4,opt_16,opt_4-opt_14-opt_16,2,218.201
ip_4,ip_16,ip_4_ip_16_p3,opt_4,opt_16,opt_4-opt_14-opt_13-opt_16,3,294.608
ip_4,ip_16,ip_4_ip_16_p4,opt_4,opt_16,opt_4-opt_30-opt_16,2,310.983
ip_4,ip_16,ip_4_ip_16_p5,opt_4,opt_16,opt_4-opt_13-opt_14-opt_16,3,318.732
ip_4,ip_16,ip_4_ip_16_p6,opt_4,opt_16,opt_4-opt_13-opt_30-opt_16,3,325.048
ip_4,ip_16,ip_4_ip_16_p7,opt_4,opt_16,opt_4-opt_30-opt_13-opt_16,3,331.442
ip_4,ip_16,ip_4_ip_16_p8,opt_4,opt_16,opt_4-opt_18-opt_16,2,426.906
ip_4,ip_16,ip_4_ip_16_p9,opt_4,opt_16,opt_4-opt_18-opt_13-opt_16,3,436.445
ip_4,ip_17,ip_4_ip_17_p0,opt_4,opt_17,opt_4-opt_27-opt_9-opt_17,3,698.771
ip_4,ip_17,ip_4_ip_17_p1,opt_4,opt_17,opt_4-opt_3-opt_9-opt_17,3,707.852
ip_4,ip_17,ip_4_ip_17_p2,opt_4,opt_17,opt_4-opt_27-opt_3-opt_9-opt_17,4,720.857
ip_4,ip_17,ip_4_ip_17_p3,opt_4,opt_17,opt_4-opt_16-opt_27-opt_9-opt_17,4,731.886
ip_4,ip_17,ip_4_ip_17_p4,opt_4,opt_17,opt_4-opt_16-opt_3-opt_9-opt_17,4,742.346
ip_4,ip_17,ip_4_ip_17_p5,opt_4,opt_17,opt_4-opt_3-opt_27-opt_9-opt_17,4,748.836
ip_4,ip_17,ip_4_ip_17_p6,opt_4,opt_17,opt_4-opt_16-opt_27-opt_3-opt_9-opt_17,5,753.972
ip_4,ip_17,ip_4_ip_17_p7,opt_4,opt_17,opt_4-opt_27-opt_11-opt_17,3,755.552
ip_4,ip_17,ip_4_ip_17_p8,opt_4,opt_17,opt_4-opt_16-opt_3-opt_27-opt_9-opt_17,5,783.330
ip_4,ip_17,ip_4_ip_17_p9,opt_4,opt_17,opt_4-opt_16-opt_27-opt_11-opt_17,4,788.667
ip_4,ip_18,ip_4_ip_18_p0,opt_4,opt_18,opt_4-opt_18,1,214.702
ip_4,ip_18,ip_4_ip_18_p1,opt_4,opt_18,opt_4-opt_16-opt_18,2,232.272
ip_4,ip_18,ip_4_ip_18_p2,opt_4,opt_18,opt_4-opt_13-opt_18,2,233.050
ip_4,ip_18,ip_4_ip_18_p3,opt_4,opt_18,opt_4-opt_16-opt_13-opt_18,3,241.811
ip_4,ip_18,ip_4_ip_18_p4,opt_4,opt_18,opt_4-opt_14-opt_18,2,262.816
ip_4,ip_18,ip_4_ip_18_p5,opt_4,opt_18,opt_4-opt_16-opt_14-opt_18,3,295.701
ip_4,ip_18,ip_4_ip_18_p6,opt_4,opt_18,opt_4-opt_30-opt_18,2,341.530
ip_4,ip_18,ip_4_ip_18_p7,opt_4,opt_18,opt_4-opt_16-opt_30-opt_18,3,343.897
ip_4,ip_18,ip_4_ip_18_p8,opt_4,opt_18,opt_4-opt_13-opt_30-opt_18,3,355.595
ip_4,ip_18,ip_4_ip_18_p9,opt_4,opt_18,opt_4-opt_13-opt_14-opt_18,3,363.347
ip_4,ip_19,ip_4_ip_19_p0,opt_4,opt_19,opt_4-opt_27-opt_9-opt_19,3,824.936
ip_4,ip_19,ip_4_ip_19_p1,opt_4,opt_19,opt_4-opt_27-opt_9-opt_17-opt_19,4,831.075
ip_4,ip_19,ip_4_ip_19_p2,opt_4,opt_19,opt_4-opt_3-opt_9-opt_19,3,834.017
ip_4,ip_19,ip_4_ip_19_p3,opt_4,opt_19,opt_4-opt_3-opt_9-opt_17-opt_19,4,840.156
ip_4,ip_19,ip_4_ip_19_p4,opt_4,opt_19,opt_4-opt_27-opt_3-opt_9-opt_19,4,847.022
ip_4,ip_19,ip_4_ip_19_p5,opt_4,opt_19,opt_4-opt_27-opt_3-opt_9-opt_17-opt_19,5,853.161
ip_4,ip_19,ip_4_ip_19_p6,opt_4,opt_19,opt_4-opt_16-opt_27-opt_9-opt_19,4,858.051
ip_4,ip_19,ip_4_ip_19_p7,opt_4,opt_19,opt_4-opt_16-opt_27-opt_9-opt_17-opt_19,5,864.190
ip_4,ip_19,ip_4_ip_19_p8,opt_4,opt_19,opt_4-opt_16-opt_3-opt_9-opt_19,4,868.511
ip_4,ip_19,ip_4_ip_19_p9,opt_4,opt_19,opt_4-opt_16-opt_3-opt_9-opt_17-opt_19,5,874.650
ip_4,ip_20,ip_4_ip_20_p0,opt_4,opt_20,opt_4-opt_27-opt_11-opt_20,3,762.904
ip_4,ip_20,ip_4_ip_20_p1,opt_4,opt_20,opt_4-opt_16-opt_27-opt_11-opt_20,4,796.019
ip_4,ip_20,ip_4_ip_20_p2,opt_4,opt_20,opt_4-opt_3-opt_11-opt_20,3,811.337
ip_4,ip_20,ip_4_ip_20_p3,opt_4,opt_20,opt_4-opt_3-opt_27-opt_11-opt_20,4,812.969
ip_4,ip_20,ip_4_ip_20_p4,opt_4,opt_20,opt_4-opt_27-opt_3-opt_11-opt_20,4,824.342
ip_4,ip_20,ip_4_ip_20_p5,opt_4,opt_20,opt_4-opt_14-opt_7-opt_20,3,832.857
ip_4,ip_20,ip_4_ip_20_p6,opt_4,opt_20,opt_4-opt_27-opt_7-opt_20,3,839.685
ip_4,ip_20,ip_4_ip_20_p7,opt_4,opt_20,opt_4-opt_27-opt_11-opt_7-opt_20,4,843.273
ip_4,ip_20,ip_4_ip_20_p8,opt_4,opt_20,opt_4-opt_16-opt_3-opt_11-opt_20,4,845.831
ip_4,ip_20,ip_4_ip_20_p9,opt_4,opt_20,opt_4-opt_16-opt_3-opt_27-opt_11-opt_20,5,847.463
ip_4,ip_21,ip_4_ip_21_p0,opt_4,opt_21,opt_4-opt_27-opt_9-opt_21,3,676.669
ip_4,ip_21,ip_4_ip_21_p1,opt_4,opt_21,opt_4-opt_3-opt_9-opt_21,3,685.750
ip_4,ip_21,ip_4_ip_21_p2,opt_4,opt_21,opt_4-opt_27-opt_3-opt_9-opt_21,4,698.755
ip_4,ip_21,ip_4_ip_21_p3,opt_4,opt_21,opt_4-opt_16-opt_27-opt_9-opt_21,4,709.784
ip_4,ip_21,ip_4_ip_21_p4,opt_4,opt_21,opt_4-opt_16-opt_3-opt_9-opt_21,4,720.244
ip_4,ip_21,ip_4_ip_21_p5,opt_4,opt_21,opt_4-opt_3-opt_27-opt_9-opt_21,4,726.734
ip_4,ip_21,ip_4_ip_21_p6,opt_4,opt_21,opt_4-opt_16-opt_27-opt_3-opt_9-opt_21,5,731.870
ip_4,ip_21,ip_4_ip_21_p7,opt_4,opt_21,opt_4-opt_16-opt_3-opt_27-opt_9-opt_21,5,761.228
ip_4,ip_21,ip_4_ip_21_p8,opt_4,opt_21,opt_4-opt_16-opt_12-opt_21,3,821.437
ip_4,ip_21,ip_4_ip_21_p9,opt_4,opt_21,opt_4-opt_14-opt_3-opt_9-opt_21,4,823.677
ip_4,ip_22,ip_4_ip_22_p0,opt_4,opt_22,opt_4-opt_3-opt_2-opt_22,3,809.387
ip_4,ip_22,ip_4_ip_22_p1,opt_4,opt_22,opt_4-opt_27-opt_3-opt_2-opt_22,4,822.392
ip_4,ip_22,ip_4_ip_22_p2,opt_4,opt_22,opt_4-opt_16-opt_3-opt_2-opt_22,4,843.881
ip_4,ip_22,ip_4_ip_22_p3,opt_4,opt_22,opt_4-opt_16-opt_27-opt_3-opt_2-opt_22,5,855.507
ip_4,ip_22,ip_4_ip_22_p4,opt_4,opt_22,opt_4-opt_16-opt_12-opt_22,3,866.370
ip_4,ip_22,ip_4_ip_22_p5,opt_4,opt_22,opt_4-opt_14-opt_2-opt_22,3,878.595
ip_4,ip_22,ip_4_ip_22_p6,opt_4,opt_22,opt_4-opt_23-opt_22,2,880.333
ip_4,ip_22,ip_4_ip_22_p7,opt_4,opt_22,opt_4-opt_16-opt_14-opt_2-opt_22,4,911.480
ip_4,ip_22,ip_4_ip_22_p8,opt_4,opt_22,opt_4-opt_3-opt_2-opt_12-opt_22,4,935.103
ip_4,ip_22,ip_4_ip_22_p9,opt_4,opt_22,opt_4-opt_14-opt_3-opt_2-opt_22,4,947.314
ip_4,ip_23,ip_4_ip_23_p0,opt_4,opt_23,opt_4-opt_23,1,702.051
ip_4,ip_23,ip_4_ip_23_p1,opt_4,opt_23,opt_4-opt_27-opt_23,2,782.685
ip_4,ip_23,ip_4_ip_23_p2,opt_4,opt_23,opt_4-opt_3-opt_2-opt_23,3,793.669
ip_4,ip_23,ip_4_ip_23_p3,opt_4,opt_23,opt_4-opt_27-opt_3-opt_2-opt_23,4,806.674
ip_4,ip_23,ip_4_ip_23_p4,opt_4,opt_23,opt_4-opt_16-opt_27-opt_23,3,815.800
ip_4,ip_23,ip_4_ip_23_p5,opt_4,opt_23,opt_4-opt_3-opt_29-opt_23,3,818.795
ip_4,ip_23,ip_4_ip_23_p6,opt_4,opt_23,opt_4-opt_16-opt_3-opt_2-opt_23,4,828.163
ip_4,ip_23,ip_4_ip_23_p7,opt_4,opt_23,opt_4-opt_27-opt_29-opt_23,3,828.320
ip_4,ip_23,ip_4_ip_23_p8,opt_4,opt_23,opt_4-opt_27-opt_3-opt_29-opt_23,4,831.800
ip_4,ip_23,ip_4_ip_23_p9,opt_4,opt_23,opt_4-opt_3-opt_27-opt_23,3,832.750
ip_4,ip_24,ip_4_ip_24_p0,opt_4,opt_24,opt_4-opt_27-opt_11-opt_24,3,798.435
ip_4,ip_24,ip_4_ip_24_p1,opt_4,opt_24,opt_4-opt_14-opt_7-opt_24,3,808.159
ip_4,ip_24,ip_4_ip_24_p2,opt_4,opt_24,opt_4-opt_27-opt_7-opt_24,3,814.987
ip_4,ip_24,ip_4_ip_24_p3,opt_4,opt_24,opt_4-opt_27-opt_11-opt_7-opt_24,4,818.575
ip_4,ip_24,ip_4_ip_24_p4,opt_4,opt_24,opt_4-opt_16-opt_27-opt_11-opt_24,4,831.550
ip_4,ip_24,ip_4_ip_24_p5,opt_4,opt_24,opt_4-opt_16-opt_14-opt_7-opt_24,4,841.044
ip_4,ip_24,ip_4_ip_24_p6,opt_4,opt_24,opt_4-opt_3-opt_11-opt_24,3,846.868
ip_4,ip_24,ip_4_ip_24_p7,opt_4,opt_24,opt_4-opt_16-opt_27-opt_7-opt_24,4,848.102
ip_4,ip_24,ip_4_ip_24_p8,opt_4,opt_24,opt_4-opt_3-opt_27-opt_11-opt_24,4,848.500
ip_4,ip_24,ip_4_ip_24_p9,opt_4,opt_24,opt_4-opt_27-opt_11-opt_20-opt_24,4,850.310
ip_4,ip_25,ip_4_ip_25_p0,opt_4,opt_25,opt_4-opt_14-opt_7-opt_25,3,776.069
ip_4,ip_25,ip_4_ip_25_p1,opt_4,opt_25,opt_4-opt_27-opt_7-opt_25,3,782.897
ip_4,ip_25,ip_4_ip_25_p2,opt_4,opt_25,opt_4-opt_27-opt_11-opt_25,3,784.207
ip_4,ip_25,ip_4_ip_25_p3,opt_4,opt_25,opt_4-opt_27-opt_11-opt_7-opt_25,4,786.485
ip_4,ip_25,ip_4_ip_25_p4,opt_4,opt_25,opt_4-opt_16-opt_14-opt_7-opt_25,4,808.954
ip_4,ip_25,ip_4_ip_25_p5,opt_4,opt_25,opt_4-opt_16-opt_27-opt_7-opt_25,4,816.012
ip_4,ip_25,ip_4_ip_25_p6,opt_4,opt_25,opt_4-opt_16-opt_27-opt_11-opt_25,4,817.322
ip_4,ip_25,ip_4_ip_25_p7,opt_4,opt_25,opt_4-opt_16-opt_27-opt_11-opt_7-opt_25,5,819.600
ip_4,ip_25,ip_4_ip_25_p8,opt_4,opt_25,opt_4-opt_3-opt_11-opt_25,3,832.640
ip_4,ip_25,ip_4_ip_25_p9,opt_4,opt_25,opt_4-opt_3-opt_27-opt_7-opt_25,4,832.962
ip_4,ip_26,ip_4_ip_26_p0,opt_4,opt_26,opt_4-opt_27-opt_9-opt_26,3,757.710
ip_4,ip_26,ip_4_ip_26_p1,opt_4,opt_26,opt_4-opt_3-opt_9-opt_26,3,766.791
ip_4,ip_26,ip_4_ip_26_p2,opt_4,opt_26,opt_4-opt_27-opt_9-opt_21-opt_26,4,773.476
ip_4,ip_26,ip_4_ip_26_p3,opt_4,opt_26,opt_4-opt_27-opt_3-opt_9-opt_26,4,779.796
ip_4,ip_26,ip_4_ip_26_p4,opt_4,opt_26,opt_4-opt_3-opt_9-opt_21-opt_26,4,782.557
ip_4,ip_26,ip_4_ip_26_p5,opt_4,opt_26,opt_4-opt_16-opt_27-opt_9-opt_26,4,790.825
ip_4,ip_26,ip_4_ip_26_p6,opt_4,opt_26,opt_4-opt_27-opt_3-opt_9-opt_21-opt_26,5,795.562
ip_4,ip_26,ip_4_ip_26_p7,opt_4,opt_26,opt_4-opt_16-opt_3-opt_9-opt_26,4,801.285
ip_4,ip_26,ip_4_ip_26_p8,opt_4,opt_26,opt_4-opt_16-opt_27-opt_9-opt_21-opt_26,5,806.591
ip_4,ip_26,ip_4_ip_26_p9,opt_4,opt_26,opt_4-opt_3-opt_27-opt_9-opt_26,4,807.775
ip_4,ip_27,ip_4_ip_27_p0,opt_4,opt_27,opt_4-opt_27,1,248.871
ip_4,ip_27,ip_4_ip_27_p1,opt_4,opt_27,opt_4-opt_16-opt_27,2,281.986
ip_4,ip_27,ip_4_ip_27_p2,opt_4,opt_27,opt_4-opt_3-opt_27,2,298.936
ip_4,ip_27,ip_4_ip_27_p3,opt_4,opt_27,opt_4-opt_16-opt_3-opt_27,3,333.430
ip_4,ip_27,ip_4_ip_27_p4,opt_4,opt_27,opt_4-opt_13-opt_27,2,422.134
ip_4,ip_27,ip_4_ip_27_p5,opt_4,opt_27,opt_4-opt_13-opt_16-opt_27,3,423.887
ip_4,ip_27,ip_4_ip_27_p6,opt_4,opt_27,opt_4-opt_16-opt_13-opt_27,3,430.895
ip_4,ip_27,ip_4_ip_27_p7,opt_4,opt_27,opt_4-opt_14-opt_3-opt_27,3,436.863
ip_4,ip_27,ip_4_ip_27_p8,opt_4,opt_27,opt_4-opt_16-opt_14-opt_3-opt_27,4,469.748
ip_4,ip_27,ip_4_ip_27_p9,opt_4,opt_27,opt_4-opt_13-opt_16-opt_3-opt_27,4,475.331
ip_4,ip_28,ip_4_ip_28_p0,opt_4,opt_28,opt_4-opt_27-opt_11-opt_28,3,699.015
ip_4,ip_28,ip_4_ip_28_p1,opt_4,opt_28,opt_4-opt_16-opt_27-opt_11-opt_28,4,732.130
ip_4,ip_28,ip_4_ip_28_p2,opt_4,opt_28,opt_4-opt_3-opt_11-opt_28,3,747.448
ip_4,ip_28,ip_4_ip_28_p3,opt_4,opt_28,opt_4-opt_3-opt_27-opt_11-opt_28,4,749.080
ip_4,ip_28,ip_4_ip_28_p4,opt_4,opt_28,opt_4-opt_27-opt_3-opt_11-opt_28,4,760.453
ip_4,ip_28,ip_4_ip_28_p5,opt_4,opt_28,opt_4-opt_16-opt_3-opt_11-opt_28,4,781.942
ip_4,ip_28,ip_4_ip_28_p6,opt_4,opt_28,opt_4-opt_16-opt_3-opt_27-opt_11-opt_28,5,783.574
ip_4,ip_28,ip_4_ip_28_p7,opt_4,opt_28,opt_4-opt_16-opt_27-opt_3-opt_11-opt_28,5,793.568
ip_4,ip_28,ip_4_ip_28_p8,opt_4,opt_28,opt_4-opt_14-opt_7-opt_28,3,870.422
ip_4,ip_28,ip_4_ip_28_p9,opt_4,opt_28,opt_4-opt_13-opt_27-opt_11-opt_28,4,872.278
ip_4,ip_29,ip_4_ip_29_p0,opt_4,opt_29,opt_4-opt_3-opt_29,2,496.887
ip_4,ip_29,ip_4_ip_29_p1,opt_4,opt_29,opt_4-opt_27-opt_29,2,506.412
ip_4,ip_29,ip_4_ip_29_p2,opt_4,opt_29,opt_4-opt_27-opt_3-opt_29,3,509.892
ip_4,ip_29,ip_4_ip_29_p3,opt_4,opt_29,opt_4-opt_16-opt_3-opt_29,3,531.381
ip_4,ip_29,ip_4_ip_29_p4,opt_4,opt_29,opt_4-opt_16-opt_27-opt_29,3,539.527
ip_4,ip_29,ip_4_ip_29_p5,opt_4,opt_29,opt_4-opt_16-opt_27-opt_3-opt_29,4,543.007
ip_4,ip_29,ip_4_ip_29_p6,opt_4,opt_29,opt_4-opt_3-opt_27-opt_29,3,556.477
ip_4,ip_29,ip_4_ip_29_p7,opt_4,opt_29,opt_4-opt_16-opt_3-opt_27-opt_29,4,590.971
ip_4,ip_29,ip_4_ip_29_p8,opt_4,opt_29,opt_4-opt_14-opt_3-opt_29,3,634.814
ip_4,ip_29,ip_4_ip_29_p9,opt_4,opt_29,opt_4-opt_14-opt_6-opt_29,3,651.655
ip_4,ip_30,ip_4_ip_30_p0,opt_4,opt_30,opt_4-opt_30,1,164.342
ip_4,ip_30,ip_4_ip_30_p1,opt_4,opt_30,opt_4-opt_16-opt_30,2,166.709
ip_4,ip_30,ip_4_ip_30_p2,opt_4,opt_30,opt_4-opt_13-opt_30,2,178.407
ip_4,ip_30,ip_4_ip_30_p3,opt_4,opt_30,opt_4-opt_16-opt_13-opt_30,3,187.168
ip_4,ip_30,ip_4_ip_30_p4,opt_4,opt_30,opt_4-opt_13-opt_16-opt_30,3,308.610
ip_4,ip_30,ip_4_ip_30_p5,opt_4,opt_30,opt_4-opt_14-opt_30,2,309.789
ip_4,ip_30,ip_4_ip_30_p6,opt_4,opt_30,opt_4-opt_14-opt_13-opt_30,3,311.046
ip_4,ip_30,ip_4_ip_30_p7,opt_4,opt_30,opt_4-opt_16-opt_14-opt_30,3,342.674
ip_4,ip_30,ip_4_ip_30_p8,opt_4,opt_30,opt_4-opt_16-opt_14-opt_13-opt_30,4,343.931
ip_4,ip_30,ip_4_ip_30_p9,opt_4,opt_30,opt_4-opt_14-opt_16-opt_30,3,364.842
ip_4,ip_31,ip_4_ip_31_p0,opt_4,opt_31,opt_4-opt_16-opt_31,2,508.040
ip_4,ip_31,ip_4_ip_31_p1,opt_4,opt_31,opt_4-opt_14-opt_6-opt_31,3,537.227
ip_4,ip_31,ip_4_ip_31_p2,opt_4,opt_31,opt_4-opt_14-opt_6-opt_15-opt_31,4,544.762
ip_4,ip_31,ip_4_ip_31_p3,opt_4,opt_31,opt_4-opt_16-opt_14-opt_6-opt_31,4,570.112
ip_4,ip_31,ip_4_ip_31_p4,opt_4,opt_31,opt_4-opt_16-opt_14-opt_6-opt_15-opt_31,5,577.647
ip_4,ip_31,ip_4_ip_31_p5,opt_4,opt_31,opt_4-opt_13-opt_14-opt_6-opt_31,4,637.758
ip_4,ip_31,ip_4_ip_31_p6,opt_4,opt_31,opt_4-opt_13-opt_14-opt_6-opt_15-opt_31,5,645.293
ip_4,ip_31,ip_4_ip_31_p7,opt_4,opt_31,opt_4-opt_16-opt_13-opt_14-opt_6-opt_31,5,646.519
ip_4,ip_31,ip_4_ip_31_p8,opt_4,opt_31,opt_4-opt_13-opt_16-opt_31,3,649.941
ip_4,ip_31,ip_4_ip_31_p9,opt_4,opt_31,opt_4-opt_16-opt_13-opt_14-opt_6-opt_15-opt_31,6,654.054
ip_5,ip_6,ip_5_ip_6_p0,opt_5,opt_6,opt_5-opt_29-opt_6,2,1032.651
ip_5,ip_6,ip_5_ip_6_p1,opt_5,opt_6,opt_5-opt_29-opt_15-opt_6,3,1066.737
ip_5,ip_6,ip_5_ip_6_p2,opt_5,opt_6,opt_5-opt_28-opt_11-opt_27-opt_29-opt_6,5,1066.791
ip_5,ip_6,ip_5_ip_6_p3,opt_5,opt_6,opt_5-opt_28-opt_11-opt_3-opt_29-opt_6,5,1068.639
ip_5,ip_6,ip_5_ip_6_p4,opt_5,opt_6,opt_5-opt_28-opt_11-opt_27-opt_3-opt_29-opt_6,6,1070.271
ip_5,ip_6,ip_5_ip_6_p5,opt_5,opt_6,opt_5-opt_29-opt_31-opt_6,3,1097.441
ip_5,ip_6,ip_5_ip_6_p6,opt_5,opt_6,opt_5-opt_28-opt_11-opt_27-opt_29-opt_15-opt_6,6,1100.877
ip_5,ip_6,ip_5_ip_6_p7,opt_5,opt_6,opt_5-opt_28-opt_11-opt_3-opt_29-opt_15-opt_6,6,1102.725
ip_5,ip_6,ip_5_ip_6_p8,opt_5,opt_6,opt_5-opt_28-opt_11-opt_27-opt_3-opt_29-opt_15-opt_6,7,1104.357
ip_5,ip_6,ip_5_ip_6_p9,opt_5,opt_6,opt_5-opt_29-opt_31-opt_15-opt_6,4,1104.976
ip_5,ip_7,ip_5_ip_7_p0,opt_5,opt_7,opt_5-opt_7,1,204.301
ip_5,ip_7,ip_5_ip_7_p1,opt_5,opt_7,opt_5-opt_25-opt_7,2,263.896
ip_5,ip_7,ip_5_ip_7_p2,opt_5,opt_7,opt_5-opt_28-opt_7,2,304.506
ip_5,ip_7,ip_5_ip_7_p3,opt_5,opt_7,opt_5-opt_24-opt_7,2,395.274
ip_5,ip_7,ip_5_ip_7_p4,opt_5,opt_7,opt_5-opt_25-opt_24-opt_7,3,396.108
ip_5,ip_7,ip_5_ip_7_p5,opt_5,opt_7,opt_5-opt_28-opt_25-opt_7,3,418.598
ip_5,ip_7,ip_5_ip_7_p6,opt_5,opt_7,opt_5-opt_24-opt_25-opt_7,3,463.306
ip_5,ip_7,ip_5_ip_7_p7,opt_5,opt_7,opt_5-opt_20-opt_7,2,477.342
ip_5,ip_7,ip_5_ip_7_p8,opt_5,opt_7,opt_5-opt_25-opt_20-opt_7,3,491.098
ip_5,ip_7,ip_5_ip_7_p9,opt_5,opt_7,opt_5-opt_24-opt_20-opt_7,3,507.378
ip_5,ip_8,ip_5_ip_8_p0,opt_5,opt_8,opt_5-opt_7-opt_14-opt_8,3,1090.358
ip_5,ip_8,ip_5_ip_8_p1,opt_5,opt_8,opt_5-opt_7-opt_14-opt_0-opt_8,4,1130.063
ip_5,ip_8,ip_5_ip_8_p2,opt_5,opt_8,opt_5-opt_25-opt_7-opt_14-opt_8,4,1149.953
ip_5,ip_8,ip_5_ip_8_p3,opt_5,opt_8,opt_5-opt_25-opt_7-opt_14-opt_0-opt_8,5,1189.658
ip_5,ip_8,ip_5_ip_8_p4,opt_5,opt_8,opt_5-opt_28-opt_7-opt_14-opt_8,4,1190.563
ip_5,ip_8,ip_5_ip_8_p5,opt_5,opt_8,opt_5-opt_28-opt_11-opt_3-opt_14-opt_8,5,1205.516
ip_5,ip_8,ip_5_ip_8_p6,opt_5,opt_8,opt_5-opt_28-opt_11-opt_27-opt_3-opt_14-opt_8,6,1207.148
ip_5,ip_8,ip_5_ip_8_p7,opt_5,opt_8,opt_5-opt_7-opt_14-opt_18-opt_8,4,1215.466
ip_5,ip_8,ip_5_ip_8_p8,opt_5,opt_8,opt_5-opt_7-opt_14-opt_18-opt_0-opt_8,5,1216.217
ip_5,ip_8,ip_5_ip_8_p9,opt_5,opt_8,opt_5-opt_28-opt_11-opt_27-opt_4-opt_14-opt_8,6,1224.540
ip_5,ip_9,ip_5_ip_9_p0,opt_5,opt_9,opt_5-opt_25-opt_9,2,751.443
ip_5,ip_9,ip_5_ip_9_p1,opt_5,opt_9,opt_5-opt_20-opt_17-opt_9,3,788.624
ip_5,ip_9,ip_5_ip_9_p2,opt_5,opt_9,opt_5-opt_7-opt_20-opt_17-opt_9,4,793.727
ip_5,ip_9,ip_5_ip_9_p3,opt_5,opt_9,opt_5-opt_28-opt_11-opt_17-opt_9,4,801.574
ip_5,ip_9,ip_5_ip_9_p4,opt_5,opt_9,opt_5-opt_25-opt_20-opt_17-opt_9,4,802.380
ip_5,ip_9,ip_5_ip_9_p5,opt_5,opt_9,opt_5-opt_7-opt_10-opt_17-opt_9,4,809.768
ip_5,ip_9,ip_5_ip_9_p6,opt_5,opt_9,opt_5-opt_20-opt_10-opt_17-opt_9,4,811.699
ip_5,ip_9,ip_5_ip_9_p7,opt_5,opt_9,opt_5-opt_7-opt_20-opt_10-opt_17-opt_9,5,816.802
ip_5,ip_9,ip_5_ip_9_p8,opt_5,opt_9,opt_5-opt_24-opt_17-opt_9,3,817.002
ip_5,ip_9,ip_5_ip_9_p9,opt_5,opt_9,opt_5-opt_25-opt_24-opt_17-opt_9,4,817.836
ip_5,ip_10,ip_5_ip_10_p0,opt_5,opt_10,opt_5-opt_7-opt_10,2,415.516
ip_5,ip_10,ip_5_ip_10_p1,opt_5,opt_10,opt_5-opt_20-opt_10,2,417.447
ip_5,ip_10,ip_5_ip_10_p2,opt_5,opt_10,opt_5-opt_7-opt_20-opt_10,3,422.550
ip_5,ip_10,ip_5_ip_10_p3,opt_5,opt_10,opt_5-opt_25-opt_10,2,431.178
ip_5,ip_10,ip_5_ip_10_p4,opt_5,opt_10,opt_5-opt_25-opt_20-opt_10,3,431.203
ip_5,ip_10,ip_5_ip_10_p5,opt_5,opt_10,opt_5-opt_24-opt_10,2,443.617
ip_5,ip_10,ip_5_ip_10_p6,opt_5,opt_10,opt_5-opt_25-opt_24-opt_10,3,444.451
ip_5,ip_10,ip_5_ip_10_p7,opt_5,opt_10,opt_5-opt_24-opt_20-opt_10,3,447.483
ip_5,ip_10,ip_5_ip_10_p8,opt_5,opt_10,opt_5-opt_25-opt_24-opt_20-opt_10,4,448.317
ip_5,ip_10,ip_5_ip_10_p9,opt_5,opt_10,opt_5-opt_25-opt_7-opt_10,3,475.111
ip_5,ip_11,ip_5_ip_11_p0,opt_5,opt_11,opt_5-opt_28-opt_11,2,332.069
ip_5,ip_11,ip_5_ip_11_p1,opt_5,opt_11,opt_5-opt_7-opt_11,2,413.687
ip_5,ip_11,ip_5_ip_11_p2,opt_5,opt_11,opt_5-opt_25-opt_11,2,471.004
ip_5,ip_11,ip_5_ip_11_p3,opt_5,opt_11,opt_5-opt_25-opt_7-opt_11,3,473.282
ip_5,ip_11,ip_5_ip_11_p4,opt_5,opt_11,opt_5-opt_28-opt_7-opt_11,3,513.892
ip_5,ip_11,ip_5_ip_11_p5,opt_5,opt_11,opt_5-opt_7-opt_25-opt_11,3,575.977
ip_5,ip_11,ip_5_ip_11_p6,opt_5,opt_11,opt_5-opt_24-opt_11,2,584.520
ip_5,ip_11,ip_5_ip_11_p7,opt_5,opt_11,opt_5-opt_7-opt_28-opt_11,3,585.138
ip_5,ip_11,ip_5_ip_11_p8,opt_5,opt_11,opt_5-opt_25-opt_24-opt_11,3,585.354
ip_5,ip_11,ip_5_ip_11_p9,opt_5,opt_11,opt_5-opt_25-opt_28-opt_11,3,594.257
ip_5,ip_12,ip_5_ip_12_p0,opt_5,opt_12,opt_5-opt_25-opt_9-opt_12,3,949.373
ip_5,ip_12,ip_5_ip_12_p1,opt_5,opt_12,opt_5-opt_20-opt_17-opt_9-opt_12,4,986.554
ip_5,ip_12,ip_5_ip_12_p2,opt_5,opt_12,opt_5-opt_7-opt_20-opt_17-opt_9-opt_12,5,991.657
ip_5,ip_12,ip_5_ip_12_p3,opt_5,opt_12,opt_5-opt_28-opt_11-opt_17-opt_9-opt_12,5,999.504
ip_5,ip_12,ip_5_ip_12_p4,opt_5,opt_12,opt_5-opt_25-opt_20-opt_17-opt_9-opt_12,5,1000.310
ip_5,ip_12,ip_5_ip_12_p5,opt_5,opt_12,opt_5-opt_7-opt_10-opt_17-opt_9-opt_12,5,1007.698
ip_5,ip_12,ip_5_ip_12_p6,opt_5,opt_12,opt_5-opt_20-opt_10-opt_17-opt_9-opt_12,5,1009.629
ip_5,ip_12,ip_5_ip_12_p7,opt_5,opt_12,opt_5-opt_28-opt_11-opt_3-opt_2-opt_12,5,1014.105
ip_5,ip_12,ip_5_ip_12_p8,opt_5,opt_12,opt_5-opt_7-opt_20-opt_10-opt_17-opt_9-opt_12,6,1014.732
ip_5,ip_12,ip_5_ip_12_p9,opt_5,opt_12,opt_5-opt_24-opt_17-opt_9-opt_12,4,1014.932
ip_5,ip_13,ip_5_ip_13_p0,opt_5,opt_13,opt_5-opt_7-opt_14-opt_13,3,911.979
ip_5,ip_13,ip_5_ip_13_p1,opt_5,opt_13,opt_5-opt_28-opt_11-opt_27-opt_13,4,913.509
ip_5,ip_13,ip_5_ip_13_p2,opt_5,opt_13,opt_5-opt_28-opt_11-opt_27-opt_4-opt_13,5,913.522
ip_5,ip_13,ip_5_ip_13_p3,opt_5,opt_13,opt_5-opt_28-opt_11-opt_27-opt_16-opt_13,5,915.262
ip_5,ip_13,ip_5_ip_13_p4,opt_5,opt_13,opt_5-opt_28-opt_11-opt_27-opt_4-opt_16-opt_13,6,922.283
ip_5,ip_13,ip_5_ip_13_p5,opt_5,opt_13,opt_5-opt_28-opt_11-opt_27-opt_16-opt_4-opt_13,6,946.637
ip_5,ip_13,ip_5_ip_13_p6,opt_5,opt_13,opt_5-opt_28-opt_11-opt_3-opt_4-opt_13,5,961.955
ip_5,ip_13,ip_5_ip_13_p7,opt_5,opt_13,opt_5-opt_28-opt_11-opt_27-opt_3-opt_4-opt_13,6,963.587
ip_5,ip_13,ip_5_ip_13_p8,opt_5,opt_13,opt_5-opt_28-opt_11-opt_3-opt_16-opt_13,5,965.074
ip_5,ip_13,ip_5_ip_13_p9,opt_5,opt_13,opt_5-opt_28-opt_11-opt_27-opt_3-opt_16-opt_13,6,966.706
ip_5,ip_14,ip_5_ip_14_p0,opt_5,opt_14,opt_5-opt_7-opt_14,2,795.394
ip_5,ip_14,ip_5_ip_14_p1,opt_5,opt_14,opt_5-opt_25-opt_7-opt_14,3,854.989
ip_5,ip_14,ip_5_ip_14_p2,opt_5,opt_14,opt_5-opt_28-opt_7-opt_14,3,895.599
ip_5,ip_14,ip_5_ip_14_p3,opt_5,opt_14,opt_5-opt_28-opt_11-opt_3-opt_14,4,910.552
ip_5,ip_14,ip_5_ip_14_p4,opt_5,opt_14,opt_5-opt_28-opt_11-opt_27-opt_3-opt_14,5,912.184
ip_5,ip_14,ip_5_ip_14_p5,opt_5,opt_14,opt_5-opt_28-opt_11-opt_27-opt_4-opt_14,5,929.576
ip_5,ip_14,ip_5_ip_14_p6,opt_5,opt_14,opt_5-opt_28-opt_11-opt_27-opt_16-opt_14,5,955.440
ip_5,ip_14,ip_5_ip_14_p7,opt_5,opt_14,opt_5-opt_28-opt_11-opt_27-opt_4-opt_16-opt_14,6,962.461
ip_5,ip_14,ip_5_ip_14_p8,opt_5,opt_14,opt_5-opt_28-opt_11-opt_27-opt_16-opt_4-opt_14,6,962.691
ip_5,ip_14,ip_5_ip_14_p9,opt_5,opt_14,opt_5-opt_28-opt_11-opt_3-opt_4-opt_14,5,978.009
ip_5,ip_15,ip_5_ip_15_p0,opt_5,opt_15,opt_5-opt_29-opt_15,2,969.457
ip_5,ip_15,ip_5_ip_15_p1,opt_5,opt_15,opt_5-opt_28-opt_11-opt_27-opt_29-opt_15,5,1003.597
ip_5,ip_15,ip_5_ip_15_p2,opt_5,opt_15,opt_5-opt_28-opt_11-opt_3-opt_29-opt_15,5,1005.445
ip_5,ip_15,ip_5_ip_15_p3,opt_5,opt_15,opt_5-opt_28-opt_11-opt_27-opt_3-opt_29-opt_15,6,1007.077
ip_5,ip_15,ip_5_ip_15_p4,opt_5,opt_15,opt_5-opt_29-opt_31-opt_15,3,1007.696
ip_5,ip_15,ip_5_ip_15_p5,opt_5,opt_15,opt_5-opt_28-opt_11-opt_27-opt_29-opt_31-opt_15,6,1041.836
ip_5,ip_15,ip_5_ip_15_p6,opt_5,opt_15,opt_5-opt_28-opt_11-opt_3-opt_29-opt_31-opt_15,6,1043.684
ip_5,ip_15,ip_5_ip_15_p7,opt_5,opt_15,opt_5-opt_28-opt_11-opt_27-opt_3-opt_29-opt_31-opt_15,7,1045.316
ip_5,ip_15,ip_5_ip_15_p8,opt_5,opt_15,opt_5-opt_28-opt_11-opt_3-opt_27-opt_29-opt_15,6,1065.035
ip_5,ip_15,ip_5_ip_15_p9,opt_5,opt_15,opt_5-opt_7-opt_27-opt_29-opt_15,4,1081.627
ip_5,ip_16,ip_5_ip_16_p0,opt_5,opt_16,opt_5-opt_28-opt_11-opt_27-opt_16,4,839.931
ip_5,ip_16,ip_5_ip_16_p1,opt_5,opt_16,opt_5-opt_28-opt_11-opt_27-opt_4-opt_16,5,846.952
ip_5,ip_16,ip_5_ip_16_p2,opt_5,opt_16,opt_5-opt_28-opt_11-opt_3-opt_16,4,889.743
ip_5,ip_16,ip_5_ip_16_p3,opt_5,opt_16,opt_5-opt_28-opt_11-opt_27-opt_3-opt_16,5,891.375
ip_5,ip_16,ip_5_ip_16_p4,opt_5,opt_16,opt_5-opt_28-opt_11-opt_3-opt_4-opt_16,5,895.385
ip_5,ip_16,ip_5_ip_16_p5,opt_5,opt_16,opt_5-opt_28-opt_11-opt_27-opt_3-opt_4-opt_16,6,897.017
ip_5,ip_16,ip_5_ip_16_p6,opt_5,opt_16,opt_5-opt_28-opt_11-opt_3-opt_27-opt_16,5,901.369
ip_5,ip_16,ip_5_ip_16_p7,opt_5,opt_16,opt_5-opt_28-opt_11-opt_3-opt_27-opt_4-opt_16,6,908.390
ip_5,ip_16,ip_5_ip_16_p8,opt_5,opt_16,opt_5-opt_7-opt_14-opt_16,3,910.903
ip_5,ip_16,ip_5_ip_16_p9,opt_5,opt_16,opt_5-opt_7-opt_27-opt_16,3,917.961
ip_5,ip_17,ip_5_ip_17_p0,opt_5,opt_17,opt_5-opt_20-opt_17,2,579.856
ip_5,ip_17,ip_5_ip_17_p1,opt_5,opt_17,opt_5-opt_7-opt_20-opt_17,3,584.959
ip_5,ip_17,ip_5_ip_17_p2,opt_5,opt_17,opt_5-opt_28-opt_11-opt_17,3,592.806
ip_5,ip_17,ip_5_ip_17_p3,opt_5,opt_17,opt_5-opt_25-opt_20-opt_17,3,593.612
ip_5,ip_17,ip_5_ip_17_p4,opt_5,opt_17,opt_5-opt_7-opt_10-opt_17,3,601.000
ip_5,ip_17,ip_5_ip_17_p5,opt_5,opt_17,opt_5-opt_20-opt_10-opt_17,3,602.931
ip_5,ip_17,ip_5_ip_17_p6,opt_5,opt_17,opt_5-opt_7-opt_20-opt_10-opt_17,4,608.034
ip_5,ip_17,ip_5_ip_17_p7,opt_5,opt_17,opt_5-opt_24-opt_17,2,608.234
ip_5,ip_17,ip_5_ip_17_p8,opt_5,opt_17,opt_5-opt_25-opt_24-opt_17,3,609.068
ip_5,ip_17,ip_5_ip_17_p9,opt_5,opt_17,opt_5-opt_24-opt_20-opt_17,3,609.892
ip_5,ip_18,ip_5_ip_18_p0,opt_5,opt_18,opt_5-opt_7-opt_14-opt_18,3,955.518
ip_5,ip_18,ip_5_ip_18_p1,opt_5,opt_18,opt_5-opt_25-opt_7-opt_14-opt_18,4,1015.113
ip_5,ip_18,ip_5_ip_18_p2,opt_5,opt_18,opt_5-opt_28-opt_11-opt_27-opt_4-opt_18,5,1041.586
ip_5,ip_18,ip_5_ip_18_p3,opt_5,opt_18,opt_5-opt_28-opt_11-opt_27-opt_16-opt_18,5,1052.135
ip_5,ip_18,ip_5_ip_18_p4,opt_5,opt_18,opt_5-opt_28-opt_7-opt_14-opt_18,4,1055.723
ip_5,ip_18,ip_5_ip_18_p5,opt_5,opt_18,opt_5-opt_7-opt_14-opt_13-opt_18,4,1058.391
ip_5,ip_18,ip_5_ip_18_p6,opt_5,opt_18,opt_5-opt_28-opt_11-opt_27-opt_4-opt_16-opt_18,6,1059.156
ip_5,ip_18,ip_5_ip_18_p7,opt_5,opt_18,opt_5-opt_28-opt_11-opt_27-opt_13-opt_18,5,1059.921
ip_5,ip_18,ip_5_ip_18_p8,opt_5,opt_18,opt_5-opt_28-opt_11-opt_27-opt_4-opt_13-opt_18,6,1059.934
ip_5,ip_18,ip_5_ip_18_p9,opt_5,opt_18,opt_5-opt_28-opt_11-opt_27-opt_16-opt_13-opt_18,6,1061.674
ip_5,ip_19,ip_5_ip_19_p0,opt_5,opt_19,opt_5-opt_7-opt_19,2,498.156
ip_5,ip_19,ip_5_ip_19_p1,opt_5,opt_19,opt_5-opt_7-opt_10-opt_19,3,507.130
ip_5,ip_19,ip_5_ip_19_p2,opt_5,opt_19,opt_5-opt_20-opt_19,2,508.271
ip_5,ip_19,ip_5_ip_19_p3,opt_5,opt_19,opt_5-opt_20-opt_10-opt_19,3,509.061
ip_5,ip_19,ip_5_ip_19_p4,opt_5,opt_19,opt_5-opt_7-opt_20-opt_19,3,513.374
ip_5,ip_19,ip_5_ip_19_p5,opt_5,opt_19,opt_5-opt_7-opt_20-opt_10-opt_19,4,514.164
ip_5,ip_19,ip_5_ip_19_p6,opt_5,opt_19,opt_5-opt_25-opt_20-opt_19,3,522.027
ip_5,ip_19,ip_5_ip_19_p7,opt_5,opt_19,opt_5-opt_25-opt_10-opt_19,3,522.792
ip_5,ip_19,ip_5_ip_19_p8,opt_5,opt_19,opt_5-opt_25-opt_20-opt_10-opt_19,4,522.817
ip_5,ip_19,ip_5_ip_19_p9,opt_5,opt_19,opt_5-opt_24-opt_19,2,535.197
ip_5,ip_20,ip_5_ip_20_p0,opt_5,opt_20,opt_5-opt_20,1,338.270
ip_5,ip_20,ip_5_ip_20_p1,opt_5,opt_20,opt_5-opt_7-opt_20,2,343.373
ip_5,ip_20,ip_5_ip_20_p2,opt_5,opt_20,opt_5-opt_25-opt_20,2,352.026
ip_5,ip_20,ip_5_ip_20_p3,opt_5,opt_20,opt_5-opt_24-opt_20,2,368.306
ip_5,ip_20,ip_5_ip_20_p4,opt_5,opt_20,opt_5-opt_25-opt_24-opt_20,3,369.140
ip_5,ip_20,ip_5_ip_20_p5,opt_5,opt_20,opt_5-opt_25-opt_7-opt_20,3,402.968
ip_5,ip_20,ip_5_ip_20_p6,opt_5,opt_20,opt_5-opt_7-opt_24-opt_20,3,406.081
ip_5,ip_20,ip_5_ip_20_p7,opt_5,opt_20,opt_5-opt_28-opt_7-opt_20,3,443.578
ip_5,ip_20,ip_5_ip_20_p8,opt_5,opt_20,opt_5-opt_7-opt_25-opt_20,3,456.999
ip_5,ip_20,ip_5_ip_20_p9,opt_5,opt_20,opt_5-opt_25-opt_7-opt_24-opt_20,4,465.676
ip_5,ip_21,ip_5_ip_21_p0,opt_5,opt_21,opt_5-opt_25-opt_21,2,874.668
ip_5,ip_21,ip_5_ip_21_p1,opt_5,opt_21,opt_5-opt_20-opt_21,2,878.776
ip_5,ip_21,ip_5_ip_21_p2,opt_5,opt_21,opt_5-opt_7-opt_20-opt_21,3,883.879
ip_5,ip_21,ip_5_ip_21_p3,opt_5,opt_21,opt_5-opt_20-opt_17-opt_21,3,884.468
ip_5,ip_21,ip_5_ip_21_p4,opt_5,opt_21,opt_5-opt_7-opt_20-opt_17-opt_21,4,889.571
ip_5,ip_21,ip_5_ip_21_p5,opt_5,opt_21,opt_5-opt_25-opt_20-opt_21,3,892.532
ip_5,ip_21,ip_5_ip_21_p6,opt_5,opt_21,opt_5-opt_28-opt_11-opt_17-opt_21,4,897.418
ip_5,ip_21,ip_5_ip_21_p7,opt_5,opt_21,opt_5-opt_25-opt_20-opt_17-opt_21,4,898.224
ip_5,ip_21,ip_5_ip_21_p8,opt_5,opt_21,opt_5-opt_7-opt_10-opt_17-opt_21,4,905.612
ip_5,ip_21,ip_5_ip_21_p9,opt_5,opt_21,opt_5-opt_20-opt_10-opt_17-opt_21,4,907.543
ip_5,ip_22,ip_5_ip_22_p0,opt_5,opt_22,opt_5-opt_28-opt_11-opt_3-opt_2-opt_22,5,1149.902
ip_5,ip_22,ip_5_ip_22_p1,opt_5,opt_22,opt_5-opt_28-opt_11-opt_27-opt_3-opt_2-opt_22,6,1151.534
ip_5,ip_22,ip_5_ip_22_p2,opt_5,opt_22,opt_5-opt_25-opt_22,2,1206.720
ip_5,ip_22,ip_5_ip_22_p3,opt_5,opt_22,opt_5-opt_25-opt_9-opt_12-opt_22,4,1210.886
ip_5,ip_22,ip_5_ip_22_p4,opt_5,opt_22,opt_5-opt_7-opt_27-opt_3-opt_2-opt_22,5,1229.564
ip_5,ip_22,ip_5_ip_22_p5,opt_5,opt_22,opt_5-opt_7-opt_11-opt_3-opt_2-opt_22,5,1231.520
ip_5,ip_22,ip_5_ip_22_p6,opt_5,opt_22,opt_5-opt_7-opt_11-opt_27-opt_3-opt_2-opt_22,6,1233.152
ip_5,ip_22,ip_5_ip_22_p7,opt_5,opt_22,opt_5-opt_20-opt_17-opt_9-opt_12-opt_22,5,1248.067
ip_5,ip_22,ip_5_ip_22_p8,opt_5,opt_22,opt_5-opt_7-opt_20-opt_17-opt_9-opt_12-opt_22,6,1253.170
ip_5,ip_22,ip_5_ip_22_p9,opt_5,opt_22,opt_5-opt_29-opt_2-opt_22,3,1254.252
ip_5,ip_23,ip_5_ip_23_p0,opt_5,opt_23,opt_5-opt_28-opt_11-opt_27-opt_23,4,1111.827
ip_5,ip_23,ip_5_ip_23_p1,opt_5,opt_23,opt_5-opt_29-opt_23,2,1123.322
ip_5,ip_23,ip_5_ip_23_p2,opt_5,opt_23,opt_5-opt_28-opt_11-opt_3-opt_2-opt_23,5,1134.184
ip_5,ip_23,ip_5_ip_23_p3,opt_5,opt_23,opt_5-opt_28-opt_11-opt_27-opt_3-opt_2-opt_23,6,1135.816
ip_5,ip_23,ip_5_ip_23_p4,opt_5,opt_23,opt_5-opt_28-opt_11-opt_27-opt_29-opt_23,5,1157.462
ip_5,ip_23,ip_5_ip_23_p5,opt_5,opt_23,opt_5-opt_28-opt_11-opt_3-opt_29-opt_23,5,1159.310
ip_5,ip_23,ip_5_ip_23_p6,opt_5,opt_23,opt_5-opt_28-opt_11-opt_27-opt_3-opt_29-opt_23,6,1160.942
ip_5,ip_23,ip_5_ip_23_p7,opt_5,opt_23,opt_5-opt_28-opt_11-opt_3-opt_27-opt_23,5,1173.265
ip_5,ip_23,ip_5_ip_23_p8,opt_5,opt_23,opt_5-opt_7-opt_27-opt_23,3,1189.857
ip_5,ip_23,ip_5_ip_23_p9,opt_5,opt_23,opt_5-opt_7-opt_11-opt_27-opt_23,4,1193.445
ip_5,ip_24,ip_5_ip_24_p0,opt_5,opt_24,opt_5-opt_24,1,280.900
ip_5,ip_24,ip_5_ip_24_p1,opt_5,opt_24,opt_5-opt_25-opt_24,2,281.734
ip_5,ip_24,ip_5_ip_24_p2,opt_5,opt_24,opt_5-opt_7-opt_24,2,318.675
ip_5,ip_24,ip_5_ip_24_p3,opt_5,opt_24,opt_5-opt_25-opt_7-opt_24,3,378.270
ip_5,ip_24,ip_5_ip_24_p4,opt_5,opt_24,opt_5-opt_7-opt_25-opt_24,3,386.707
ip_5,ip_24,ip_5_ip_24_p5,opt_5,opt_24,opt_5-opt_28-opt_24,2,414.402
ip_5,ip_24,ip_5_ip_24_p6,opt_5,opt_24,opt_5-opt_28-opt_7-opt_24,3,418.880
ip_5,ip_24,ip_5_ip_24_p7,opt_5,opt_24,opt_5-opt_20-opt_24,2,425.676
ip_5,ip_24,ip_5_ip_24_p8,opt_5,opt_24,opt_5-opt_7-opt_20-opt_24,3,430.779
ip_5,ip_24,ip_5_ip_24_p9,opt_5,opt_24,opt_5-opt_28-opt_25-opt_24,3,436.436
ip_5,ip_25,ip_5_ip_25_p0,opt_5,opt_25,opt_5-opt_25,1,181.612
ip_5,ip_25,ip_5_ip_25_p1,opt_5,opt_25,opt_5-opt_7-opt_25,2,286.585
ip_5,ip_25,ip_5_ip_25_p2,opt_5,opt_25,opt_5-opt_28-opt_25,2,336.314
ip_5,ip_25,ip_5_ip_25_p3,opt_5,opt_25,opt_5-opt_24-opt_25,2,381.022
ip_5,ip_25,ip_5_ip_25_p4,opt_5,opt_25,opt_5-opt_28-opt_7-opt_25,3,386.790
ip_5,ip_25,ip_5_ip_25_p5,opt_5,opt_25,opt_5-opt_7-opt_24-opt_25,3,418.797
ip_5,ip_25,ip_5_ip_25_p6,opt_5,opt_25,opt_5-opt_24-opt_7-opt_25,3,477.558
ip_5,ip_25,ip_5_ip_25_p7,opt_5,opt_25,opt_5-opt_20-opt_25,2,508.684
ip_5,ip_25,ip_5_ip_25_p8,opt_5,opt_25,opt_5-opt_7-opt_20-opt_25,3,513.787
ip_5,ip_25,ip_5_ip_25_p9,opt_5,opt_25,opt_5-opt_28-opt_24-opt_25,3,514.524
ip_5,ip_26,ip_5_ip_26_p0,opt_5,opt_26,opt_5-opt_25-opt_21-opt_26,3,971.475
ip_5,ip_26,ip_5_ip_26_p1,opt_5,opt_26,opt_5-opt_20-opt_21-opt_26,3,975.583
ip_5,ip_26,ip_5_ip_26_p2,opt_5,opt_26,opt_5-opt_7-opt_19-opt_26,3,979.838
ip_5,ip_26,ip_5_ip_26_p3,opt_5,opt_26,opt_5-opt_7-opt_20-opt_21-opt_26,4,980.686
ip_5,ip_26,ip_5_ip_26_p4,opt_5,opt_26,opt_5-opt_20-opt_17-opt_26,3,981.239
ip_5,ip_26,ip_5_ip_26_p5,opt_5,opt_26,opt_5-opt_20-opt_17-opt_21-opt_26,4,981.275
ip_5,ip_26,ip_5_ip_26_p6,opt_5,opt_26,opt_5-opt_7-opt_20-opt_17-opt_26,4,986.342
ip_5,ip_26,ip_5_ip_26_p7,opt_5,opt_26,opt_5-opt_7-opt_20-opt_17-opt_21-opt_26,5,986.378
ip_5,ip_26,ip_5_ip_26_p8,opt_5,opt_26,opt_5-opt_7-opt_10-opt_19-opt_26,4,988.812
ip_5,ip_26,ip_5_ip_26_p9,opt_5,opt_26,opt_5-opt_25-opt_20-opt_21-opt_26,4,989.339
ip_5,ip_27,ip_5_ip_27_p0,opt_5,opt_27,opt_5-opt_28-opt_11-opt_27,3,578.013
ip_5,ip_27,ip_5_ip_27_p1,opt_5,opt_27,opt_5-opt_28-opt_11-opt_3-opt_27,4,639.451
ip_5,ip_27,ip_5_ip_27_p2,opt_5,opt_27,opt_5-opt_7-opt_27,2,656.043
ip_5,ip_27,ip_5_ip_27_p3,opt_5,opt_27,opt_5-opt_7-opt_11-opt_27,3,659.631
ip_5,ip_27,ip_5_ip_27_p4,opt_5,opt_27,opt_5-opt_25-opt_7-opt_27,3,715.638
ip_5,ip_27,ip_5_ip_27_p5,opt_5,opt_27,opt_5-opt_25-opt_11-opt_27,3,716.948
ip_5,ip_27,ip_5_ip_27_p6,opt_5,opt_27,opt_5-opt_25-opt_7-opt_11-opt_27,4,719.226
ip_5,ip_27,ip_5_ip_27_p7,opt_5,opt_27,opt_5-opt_7-opt_11-opt_3-opt_27,4,721.069
ip_5,ip_27,ip_5_ip_27_p8,opt_5,opt_27,opt_5-opt_28-opt_7-opt_27,3,756.248
ip_5,ip_27,ip_5_ip_27_p9,opt_5,opt_27,opt_5-opt_28-opt_7-opt_11-opt_27,4,759.836
ip_5,ip_28,ip_5_ip_28_p0,opt_5,opt_28,opt_5-opt_28,1,127.869
ip_5,ip_28,ip_5_ip_28_p1,opt_5,opt_28,opt_5-opt_7-opt_28,2,380.938
ip_5,ip_28,ip_5_ip_28_p2,opt_5,opt_28,opt_5-opt_25-opt_28,2,390.057
ip_5,ip_28,ip_5_ip_28_p3,opt_5,opt_28,opt_5-opt_25-opt_7-opt_28,3,440.533
ip_5,ip_28,ip_5_ip_28_p4,opt_5,opt_28,opt_5-opt_7-opt_25-opt_28,3,495.030
ip_5,ip_28,ip_5_ip_28_p5,opt_5,opt_28,opt_5-opt_24-opt_28,2,567.433
ip_5,ip_28,ip_5_ip_28_p6,opt_5,opt_28,opt_5-opt_25-opt_24-opt_28,3,568.267
ip_5,ip_28,ip_5_ip_28_p7,opt_5,opt_28,opt_5-opt_24-opt_7-opt_28,3,571.911
ip_5,ip_28,ip_5_ip_28_p8,opt_5,opt_28,opt_5-opt_25-opt_24-opt_7-opt_28,4,572.745
ip_5,ip_28,ip_5_ip_28_p9,opt_5,opt_28,opt_5-opt_24-opt_25-opt_28,3,589.467
ip_5,ip_29,ip_5_ip_29_p0,opt_5,opt_29,opt_5-opt_29,1,801.414
ip_5,ip_29,ip_5_ip_29_p1,opt_5,opt_29,opt_5-opt_28-opt_11-opt_27-opt_29,4,835.554
ip_5,ip_29,ip_5_ip_29_p2,opt_5,opt_29,opt_5-opt_28-opt_11-opt_3-opt_29,4,837.402
ip_5,ip_29,ip_5_ip_29_p3,opt_5,opt_29,opt_5-opt_28-opt_11-opt_27-opt_3-opt_29,5,839.034
ip_5,ip_29,ip_5_ip_29_p4,opt_5,opt_29,opt_5-opt_28-opt_11-opt_3-opt_27-opt_29,5,896.992
ip_5,ip_29,ip_5_ip_29_p5,opt_5,opt_29,opt_5-opt_7-opt_27-opt_29,3,913.584
ip_5,ip_29,ip_5_ip_29_p6,opt_5,opt_29,opt_5-opt_7-opt_27-opt_3-opt_29,4,917.064
ip_5,ip_29,ip_5_ip_29_p7,opt_5,opt_29,opt_5-opt_7-opt_11-opt_27-opt_29,4,917.172
ip_5,ip_29,ip_5_ip_29_p8,opt_5,opt_29,opt_5-opt_7-opt_11-opt_3-opt_29,4,919.020
ip_5,ip_29,ip_5_ip_29_p9,opt_5,opt_29,opt_5-opt_7-opt_11-opt_27-opt_3-opt_29,5,920.652
ip_5,ip_30,ip_5_ip_30_p0,opt_5,opt_30,opt_5-opt_28-opt_11-opt_27-opt_16-opt_30,5,986.572
ip_5,ip_30,ip_5_ip_30_p1,opt_5,opt_30,opt_5-opt_28-opt_11-opt_27-opt_4-opt_30,5,991.226
ip_5,ip_30,ip_5_ip_30_p2,opt_5,opt_30,opt_5-opt_28-opt_11-opt_27-opt_4-opt_16-opt_30,6,993.593
ip_5,ip_30,ip_5_ip_30_p3,opt_5,opt_30,opt_5-opt_7-opt_14-opt_30,3,1002.491
ip_5,ip_30,ip_5_ip_30_p4,opt_5,opt_30,opt_5-opt_7-opt_14-opt_13-opt_30,4,1003.748
ip_5,ip_30,ip_5_ip_30_p5,opt_5,opt_30,opt_5-opt_28-opt_11-opt_27-opt_13-opt_30,5,1005.278
ip_5,ip_30,ip_5_ip_30_p6,opt_5,opt_30,opt_5-opt_28-opt_11-opt_27-opt_4-opt_13-opt_30,6,1005.291
ip_5,ip_30,ip_5_ip_30_p7,opt_5,opt_30,opt_5-opt_28-opt_11-opt_27-opt_16-opt_13-opt_30,6,1007.031
ip_5,ip_30,ip_5_ip_30_p8,opt_5,opt_30,opt_5-opt_28-opt_11-opt_27-opt_4-opt_16-opt_13-opt_30,7,1014.052
ip_5,ip_30,ip_5_ip_30_p9,opt_5,opt_30,opt_5-opt_28-opt_11-opt_27-opt_16-opt_4-opt_30,6,1024.341
ip_5,ip_31,ip_5_ip_31_p0,opt_5,opt_31,opt_5-opt_29-opt_31,2,980.632
ip_5,ip_31,ip_5_ip_31_p1,opt_5,opt_31,opt_5-opt_29-opt_15-opt_31,3,996.521
ip_5,ip_31,ip_5_ip_31_p2,opt_5,opt_31,opt_5-opt_28-opt_11-opt_27-opt_29-opt_31,5,1014.772
ip_5,ip_31,ip_5_ip_31_p3,opt_5,opt_31,opt_5-opt_28-opt_11-opt_3-opt_29-opt_31,5,1016.620
ip_5,ip_31,ip_5_ip_31_p4,opt_5,opt_31,opt_5-opt_28-opt_11-opt_27-opt_3-opt_29-opt_31,6,1018.252
ip_5,ip_31,ip_5_ip_31_p5,opt_5,opt_31,opt_5-opt_28-opt_11-opt_27-opt_29-opt_15-opt_31,6,1030.661
ip_5,ip_31,ip_5_ip_31_p6,opt_5,opt_31,opt_5-opt_28-opt_11-opt_3-opt_29-opt_15-opt_31,6,1032.509
ip_5,ip_31,ip_5_ip_31_p7,opt_5,opt_31,opt_5-opt_28-opt_11-opt_27-opt_3-opt_29-opt_15-opt_31,7,1034.141
ip_5,ip_31,ip_5_ip_31_p8,opt_5,opt_31,opt_5-opt_28-opt_11-opt_3-opt_27-opt_29-opt_31,6,1076.210
ip_5,ip_31,ip_5_ip_31_p9,opt_5,opt_31,opt_5-opt_28-opt_11-opt_3-opt_27-opt_29-opt_15-opt_31,7,1092.099
ip_6,ip_7,ip_6_ip_7_p0,opt_6,opt_7,opt_6-opt_14-opt_7,2,908.819
ip_6,ip_7,ip_6_ip_7_p1,opt_6,opt_7,opt_6-opt_29-opt_27-opt_7,3,940.520
ip_6,ip_7,ip_6_ip_7_p2,opt_6,opt_7,opt_6-opt_29-opt_3-opt_27-opt_7,4,944.000
ip_6,ip_7,ip_6_ip_7_p3,opt_6,opt_7,opt_6-opt_29-opt_27-opt_11-opt_7,4,944.108
ip_6,ip_7,ip_6_ip_7_p4,opt_6,opt_7,opt_6-opt_29-opt_3-opt_11-opt_7,4,945.956
ip_6,ip_7,ip_6_ip_7_p5,opt_6,opt_7,opt_6-opt_29-opt_3-opt_27-opt_11-opt_7,5,947.588
ip_6,ip_7,ip_6_ip_7_p6,opt_6,opt_7,opt_6-opt_15-opt_29-opt_27-opt_7,4,974.606
ip_6,ip_7,ip_6_ip_7_p7,opt_6,opt_7,opt_6-opt_15-opt_29-opt_3-opt_27-opt_7,5,978.086
ip_6,ip_7,ip_6_ip_7_p8,opt_6,opt_7,opt_6-opt_15-opt_29-opt_27-opt_11-opt_7,5,978.194
ip_6,ip_7,ip_6_ip_7_p9,opt_6,opt_7,opt_6-opt_15-opt_29-opt_3-opt_11-opt_7,5,980.042
ip_6,ip_8,ip_6_ip_8_p0,opt_6,opt_8,opt_6-opt_8,1,257.580
ip_6,ip_8,ip_6_ip_8_p1,opt_6,opt_8,opt_6-opt_14-opt_8,2,612.690
ip_6,ip_8,ip_6_ip_8_p2,opt_6,opt_8,opt_6-opt_14-opt_0-opt_8,3,652.395
ip_6,ip_8,ip_6_ip_8_p3,opt_6,opt_8,opt_6-opt_14-opt_18-opt_8,3,737.798
ip_6,ip_8,ip_6_ip_8_p4,opt_6,opt_8,opt_6-opt_14-opt_18-opt_0-opt_8,4,738.549
ip_6,ip_8,ip_6_ip_8_p5,opt_6,opt_8,opt_6-opt_14-opt_13-opt_0-opt_8,4,819.332
ip_6,ip_8,ip_6_ip_8_p6,opt_6,opt_8,opt_6-opt_14-opt_13-opt_18-opt_8,4,840.671
ip_6,ip_8,ip_6_ip_8_p7,opt_6,opt_8,opt_6-opt_14-opt_13-opt_18-opt_0-opt_8,5,841.422
ip_6,ip_8,ip_6_ip_8_p8,opt_6,opt_8,opt_6-opt_14-opt_16-opt_0-opt_8,4,865.274
ip_6,ip_8,ip_6_ip_8_p9,opt_6,opt_8,opt_6-opt_14-opt_4-opt_16-opt_0-opt_8,5,872.525
ip_6,ip_9,ip_6_ip_9_p0,opt_6,opt_9,opt_6-opt_29-opt_3-opt_9,3,692.406
ip_6,ip_9,ip_6_ip_9_p1,opt_6,opt_9,opt_6-opt_29-opt_2-opt_9,3,713.980
ip_6,ip_9,ip_6_ip_9_p2,opt_6,opt_9,opt_6-opt_29-opt_12-opt_9,3,723.976
ip_6,ip_9,ip_6_ip_9_p3,opt_6,opt_9,opt_6-opt_15-opt_29-opt_3-opt_9,4,726.492
ip_6,ip_9,ip_6_ip_9_p4,opt_6,opt_9,opt_6-opt_29-opt_27-opt_9,3,729.910
ip_6,ip_9,ip_6_ip_9_p5,opt_6,opt_9,opt_6-opt_29-opt_3-opt_27-opt_9,4,733.390
ip_6,ip_9,ip_6_ip_9_p6,opt_6,opt_9,opt_6-opt_29-opt_2-opt_12-opt_9,4,746.208
ip_6,ip_9,ip_6_ip_9_p7,opt_6,opt_9,opt_6-opt_15-opt_29-opt_2-opt_9,4,748.066
ip_6,ip_9,ip_6_ip_9_p8,opt_6,opt_9,opt_6-opt_29-opt_27-opt_3-opt_9,4,751.996
ip_6,ip_9,ip_6_ip_9_p9,opt_6,opt_9,opt_6-opt_31-opt_29-opt_3-opt_9,4,757.196
ip_6,ip_10,ip_6_ip_10_p0,opt_6,opt_10,opt_6-opt_29-opt_27-opt_11-opt_10,4,1025.990
ip_6,ip_10,ip_6_ip_10_p1,opt_6,opt_10,opt_6-opt_29-opt_3-opt_11-opt_10,4,1027.838
ip_6,ip_10,ip_6_ip_10_p2,opt_6,opt_10,opt_6-opt_29-opt_3-opt_27-opt_11-opt_10,5,1029.470
ip_6,ip_10,ip_6_ip_10_p3,opt_6,opt_10,opt_6-opt_15-opt_29-opt_27-opt_11-opt_10,5,1060.076
ip_6,ip_10,ip_6_ip_10_p4,opt_6,opt_10,opt_6-opt_15-opt_29-opt_3-opt_11-opt_10,5,1061.924
ip_6,ip_10,ip_6_ip_10_p5,opt_6,opt_10,opt_6-opt_15-opt_29-opt_3-opt_27-opt_11-opt_10,6,1063.556
ip_6,ip_10,ip_6_ip_10_p6,opt_6,opt_10,opt_6-opt_29-opt_27-opt_11-opt_20-opt_10,5,1081.988
ip_6,ip_10,ip_6_ip_10_p7,opt_6,opt_10,opt_6-opt_29-opt_3-opt_11-opt_20-opt_10,5,1083.836
ip_6,ip_10,ip_6_ip_10_p8,opt_6,opt_10,opt_6-opt_29-opt_3-opt_27-opt_11-opt_20-opt_10,6,1085.468
ip_6,ip_10,ip_6_ip_10_p9,opt_6,opt_10,opt_6-opt_29-opt_3-opt_9-opt_17-opt_10,5,1086.658
ip_6,ip_11,ip_6_ip_11_p0,opt_6,opt_11,opt_6-opt_29-opt_27-opt_11,3,734.722
ip_6,ip_11,ip_6_ip_11_p1,opt_6,opt_11,opt_6-opt_29-opt_3-opt_11,3,736.570
ip_6,ip_11,ip_6_ip_11_p2,opt_6,opt_11,opt_6-opt_29-opt_3-opt_27-opt_11,4,738.202
ip_6,ip_11,ip_6_ip_11_p3,opt_6,opt_11,opt_6-opt_15-opt_29-opt_27-opt_11,4,768.808
ip_6,ip_11,ip_6_ip_11_p4,opt_6,opt_11,opt_6-opt_15-opt_29-opt_3-opt_11,4,770.656
ip_6,ip_11,ip_6_ip_11_p5,opt_6,opt_11,opt_6-opt_15-opt_29-opt_3-opt_27-opt_11,5,772.288
ip_6,ip_11,ip_6_ip_11_p6,opt_6,opt_11,opt_6-opt_29-opt_27-opt_3-opt_11,4,796.160
ip_6,ip_11,ip_6_ip_11_p7,opt_6,opt_11,opt_6-opt_31-opt_29-opt_27-opt_11,4,799.512
ip_6,ip_11,ip_6_ip_11_p8,opt_6,opt_11,opt_6-opt_31-opt_29-opt_3-opt_11,4,801.360
ip_6,ip_11,ip_6_ip_11_p9,opt_6,opt_11,opt_6-opt_31-opt_29-opt_3-opt_27-opt_11,5,802.992
ip_6,ip_12,ip_6_ip_12_p0,opt_6,opt_12,opt_6-opt_29-opt_12,2,526.046
ip_6,ip_12,ip_6_ip_12_p1,opt_6,opt_12,opt_6-opt_29-opt_2-opt_12,3,548.278
ip_6,ip_12,ip_6_ip_12_p2,opt_6,opt_12,opt_6-opt_15-opt_29-opt_12,3,560.132
ip_6,ip_12,ip_6_ip_12_p3,opt_6,opt_12,opt_6-opt_15-opt_29-opt_2-opt_12,4,582.364
ip_6,ip_12,ip_6_ip_12_p4,opt_6,opt_12,opt_6-opt_31-opt_29-opt_12,3,590.836
ip_6,ip_12,ip_6_ip_12_p5,opt_6,opt_12,opt_6-opt_15-opt_31-opt_29-opt_12,4,598.371
ip_6,ip_12,ip_6_ip_12_p6,opt_6,opt_12,opt_6-opt_31-opt_15-opt_29-opt_12,4,606.725
ip_6,ip_12,ip_6_ip_12_p7,opt_6,opt_12,opt_6-opt_31-opt_29-opt_2-opt_12,4,613.068
ip_6,ip_12,ip_6_ip_12_p8,opt_6,opt_12,opt_6-opt_15-opt_31-opt_29-opt_2-opt_12,5,620.603
ip_6,ip_12,ip_6_ip_12_p9,opt_6,opt_12,opt_6-opt_31-opt_15-opt_29-opt_2-opt_12,5,628.957
ip_6,ip_13,ip_6_ip_13_p0,opt_6,opt_13,opt_6-opt_14-opt_13,2,434.311
ip_6,ip_13,ip_6_ip_13_p1,opt_6,opt_13,opt_6-opt_14-opt_4-opt_13,3,507.056
ip_6,ip_13,ip_6_ip_13_p2,opt_6,opt_13,opt_6-opt_14-opt_16-opt_13,3,508.566
ip_6,ip_13,ip_6_ip_13_p3,opt_6,opt_13,opt_6-opt_14-opt_4-opt_16-opt_13,4,515.817
ip_6,ip_13,ip_6_ip_13_p4,opt_6,opt_13,opt_6-opt_14-opt_16-opt_4-opt_13,4,539.941
ip_6,ip_13,ip_6_ip_13_p5,opt_6,opt_13,opt_6-opt_14-opt_30-opt_13,3,616.592
ip_6,ip_13,ip_6_ip_13_p6,opt_6,opt_13,opt_6-opt_14-opt_18-opt_13,3,624.262
ip_6,ip_13,ip_6_ip_13_p7,opt_6,opt_13,opt_6-opt_8-opt_0-opt_13,3,642.601
ip_6,ip_13,ip_6_ip_13_p8,opt_6,opt_13,opt_6-opt_8-opt_18-opt_13,3,663.940
ip_6,ip_13,ip_6_ip_13_p9,opt_6,opt_13,opt_6-opt_8-opt_0-opt_18-opt_13,4,664.691
ip_6,ip_14,ip_6_ip_14_p0,opt_6,opt_14,opt_6-opt_14,1,317.726
ip_6,ip_14,ip_6_ip_14_p1,opt_6,opt_14,opt_6-opt_8-opt_14,2,552.544
ip_6,ip_14,ip_6_ip_14_p2,opt_6,opt_14,opt_6-opt_8-opt_0-opt_14,3,592.249
ip_6,ip_14,ip_6_ip_14_p3,opt_6,opt_14,opt_6-opt_8-opt_18-opt_14,3,677.652
ip_6,ip_14,ip_6_ip_14_p4,opt_6,opt_14,opt_6-opt_8-opt_0-opt_18-opt_14,4,678.403
ip_6,ip_14,ip_6_ip_14_p5,opt_6,opt_14,opt_6-opt_31-opt_16-opt_14,3,720.290
ip_6,ip_14,ip_6_ip_14_p6,opt_6,opt_14,opt_6-opt_31-opt_16-opt_4-opt_14,4,727.541
ip_6,ip_14,ip_6_ip_14_p7,opt_6,opt_14,opt_6-opt_15-opt_31-opt_16-opt_14,4,727.825
ip_6,ip_14,ip_6_ip_14_p8,opt_6,opt_14,opt_6-opt_15-opt_31-opt_16-opt_4-opt_14,5,735.076
ip_6,ip_14,ip_6_ip_14_p9,opt_6,opt_14,opt_6-opt_8-opt_0-opt_13-opt_14,4,759.186
ip_6,ip_15,ip_6_ip_15_p0,opt_6,opt_15,opt_6-opt_15,1,97.280
ip_6,ip_15,ip_6_ip_15_p1,opt_6,opt_15,opt_6-opt_31-opt_15,2,143.873
ip_6,ip_15,ip_6_ip_15_p2,opt_6,opt_15,opt_6-opt_29-opt_15,2,399.280
ip_6,ip_15,ip_6_ip_15_p3,opt_6,opt_15,opt_6-opt_29-opt_31-opt_15,3,437.519
ip_6,ip_15,ip_6_ip_15_p4,opt_6,opt_15,opt_6-opt_31-opt_29-opt_15,3,464.070
ip_6,ip_15,ip_6_ip_15_p5,opt_6,opt_15,opt_6-opt_29-opt_23-opt_31-opt_15,4,913.915
ip_6,ip_15,ip_6_ip_15_p6,opt_6,opt_15,opt_6-opt_31-opt_23-opt_29-opt_15,4,940.466
ip_6,ip_15,ip_6_ip_15_p7,opt_6,opt_15,opt_6-opt_14-opt_16-opt_31-opt_15,4,948.271
ip_6,ip_15,ip_6_ip_15_p8,opt_6,opt_15,opt_6-opt_14-opt_4-opt_16-opt_31-opt_15,5,955.522
ip_6,ip_15,ip_6_ip_15_p9,opt_6,opt_15,opt_6-opt_14-opt_3-opt_29-opt_15,4,1017.891
ip_6,ip_16,ip_6_ip_16_p0,opt_6,opt_16,opt_6-opt_14-opt_16,2,433.235
ip_6,ip_16,ip_6_ip_16_p1,opt_6,opt_16,opt_6-opt_14-opt_4-opt_16,3,440.486
ip_6,ip_16,ip_6_ip_16_p2,opt_6,opt_16,opt_6-opt_14-opt_13-opt_16,3,509.642
ip_6,ip_16,ip_6_ip_16_p3,opt_6,opt_16,opt_6-opt_14-opt_13-opt_4-opt_16,4,541.017
ip_6,ip_16,ip_6_ip_16_p4,opt_6,opt_16,opt_6-opt_14-opt_4-opt_13-opt_16,4,582.387
ip_6,ip_16,ip_6_ip_16_p5,opt_6,opt_16,opt_6-opt_31-opt_16,2,604.781
ip_6,ip_16,ip_6_ip_16_p6,opt_6,opt_16,opt_6-opt_15-opt_31-opt_16,3,612.316
ip_6,ip_16,ip_6_ip_16_p7,opt_6,opt_16,opt_6-opt_8-opt_14-opt_16,3,668.053
ip_6,ip_16,ip_6_ip_16_p8,opt_6,opt_16,opt_6-opt_14-opt_30-opt_16,3,671.464
ip_6,ip_16,ip_6_ip_16_p9,opt_6,opt_16,opt_6-opt_14-opt_13-opt_30-opt_16,4,672.721
ip_6,ip_17,ip_6_ip_17_p0,opt_6,opt_17,opt_6-opt_29-opt_3-opt_9-opt_17,4,901.174
ip_6,ip_17,ip_6_ip_17_p1,opt_6,opt_17,opt_6-opt_29-opt_2-opt_9-opt_17,4,922.748
ip_6,ip_17,ip_6_ip_17_p2,opt_6,opt_17,opt_6-opt_29-opt_12-opt_9-opt_17,4,932.744
ip_6,ip_17,ip_6_ip_17_p3,opt_6,opt_17,opt_6-opt_15-opt_29-opt_3-opt_9-opt_17,5,935.260
ip_6,ip_17,ip_6_ip_17_p4,opt_6,opt_17,opt_6-opt_29-opt_27-opt_9-opt_17,4,938.678
ip_6,ip_17,ip_6_ip_17_p5,opt_6,opt_17,opt_6-opt_29-opt_3-opt_27-opt_9-opt_17,5,942.158
ip_6,ip_17,ip_6_ip_17_p6,opt_6,opt_17,opt_6-opt_29-opt_2-opt_12-opt_9-opt_17,5,954.976
ip_6,ip_17,ip_6_ip_17_p7,opt_6,opt_17,opt_6-opt_15-opt_29-opt_2-opt_9-opt_17,5,956.834
ip_6,ip_17,ip_6_ip_17_p8,opt_6,opt_17,opt_6-opt_29-opt_27-opt_3-opt_9-opt_17,5,960.764
ip_6,ip_17,ip_6_ip_17_p9,opt_6,opt_17,opt_6-opt_31-opt_29-opt_3-opt_9-opt_17,5,965.964
ip_6,ip_18,ip_6_ip_18_p0,opt_6,opt_18,opt_6-opt_14-opt_18,2,477.850
ip_6,ip_18,ip_6_ip_18_p1,opt_6,opt_18,opt_6-opt_8-opt_18,2,517.528
ip_6,ip_18,ip_6_ip_18_p2,opt_6,opt_18,opt_6-opt_8-opt_0-opt_18,3,518.279
ip_6,ip_18,ip_6_ip_18_p3,opt_6,opt_18,opt_6-opt_14-opt_13-opt_18,3,580.723
ip_6,ip_18,ip_6_ip_18_p4,opt_6,opt_18,opt_6-opt_14-opt_4-opt_18,3,635.120
ip_6,ip_18,ip_6_ip_18_p5,opt_6,opt_18,opt_6-opt_14-opt_16-opt_18,3,645.439
ip_6,ip_18,ip_6_ip_18_p6,opt_6,opt_18,opt_6-opt_14-opt_4-opt_16-opt_18,4,652.690
ip_6,ip_18,ip_6_ip_18_p7,opt_6,opt_18,opt_6-opt_14-opt_4-opt_13-opt_18,4,653.468
ip_6,ip_18,ip_6_ip_18_p8,opt_6,opt_18,opt_6-opt_14-opt_16-opt_13-opt_18,4,654.978
ip_6,ip_18,ip_6_ip_18_p9,opt_6,opt_18,opt_6-opt_14-opt_4-opt_16-opt_13-opt_18,5,662.229
ip_6,ip_19,ip_6_ip_19_p0,opt_6,opt_19,opt_6-opt_29-opt_3-opt_9-opt_19,4,1027.339
ip_6,ip_19,ip_6_ip_19_p1,opt_6,opt_19,opt_6-opt_29-opt_3-opt_9-opt_17-opt_19,5,1033.478
ip_6,ip_19,ip_6_ip_19_p2,opt_6,opt_19,opt_6-opt_29-opt_2-opt_9-opt_19,4,1048.913
ip_6,ip_19,ip_6_ip_19_p3,opt_6,opt_19,opt_6-opt_29-opt_12-opt_19,3,1051.690
ip_6,ip_19,ip_6_ip_19_p4,opt_6,opt_19,opt_6-opt_29-opt_2-opt_9-opt_17-opt_19,5,1055.052
ip_6,ip_19,ip_6_ip_19_p5,opt_6,opt_19,opt_6-opt_29-opt_12-opt_9-opt_19,4,1058.909
ip_6,ip_19,ip_6_ip_19_p6,opt_6,opt_19,opt_6-opt_15-opt_29-opt_3-opt_9-opt_19,5,1061.425
ip_6,ip_19,ip_6_ip_19_p7,opt_6,opt_19,opt_6-opt_29-opt_27-opt_9-opt_19,4,1064.843
ip_6,ip_19,ip_6_ip_19_p8,opt_6,opt_19,opt_6-opt_29-opt_12-opt_9-opt_17-opt_19,5,1065.048
ip_6,ip_19,ip_6_ip_19_p9,opt_6,opt_19,opt_6-opt_15-opt_29-opt_3-opt_9-opt_17-opt_19,6,1067.564
ip_6,ip_20,ip_6_ip_20_p0,opt_6,opt_20,opt_6-opt_29-opt_27-opt_11-opt_20,4,1002.811
ip_6,ip_20,ip_6_ip_20_p1,opt_6,opt_20,opt_6-opt_29-opt_3-opt_11-opt_20,4,1004.659
ip_6,ip_20,ip_6_ip_20_p2,opt_6,opt_20,opt_6-opt_29-opt_3-opt_27-opt_11-opt_20,5,1006.291
ip_6,ip_20,ip_6_ip_20_p3,opt_6,opt_20,opt_6-opt_15-opt_29-opt_27-opt_11-opt_20,5,1036.897
ip_6,ip_20,ip_6_ip_20_p4,opt_6,opt_20,opt_6-opt_15-opt_29-opt_3-opt_11-opt_20,5,1038.745
ip_6,ip_20,ip_6_ip_20_p5,opt_6,opt_20,opt_6-opt_15-opt_29-opt_3-opt_27-opt_11-opt_20,6,1040.377
ip_6,ip_20,ip_6_ip_20_p6,opt_6,opt_20,opt_6-opt_14-opt_7-opt_20,3,1047.891
ip_6,ip_20,ip_6_ip_20_p7,opt_6,opt_20,opt_6-opt_29-opt_27-opt_3-opt_11-opt_20,5,1064.249
ip_6,ip_20,ip_6_ip_20_p8,opt_6,opt_20,opt_6-opt_31-opt_29-opt_27-opt_11-opt_20,5,1067.601
ip_6,ip_20,ip_6_ip_20_p9,opt_6,opt_20,opt_6-opt_31-opt_29-opt_3-opt_11-opt_20,5,1069.449
ip_6,ip_21,ip_6_ip_21_p0,opt_6,opt_21,opt_6-opt_29-opt_12-opt_21,3,742.626
ip_6,ip_21,ip_6_ip_21_p1,opt_6,opt_21,opt_6-opt_29-opt_2-opt_12-opt_21,4,764.858
ip_6,ip_21,ip_6_ip_21_p2,opt_6,opt_21,opt_6-opt_15-opt_29-opt_12-opt_21,4,776.712
ip_6,ip_21,ip_6_ip_21_p3,opt_6,opt_21,opt_6-opt_15-opt_29-opt_2-opt_12-opt_21,5,798.944
ip_6,ip_21,ip_6_ip_21_p4,opt_6,opt_21,opt_6-opt_31-opt_29-opt_12-opt_21,4,807.416
ip_6,ip_21,ip_6_ip_21_p5,opt_6,opt_21,opt_6-opt_15-opt_31-opt_29-opt_12-opt_21,5,814.951
ip_6,ip_21,ip_6_ip_21_p6,opt_6,opt_21,opt_6-opt_31-opt_15-opt_29-opt_12-opt_21,5,823.305
ip_6,ip_21,ip_6_ip_21_p7,opt_6,opt_21,opt_6-opt_31-opt_29-opt_2-opt_12-opt_21,5,829.648
ip_6,ip_21,ip_6_ip_21_p8,opt_6,opt_21,opt_6-opt_15-opt_31-opt_29-opt_2-opt_12-opt_21,6,837.183
ip_6,ip_21,ip_6_ip_21_p9,opt_6,opt_21,opt_6-opt_31-opt_15-opt_29-opt_2-opt_12-opt_21,6,845.537
ip_6,ip_22,ip_6_ip_22_p0,opt_6,opt_22,opt_6-opt_31-opt_23-opt_22,3,628.797
ip_6,ip_22,ip_6_ip_22_p1,opt_6,opt_22,opt_6-opt_15-opt_31-opt_23-opt_22,4,636.332
ip_6,ip_22,ip_6_ip_22_p2,opt_6,opt_22,opt_6-opt_29-opt_2-opt_22,3,684.075
ip_6,ip_22,ip_6_ip_22_p3,opt_6,opt_22,opt_6-opt_15-opt_29-opt_2-opt_22,4,718.161
ip_6,ip_22,ip_6_ip_22_p4,opt_6,opt_22,opt_6-opt_29-opt_23-opt_22,3,731.427
ip_6,ip_22,ip_6_ip_22_p5,opt_6,opt_22,opt_6-opt_31-opt_29-opt_2-opt_22,4,748.865
ip_6,ip_22,ip_6_ip_22_p6,opt_6,opt_22,opt_6-opt_15-opt_31-opt_29-opt_2-opt_22,5,756.400
ip_6,ip_22,ip_6_ip_22_p7,opt_6,opt_22,opt_6-opt_31-opt_15-opt_29-opt_2-opt_22,5,764.754
ip_6,ip_22,ip_6_ip_22_p8,opt_6,opt_22,opt_6-opt_15-opt_29-opt_23-opt_22,4,765.513
ip_6,ip_22,ip_6_ip_22_p9,opt_6,opt_22,opt_6-opt_29-opt_12-opt_22,3,787.559
ip_6,ip_23,ip_6_ip_23_p0,opt_6,opt_23,opt_6-opt_31-opt_23,2,450.515
ip_6,ip_23,ip_6_ip_23_p1,opt_6,opt_23,opt_6-opt_15-opt_31-opt_23,3,458.050
ip_6,ip_23,ip_6_ip_23_p2,opt_6,opt_23,opt_6-opt_29-opt_23,2,553.145
ip_6,ip_23,ip_6_ip_23_p3,opt_6,opt_23,opt_6-opt_15-opt_29-opt_23,3,587.231
ip_6,ip_23,ip_6_ip_23_p4,opt_6,opt_23,opt_6-opt_31-opt_29-opt_23,3,617.935
ip_6,ip_23,ip_6_ip_23_p5,opt_6,opt_23,opt_6-opt_15-opt_31-opt_29-opt_23,4,625.470
ip_6,ip_23,ip_6_ip_23_p6,opt_6,opt_23,opt_6-opt_31-opt_15-opt_29-opt_23,4,633.824
ip_6,ip_23,ip_6_ip_23_p7,opt_6,opt_23,opt_6-opt_29-opt_2-opt_23,3,668.357
ip_6,ip_23,ip_6_ip_23_p8,opt_6,opt_23,opt_6-opt_15-opt_29-opt_2-opt_23,4,702.443
ip_6,ip_23,ip_6_ip_23_p9,opt_6,opt_23,opt_6-opt_31-opt_29-opt_2-opt_23,4,733.147
ip_6,ip_24,ip_6_ip_24_p0,opt_6,opt_24,opt_6-opt_14-opt_7-opt_24,3,1023.193
ip_6,ip_24,ip_6_ip_24_p1,opt_6,opt_24,opt_6-opt_29-opt_27-opt_11-opt_24,4,1038.342
ip_6,ip_24,ip_6_ip_24_p2,opt_6,opt_24,opt_6-opt_29-opt_3-opt_11-opt_24,4,1040.190
ip_6,ip_24,ip_6_ip_24_p3,opt_6,opt_24,opt_6-opt_29-opt_3-opt_27-opt_11-opt_24,5,1041.822
ip_6,ip_24,ip_6_ip_24_p4,opt_6,opt_24,opt_6-opt_29-opt_27-opt_7-opt_24,4,1054.894
ip_6,ip_24,ip_6_ip_24_p5,opt_6,opt_24,opt_6-opt_29-opt_3-opt_27-opt_7-opt_24,5,1058.374
ip_6,ip_24,ip_6_ip_24_p6,opt_6,opt_24,opt_6-opt_29-opt_27-opt_11-opt_7-opt_24,5,1058.482
ip_6,ip_24,ip_6_ip_24_p7,opt_6,opt_24,opt_6-opt_29-opt_3-opt_11-opt_7-opt_24,5,1060.330
ip_6,ip_24,ip_6_ip_24_p8,opt_6,opt_24,opt_6-opt_29-opt_3-opt_27-opt_11-opt_7-opt_24,6,1061.962
ip_6,ip_24,ip_6_ip_24_p9,opt_6,opt_24,opt_6-opt_15-opt_29-opt_27-opt_11-opt_24,5,1072.428
ip_6,ip_25,ip_6_ip_25_p0,opt_6,opt_25,opt_6-opt_14-opt_7-opt_25,3,991.103
ip_6,ip_25,ip_6_ip_25_p1,opt_6,opt_25,opt_6-opt_29-opt_25,2,1022.097
ip_6,ip_25,ip_6_ip_25_p2,opt_6,opt_25,opt_6-opt_29-opt_27-opt_7-opt_25,4,1022.804
ip_6,ip_25,ip_6_ip_25_p3,opt_6,opt_25,opt_6-opt_29-opt_27-opt_11-opt_25,4,1024.114
ip_6,ip_25,ip_6_ip_25_p4,opt_6,opt_25,opt_6-opt_29-opt_3-opt_11-opt_25,4,1025.962
ip_6,ip_25,ip_6_ip_25_p5,opt_6,opt_25,opt_6-opt_29-opt_3-opt_27-opt_7-opt_25,5,1026.284
ip_6,ip_25,ip_6_ip_25_p6,opt_6,opt_25,opt_6-opt_29-opt_27-opt_11-opt_7-opt_25,5,1026.392
ip_6,ip_25,ip_6_ip_25_p7,opt_6,opt_25,opt_6-opt_29-opt_3-opt_27-opt_11-opt_25,5,1027.594
ip_6,ip_25,ip_6_ip_25_p8,opt_6,opt_25,opt_6-opt_29-opt_3-opt_11-opt_7-opt_25,5,1028.240
ip_6,ip_25,ip_6_ip_25_p9,opt_6,opt_25,opt_6-opt_29-opt_3-opt_27-opt_11-opt_7-opt_25,6,1029.872
ip_6,ip_26,ip_6_ip_26_p0,opt_6,opt_26,opt_6-opt_29-opt_12-opt_26,3,749.344
ip_6,ip_26,ip_6_ip_26_p1,opt_6,opt_26,opt_6-opt_29-opt_2-opt_12-opt_26,4,771.576
ip_6,ip_26,ip_6_ip_26_p2,opt_6,opt_26,opt_6-opt_15-opt_29-opt_12-opt_26,4,783.430
ip_6,ip_26,ip_6_ip_26_p3,opt_6,opt_26,opt_6-opt_15-opt_29-opt_2-opt_12-opt_26,5,805.662
ip_6,ip_26,ip_6_ip_26_p4,opt_6,opt_26,opt_6-opt_31-opt_29-opt_12-opt_26,4,814.134
ip_6,ip_26,ip_6_ip_26_p5,opt_6,opt_26,opt_6-opt_15-opt_31-opt_29-opt_12-opt_26,5,821.669
ip_6,ip_26,ip_6_ip_26_p6,opt_6,opt_26,opt_6-opt_31-opt_15-opt_29-opt_12-opt_26,5,830.023
ip_6,ip_26,ip_6_ip_26_p7,opt_6,opt_26,opt_6-opt_31-opt_29-opt_2-opt_12-opt_26,5,836.366
ip_6,ip_26,ip_6_ip_26_p8,opt_6,opt_26,opt_6-opt_29-opt_12-opt_21-opt_26,4,839.433
ip_6,ip_26,ip_6_ip_26_p9,opt_6,opt_26,opt_6-opt_15-opt_31-opt_29-opt_2-opt_12-opt_26,6,843.901
ip_6,ip_27,ip_6_ip_27_p0,opt_6,opt_27,opt_6-opt_29-opt_27,2,488.778
ip_6,ip_27,ip_6_ip_27_p1,opt_6,opt_27,opt_6-opt_29-opt_3-opt_27,3,492.258
ip_6,ip_27,ip_6_ip_27_p2,opt_6,opt_27,opt_6-opt_15-opt_29-opt_27,3,522.864
ip_6,ip_27,ip_6_ip_27_p3,opt_6,opt_27,opt_6-opt_15-opt_29-opt_3-opt_27,4,526.344
ip_6,ip_27,ip_6_ip_27_p4,opt_6,opt_27,opt_6-opt_31-opt_29-opt_27,3,553.568
ip_6,ip_27,ip_6_ip_27_p5,opt_6,opt_27,opt_6-opt_31-opt_29-opt_3-opt_27,4,557.048
ip_6,ip_27,ip_6_ip_27_p6,opt_6,opt_27,opt_6-opt_15-opt_31-opt_29-opt_27,4,561.103
ip_6,ip_27,ip_6_ip_27_p7,opt_6,opt_27,opt_6-opt_15-opt_31-opt_29-opt_3-opt_27,5,564.583
ip_6,ip_27,ip_6_ip_27_p8,opt_6,opt_27,opt_6-opt_31-opt_15-opt_29-opt_27,4,569.457
ip_6,ip_27,ip_6_ip_27_p9,opt_6,opt_27,opt_6-opt_31-opt_15-opt_29-opt_3-opt_27,5,572.937
ip_6,ip_28,ip_6_ip_28_p0,opt_6,opt_28,opt_6-opt_29-opt_27-opt_11-opt_28,4,938.922
ip_6,ip_28,ip_6_ip_28_p1,opt_6,opt_28,opt_6-opt_29-opt_3-opt_11-opt_28,4,940.770
ip_6,ip_28,ip_6_ip_28_p2,opt_6,opt_28,opt_6-opt_29-opt_3-opt_27-opt_11-opt_28,5,942.402
ip_6,ip_28,ip_6_ip_28_p3,opt_6,opt_28,opt_6-opt_15-opt_29-opt_27-opt_11-opt_28,5,973.008
ip_6,ip_28,ip_6_ip_28_p4,opt_6,opt_28,opt_6-opt_15-opt_29-opt_3-opt_11-opt_28,5,974.856
ip_6,ip_28,ip_6_ip_28_p5,opt_6,opt_28,opt_6-opt_15-opt_29-opt_3-opt_27-opt_11-opt_28,6,976.488
ip_6,ip_28,ip_6_ip_28_p6,opt_6,opt_28,opt_6-opt_29-opt_27-opt_3-opt_11-opt_28,5,1000.360
ip_6,ip_28,ip_6_ip_28_p7,opt_6,opt_28,opt_6-opt_31-opt_29-opt_27-opt_11-opt_28,5,1003.712
ip_6,ip_28,ip_6_ip_28_p8,opt_6,opt_28,opt_6-opt_31-opt_29-opt_3-opt_11-opt_28,5,1005.560
ip_6,ip_28,ip_6_ip_28_p9,opt_6,opt_28,opt_6-opt_31-opt_29-opt_3-opt_27-opt_11-opt_28,6,1007.192
ip_6,ip_29,ip_6_ip_29_p0,opt_6,opt_29,opt_6-opt_29,1,231.237
ip_6,ip_29,ip_6_ip_29_p1,opt_6,opt_29,opt_6-opt_15-opt_29,2,265.323
ip_6,ip_29,ip_6_ip_29_p2,opt_6,opt_29,opt_6-opt_31-opt_29,2,296.027
ip_6,ip_29,ip_6_ip_29_p3,opt_6,opt_29,opt_6-opt_15-opt_31-opt_29,3,303.562
ip_6,ip_29,ip_6_ip_29_p4,opt_6,opt_29,opt_6-opt_31-opt_15-opt_29,3,311.916
ip_6,ip_29,ip_6_ip_29_p5,opt_6,opt_29,opt_6-opt_31-opt_23-opt_29,3,772.423
ip_6,ip_29,ip_6_ip_29_p6,opt_6,opt_29,opt_6-opt_15-opt_31-opt_23-opt_29,4,779.958
ip_6,ip_29,ip_6_ip_29_p7,opt_6,opt_29,opt_6-opt_14-opt_3-opt_29,3,849.848
ip_6,ip_29,ip_6_ip_29_p8,opt_6,opt_29,opt_6-opt_31-opt_23-opt_2-opt_29,4,887.635
ip_6,ip_29,ip_6_ip_29_p9,opt_6,opt_29,opt_6-opt_15-opt_31-opt_23-opt_2-opt_29,5,895.170
ip_6,ip_30,ip_6_ip_30_p0,opt_6,opt_30,opt_6-opt_14-opt_30,2,524.823
ip_6,ip_30,ip_6_ip_30_p1,opt_6,opt_30,opt_6-opt_14-opt_13-opt_30,3,526.080
ip_6,ip_30,ip_6_ip_30_p2,opt_6,opt_30,opt_6-opt_14-opt_16-opt_30,3,579.876
ip_6,ip_30,ip_6_ip_30_p3,opt_6,opt_30,opt_6-opt_14-opt_4-opt_30,3,584.760
ip_6,ip_30,ip_6_ip_30_p4,opt_6,opt_30,opt_6-opt_14-opt_4-opt_16-opt_30,4,587.127
ip_6,ip_30,ip_6_ip_30_p5,opt_6,opt_30,opt_6-opt_14-opt_4-opt_13-opt_30,4,598.825
ip_6,ip_30,ip_6_ip_30_p6,opt_6,opt_30,opt_6-opt_14-opt_16-opt_13-opt_30,4,600.335
ip_6,ip_30,ip_6_ip_30_p7,opt_6,opt_30,opt_6-opt_14-opt_4-opt_16-opt_13-opt_30,5,607.586
ip_6,ip_30,ip_6_ip_30_p8,opt_6,opt_30,opt_6-opt_14-opt_16-opt_4-opt_30,4,617.645
ip_6,ip_30,ip_6_ip_30_p9,opt_6,opt_30,opt_6-opt_14-opt_16-opt_4-opt_13-opt_30,5,631.710
ip_6,ip_31,ip_6_ip_31_p0,opt_6,opt_31,opt_6-opt_31,1,116.809
ip_6,ip_31,ip_6_ip_31_p1,opt_6,opt_31,opt_6-opt_15-opt_31,2,124.344
ip_6,ip_31,ip_6_ip_31_p2,opt_6,opt_31,opt_6-opt_29-opt_31,2,410.455
ip_6,ip_31,ip_6_ip_31_p3,opt_6,opt_31,opt_6-opt_29-opt_15-opt_31,3,426.344
ip_6,ip_31,ip_6_ip_31_p4,opt_6,opt_31,opt_6-opt_15-opt_29-opt_31,3,444.541
ip_6,ip_31,ip_6_ip_31_p5,opt_6,opt_31,opt_6-opt_29-opt_23-opt_31,3,886.851
ip_6,ip_31,ip_6_ip_31_p6,opt_6,opt_31,opt_6-opt_15-opt_29-opt_23-opt_31,4,920.937
ip_6,ip_31,ip_6_ip_31_p7,opt_6,opt_31,opt_6-opt_14-opt_16-opt_31,3,921.207
ip_6,ip_31,ip_6_ip_31_p8,opt_6,opt_31,opt_6-opt_14-opt_4-opt_16-opt_31,4,928.458
ip_6,ip_31,ip_6_ip_31_p9,opt_6,opt_31,opt_6-opt_14-opt_13-opt_16-opt_31,4,997.614
ip_7,ip_8,ip_7_ip_8_p0,opt_7,opt_8,opt_7-opt_14-opt_8,2,886.057
ip_7,ip_8,ip_7_ip_8_p1,opt_7,opt_8,opt_7-opt_14-opt_0-opt_8,3,925.762
ip_7,ip_8,ip_7_ip_8_p2,opt_7,opt_8,opt_7-opt_14-opt_18-opt_8,3,1011.165
ip_7,ip_8,ip_7_ip_8_p3,opt_7,opt_8,opt_7-opt_14-opt_18-opt_0-opt_8,4,1011.916
ip_7,ip_8,ip_7_ip_8_p4,opt_7,opt_8,opt_7-opt_27-opt_3-opt_14-opt_8,4,1080.877
ip_7,ip_8,ip_7_ip_8_p5,opt_7,opt_8,opt_7-opt_11-opt_3-opt_14-opt_8,4,1082.833
ip_7,ip_8,ip_7_ip_8_p6,opt_7,opt_8,opt_7-opt_11-opt_27-opt_3-opt_14-opt_8,5,1084.465
ip_7,ip_8,ip_7_ip_8_p7,opt_7,opt_8,opt_7-opt_14-opt_13-opt_0-opt_8,4,1092.699
ip_7,ip_8,ip_7_ip_8_p8,opt_7,opt_8,opt_7-opt_27-opt_4-opt_14-opt_8,4,1098.269
ip_7,ip_8,ip_7_ip_8_p9,opt_7,opt_8,opt_7-opt_11-opt_27-opt_4-opt_14-opt_8,5,1101.857
ip_7,ip_9,ip_7_ip_9_p0,opt_7,opt_9,opt_7-opt_20-opt_17-opt_9,3,589.426
ip_7,ip_9,ip_7_ip_9_p1,opt_7,opt_9,opt_7-opt_10-opt_17-opt_9,3,605.467
ip_7,ip_9,ip_7_ip_9_p2,opt_7,opt_9,opt_7-opt_20-opt_10-opt_17-opt_9,4,612.501
ip_7,ip_9,ip_7_ip_9_p3,opt_7,opt_9,opt_7-opt_19-opt_9,2,628.788
ip_7,ip_9,ip_7_ip_9_p4,opt_7,opt_9,opt_7-opt_19-opt_17-opt_9,3,634.927
ip_7,ip_9,ip_7_ip_9_p5,opt_7,opt_9,opt_7-opt_10-opt_19-opt_9,3,637.762
ip_7,ip_9,ip_7_ip_9_p6,opt_7,opt_9,opt_7-opt_10-opt_19-opt_17-opt_9,4,643.901
ip_7,ip_9,ip_7_ip_9_p7,opt_7,opt_9,opt_7-opt_20-opt_19-opt_9,3,644.006
ip_7,ip_9,ip_7_ip_9_p8,opt_7,opt_9,opt_7-opt_20-opt_10-opt_19-opt_9,4,644.796
ip_7,ip_9,ip_7_ip_9_p9,opt_7,opt_9,opt_7-opt_20-opt_19-opt_17-opt_9,4,650.145
ip_7,ip_10,ip_7_ip_10_p0,opt_7,opt_10,opt_7-opt_10,1,211.215
ip_7,ip_10,ip_7_ip_10_p1,opt_7,opt_10,opt_7-opt_20-opt_10,2,218.249
ip_7,ip_10,ip_7_ip_10_p2,opt_7,opt_10,opt_7-opt_24-opt_10,2,277.091
ip_7,ip_10,ip_7_ip_10_p3,opt_7,opt_10,opt_7-opt_24-opt_20-opt_10,3,280.957
ip_7,ip_10,ip_7_ip_10_p4,opt_7,opt_10,opt_7-opt_25-opt_10,2,331.850
ip_7,ip_10,ip_7_ip_10_p5,opt_7,opt_10,opt_7-opt_25-opt_20-opt_10,3,331.875
ip_7,ip_10,ip_7_ip_10_p6,opt_7,opt_10,opt_7-opt_25-opt_24-opt_10,3,345.123
ip_7,ip_10,ip_7_ip_10_p7,opt_7,opt_10,opt_7-opt_25-opt_24-opt_20-opt_10,4,348.989
ip_7,ip_10,ip_7_ip_10_p8,opt_7,opt_10,opt_7-opt_19-opt_10,2,385.469
ip_7,ip_10,ip_7_ip_10_p9,opt_7,opt_10,opt_7-opt_20-opt_24-opt_10,3,389.195
ip_7,ip_11,ip_7_ip_11_p0,opt_7,opt_11,opt_7-opt_11,1,209.386
ip_7,ip_11,ip_7_ip_11_p1,opt_7,opt_11,opt_7-opt_25-opt_11,2,371.676
ip_7,ip_11,ip_7_ip_11_p2,opt_7,opt_11,opt_7-opt_28-opt_11,2,380.837
ip_7,ip_11,ip_7_ip_11_p3,opt_7,opt_11,opt_7-opt_20-opt_11,2,407.161
ip_7,ip_11,ip_7_ip_11_p4,opt_7,opt_11,opt_7-opt_24-opt_11,2,417.994
ip_7,ip_11,ip_7_ip_11_p5,opt_7,opt_11,opt_7-opt_24-opt_20-opt_11,3,469.869
ip_7,ip_11,ip_7_ip_11_p6,opt_7,opt_11,opt_7-opt_25-opt_24-opt_11,3,486.026
ip_7,ip_11,ip_7_ip_11_p7,opt_7,opt_11,opt_7-opt_25-opt_28-opt_11,3,494.929
ip_7,ip_11,ip_7_ip_11_p8,opt_7,opt_11,opt_7-opt_10-opt_11,2,502.483
ip_7,ip_11,ip_7_ip_11_p9,opt_7,opt_11,opt_7-opt_24-opt_25-opt_11,3,503.888
ip_7,ip_12,ip_7_ip_12_p0,opt_7,opt_12,opt_7-opt_20-opt_17-opt_9-opt_12,4,787.356
ip_7,ip_12,ip_7_ip_12_p1,opt_7,opt_12,opt_7-opt_10-opt_17-opt_9-opt_12,4,803.397
ip_7,ip_12,ip_7_ip_12_p2,opt_7,opt_12,opt_7-opt_20-opt_10-opt_17-opt_9-opt_12,5,810.431
ip_7,ip_12,ip_7_ip_12_p3,opt_7,opt_12,opt_7-opt_19-opt_12,2,819.499
ip_7,ip_12,ip_7_ip_12_p4,opt_7,opt_12,opt_7-opt_19-opt_9-opt_12,3,826.718
ip_7,ip_12,ip_7_ip_12_p5,opt_7,opt_12,opt_7-opt_10-opt_19-opt_12,3,828.473
ip_7,ip_12,ip_7_ip_12_p6,opt_7,opt_12,opt_7-opt_19-opt_17-opt_9-opt_12,4,832.857
ip_7,ip_12,ip_7_ip_12_p7,opt_7,opt_12,opt_7-opt_20-opt_19-opt_12,3,834.717
ip_7,ip_12,ip_7_ip_12_p8,opt_7,opt_12,opt_7-opt_20-opt_10-opt_19-opt_12,4,835.507
ip_7,ip_12,ip_7_ip_12_p9,opt_7,opt_12,opt_7-opt_10-opt_19-opt_9-opt_12,4,835.692
ip_7,ip_13,ip_7_ip_13_p0,opt_7,opt_13,opt_7-opt_14-opt_13,2,707.678
ip_7,ip_13,ip_7_ip_13_p1,opt_7,opt_13,opt_7-opt_14-opt_4-opt_13,3,780.423
ip_7,ip_13,ip_7_ip_13_p2,opt_7,opt_13,opt_7-opt_14-opt_16-opt_13,3,781.933
ip_7,ip_13,ip_7_ip_13_p3,opt_7,opt_13,opt_7-opt_27-opt_13,2,787.238
ip_7,ip_13,ip_7_ip_13_p4,opt_7,opt_13,opt_7-opt_27-opt_4-opt_13,3,787.251
ip_7,ip_13,ip_7_ip_13_p5,opt_7,opt_13,opt_7-opt_27-opt_16-opt_13,3,788.991
ip_7,ip_13,ip_7_ip_13_p6,opt_7,opt_13,opt_7-opt_14-opt_4-opt_16-opt_13,4,789.184
ip_7,ip_13,ip_7_ip_13_p7,opt_7,opt_13,opt_7-opt_11-opt_27-opt_13,3,790.826
ip_7,ip_13,ip_7_ip_13_p8,opt_7,opt_13,opt_7-opt_11-opt_27-opt_4-opt_13,4,790.839
ip_7,ip_13,ip_7_ip_13_p9,opt_7,opt_13,opt_7-opt_11-opt_27-opt_16-opt_13,4,792.579
ip_7,ip_14,ip_7_ip_14_p0,opt_7,opt_14,opt_7-opt_14,1,591.093
ip_7,ip_14,ip_7_ip_14_p1,opt_7,opt_14,opt_7-opt_27-opt_3-opt_14,3,785.913
ip_7,ip_14,ip_7_ip_14_p2,opt_7,opt_14,opt_7-opt_11-opt_3-opt_14,3,787.869
ip_7,ip_14,ip_7_ip_14_p3,opt_7,opt_14,opt_7-opt_11-opt_27-opt_3-opt_14,4,789.501
ip_7,ip_14,ip_7_ip_14_p4,opt_7,opt_14,opt_7-opt_27-opt_4-opt_14,3,803.305
ip_7,ip_14,ip_7_ip_14_p5,opt_7,opt_14,opt_7-opt_11-opt_27-opt_4-opt_14,4,806.893
ip_7,ip_14,ip_7_ip_14_p6,opt_7,opt_14,opt_7-opt_27-opt_16-opt_14,3,829.169
ip_7,ip_14,ip_7_ip_14_p7,opt_7,opt_14,opt_7-opt_11-opt_27-opt_16-opt_14,4,832.757
ip_7,ip_14,ip_7_ip_14_p8,opt_7,opt_14,opt_7-opt_27-opt_4-opt_16-opt_14,4,836.190
ip_7,ip_14,ip_7_ip_14_p9,opt_7,opt_14,opt_7-opt_27-opt_16-opt_4-opt_14,4,836.420
ip_7,ip_15,ip_7_ip_15_p0,opt_7,opt_15,opt_7-opt_27-opt_29-opt_15,3,877.326
ip_7,ip_15,ip_7_ip_15_p1,opt_7,opt_15,opt_7-opt_27-opt_3-opt_29-opt_15,4,880.806
ip_7,ip_15,ip_7_ip_15_p2,opt_7,opt_15,opt_7-opt_11-opt_27-opt_29-opt_15,4,880.914
ip_7,ip_15,ip_7_ip_15_p3,opt_7,opt_15,opt_7-opt_11-opt_3-opt_29-opt_15,4,882.762
ip_7,ip_15,ip_7_ip_15_p4,opt_7,opt_15,opt_7-opt_11-opt_27-opt_3-opt_29-opt_15,5,884.394
ip_7,ip_15,ip_7_ip_15_p5,opt_7,opt_15,opt_7-opt_27-opt_29-opt_31-opt_15,4,915.565
ip_7,ip_15,ip_7_ip_15_p6,opt_7,opt_15,opt_7-opt_27-opt_3-opt_29-opt_31-opt_15,5,919.045
ip_7,ip_15,ip_7_ip_15_p7,opt_7,opt_15,opt_7-opt_11-opt_27-opt_29-opt_31-opt_15,5,919.153
ip_7,ip_15,ip_7_ip_15_p8,opt_7,opt_15,opt_7-opt_11-opt_3-opt_29-opt_31-opt_15,5,921.001
ip_7,ip_15,ip_7_ip_15_p9,opt_7,opt_15,opt_7-opt_11-opt_27-opt_3-opt_29-opt_31-opt_15,6,922.633
ip_7,ip_16,ip_7_ip_16_p0,opt_7,opt_16,opt_7-opt_14-opt_16,2,706.602
ip_7,ip_16,ip_7_ip_16_p1,opt_7,opt_16,opt_7-opt_27-opt_16,2,713.660
ip_7,ip_16,ip_7_ip_16_p2,opt_7,opt_16,opt_7-opt_14-opt_4-opt_16,3,713.853
ip_7,ip_16,ip_7_ip_16_p3,opt_7,opt_16,opt_7-opt_11-opt_27-opt_16,3,717.248
ip_7,ip_16,ip_7_ip_16_p4,opt_7,opt_16,opt_7-opt_27-opt_4-opt_16,3,720.681
ip_7,ip_16,ip_7_ip_16_p5,opt_7,opt_16,opt_7-opt_11-opt_27-opt_4-opt_16,4,724.269
ip_7,ip_16,ip_7_ip_16_p6,opt_7,opt_16,opt_7-opt_27-opt_3-opt_16,3,765.104
ip_7,ip_16,ip_7_ip_16_p7,opt_7,opt_16,opt_7-opt_11-opt_3-opt_16,3,767.060
ip_7,ip_16,ip_7_ip_16_p8,opt_7,opt_16,opt_7-opt_11-opt_27-opt_3-opt_16,4,768.692
ip_7,ip_16,ip_7_ip_16_p9,opt_7,opt_16,opt_7-opt_27-opt_3-opt_4-opt_16,4,770.746
ip_7,ip_17,ip_7_ip_17_p0,opt_7,opt_17,opt_7-opt_20-opt_17,2,380.658
ip_7,ip_17,ip_7_ip_17_p1,opt_7,opt_17,opt_7-opt_10-opt_17,2,396.699
ip_7,ip_17,ip_7_ip_17_p2,opt_7,opt_17,opt_7-opt_20-opt_10-opt_17,3,403.733
ip_7,ip_17,ip_7_ip_17_p3,opt_7,opt_17,opt_7-opt_19-opt_17,2,426.159
ip_7,ip_17,ip_7_ip_17_p4,opt_7,opt_17,opt_7-opt_10-opt_19-opt_17,3,435.133
ip_7,ip_17,ip_7_ip_17_p5,opt_7,opt_17,opt_7-opt_20-opt_19-opt_17,3,441.377
ip_7,ip_17,ip_7_ip_17_p6,opt_7,opt_17,opt_7-opt_24-opt_17,2,441.708
ip_7,ip_17,ip_7_ip_17_p7,opt_7,opt_17,opt_7-opt_20-opt_10-opt_19-opt_17,4,442.167
ip_7,ip_17,ip_7_ip_17_p8,opt_7,opt_17,opt_7-opt_24-opt_20-opt_17,3,443.366
ip_7,ip_17,ip_7_ip_17_p9,opt_7,opt_17,opt_7-opt_24-opt_10-opt_17,3,462.575
ip_7,ip_18,ip_7_ip_18_p0,opt_7,opt_18,opt_7-opt_14-opt_18,2,751.217
ip_7,ip_18,ip_7_ip_18_p1,opt_7,opt_18,opt_7-opt_14-opt_13-opt_18,3,854.090
ip_7,ip_18,ip_7_ip_18_p2,opt_7,opt_18,opt_7-opt_14-opt_4-opt_18,3,908.487
ip_7,ip_18,ip_7_ip_18_p3,opt_7,opt_18,opt_7-opt_27-opt_4-opt_18,3,915.315
ip_7,ip_18,ip_7_ip_18_p4,opt_7,opt_18,opt_7-opt_14-opt_16-opt_18,3,918.806
ip_7,ip_18,ip_7_ip_18_p5,opt_7,opt_18,opt_7-opt_11-opt_27-opt_4-opt_18,4,918.903
ip_7,ip_18,ip_7_ip_18_p6,opt_7,opt_18,opt_7-opt_27-opt_16-opt_18,3,925.864
ip_7,ip_18,ip_7_ip_18_p7,opt_7,opt_18,opt_7-opt_14-opt_4-opt_16-opt_18,4,926.057
ip_7,ip_18,ip_7_ip_18_p8,opt_7,opt_18,opt_7-opt_14-opt_4-opt_13-opt_18,4,926.835
ip_7,ip_18,ip_7_ip_18_p9,opt_7,opt_18,opt_7-opt_14-opt_16-opt_13-opt_18,4,928.345
ip_7,ip_19,ip_7_ip_19_p0,opt_7,opt_19,opt_7-opt_19,1,293.855
ip_7,ip_19,ip_7_ip_19_p1,opt_7,opt_19,opt_7-opt_10-opt_19,2,302.829
ip_7,ip_19,ip_7_ip_19_p2,opt_7,opt_19,opt_7-opt_20-opt_19,2,309.073
ip_7,ip_19,ip_7_ip_19_p3,opt_7,opt_19,opt_7-opt_20-opt_10-opt_19,3,309.863
ip_7,ip_19,ip_7_ip_19_p4,opt_7,opt_19,opt_7-opt_24-opt_19,2,368.671
ip_7,ip_19,ip_7_ip_19_p5,opt_7,opt_19,opt_7-opt_24-opt_10-opt_19,3,368.705
ip_7,ip_19,ip_7_ip_19_p6,opt_7,opt_19,opt_7-opt_24-opt_20-opt_19,3,371.781
ip_7,ip_19,ip_7_ip_19_p7,opt_7,opt_19,opt_7-opt_24-opt_20-opt_10-opt_19,4,372.571
ip_7,ip_19,ip_7_ip_19_p8,opt_7,opt_19,opt_7-opt_25-opt_20-opt_19,3,422.699
ip_7,ip_19,ip_7_ip_19_p9,opt_7,opt_19,opt_7-opt_25-opt_10-opt_19,3,423.464
ip_7,ip_20,ip_7_ip_20_p0,opt_7,opt_20,opt_7-opt_20,1,139.072
ip_7,ip_20,ip_7_ip_20_p1,opt_7,opt_20,opt_7-opt_24-opt_20,2,201.780
ip_7,ip_20,ip_7_ip_20_p2,opt_7,opt_20,opt_7-opt_25-opt_20,2,252.698
ip_7,ip_20,ip_7_ip_20_p3,opt_7,opt_20,opt_7-opt_25-opt_24-opt_20,3,269.812
ip_7,ip_20,ip_7_ip_20_p4,opt_7,opt_20,opt_7-opt_10-opt_20,2,290.392
ip_7,ip_20,ip_7_ip_20_p5,opt_7,opt_20,opt_7-opt_24-opt_10-opt_20,3,356.268
ip_7,ip_20,ip_7_ip_20_p6,opt_7,opt_20,opt_7-opt_24-opt_25-opt_20,3,384.910
ip_7,ip_20,ip_7_ip_20_p7,opt_7,opt_20,opt_7-opt_25-opt_10-opt_20,3,411.027
ip_7,ip_20,ip_7_ip_20_p8,opt_7,opt_20,opt_7-opt_25-opt_24-opt_10-opt_20,4,424.300
ip_7,ip_20,ip_7_ip_20_p9,opt_7,opt_20,opt_7-opt_10-opt_24-opt_20,3,461.338
ip_7,ip_21,ip_7_ip_21_p0,opt_7,opt_21,opt_7-opt_20-opt_21,2,679.578
ip_7,ip_21,ip_7_ip_21_p1,opt_7,opt_21,opt_7-opt_20-opt_17-opt_21,3,685.270
ip_7,ip_21,ip_7_ip_21_p2,opt_7,opt_21,opt_7-opt_10-opt_17-opt_21,3,701.311
ip_7,ip_21,ip_7_ip_21_p3,opt_7,opt_21,opt_7-opt_20-opt_10-opt_17-opt_21,4,708.345
ip_7,ip_21,ip_7_ip_21_p4,opt_7,opt_21,opt_7-opt_19-opt_17-opt_21,3,730.771
ip_7,ip_21,ip_7_ip_21_p5,opt_7,opt_21,opt_7-opt_10-opt_19-opt_17-opt_21,4,739.745
ip_7,ip_21,ip_7_ip_21_p6,opt_7,opt_21,opt_7-opt_24-opt_21,2,742.126
ip_7,ip_21,ip_7_ip_21_p7,opt_7,opt_21,opt_7-opt_24-opt_20-opt_21,3,742.286
ip_7,ip_21,ip_7_ip_21_p8,opt_7,opt_21,opt_7-opt_20-opt_19-opt_17-opt_21,4,745.989
ip_7,ip_21,ip_7_ip_21_p9,opt_7,opt_21,opt_7-opt_24-opt_17-opt_21,3,746.320
ip_7,ip_22,ip_7_ip_22_p0,opt_7,opt_22,opt_7-opt_27-opt_3-opt_2-opt_22,4,1025.263
ip_7,ip_22,ip_7_ip_22_p1,opt_7,opt_22,opt_7-opt_11-opt_3-opt_2-opt_22,4,1027.219
ip_7,ip_22,ip_7_ip_22_p2,opt_7,opt_22,opt_7-opt_11-opt_27-opt_3-opt_2-opt_22,5,1028.851
ip_7,ip_22,ip_7_ip_22_p3,opt_7,opt_22,opt_7-opt_20-opt_17-opt_9-opt_12-opt_22,5,1048.869
ip_7,ip_22,ip_7_ip_22_p4,opt_7,opt_22,opt_7-opt_10-opt_17-opt_9-opt_12-opt_22,5,1064.910
ip_7,ip_22,ip_7_ip_22_p5,opt_7,opt_22,opt_7-opt_20-opt_10-opt_17-opt_9-opt_12-opt_22,6,1071.944
ip_7,ip_22,ip_7_ip_22_p6,opt_7,opt_22,opt_7-opt_19-opt_12-opt_22,3,1081.012
ip_7,ip_22,ip_7_ip_22_p7,opt_7,opt_22,opt_7-opt_19-opt_9-opt_12-opt_22,4,1088.231
ip_7,ip_22,ip_7_ip_22_p8,opt_7,opt_22,opt_7-opt_10-opt_19-opt_12-opt_22,4,1089.986
ip_7,ip_22,ip_7_ip_22_p9,opt_7,opt_22,opt_7-opt_19-opt_17-opt_9-opt_12-opt_22,5,1094.370
ip_7,ip_23,ip_7_ip_23_p0,opt_7,opt_23,opt_7-opt_27-opt_23,2,985.556
ip_7,ip_23,ip_7_ip_23_p1,opt_7,opt_23,opt_7-opt_11-opt_27-opt_23,3,989.144
ip_7,ip_23,ip_7_ip_23_p2,opt_7,opt_23,opt_7-opt_27-opt_3-opt_2-opt_23,4,1009.545
ip_7,ip_23,ip_7_ip_23_p3,opt_7,opt_23,opt_7-opt_11-opt_3-opt_2-opt_23,4,1011.501
ip_7,ip_23,ip_7_ip_23_p4,opt_7,opt_23,opt_7-opt_11-opt_27-opt_3-opt_2-opt_23,5,1013.133
ip_7,ip_23,ip_7_ip_23_p5,opt_7,opt_23,opt_7-opt_27-opt_29-opt_23,3,1031.191
ip_7,ip_23,ip_7_ip_23_p6,opt_7,opt_23,opt_7-opt_27-opt_3-opt_29-opt_23,4,1034.671
ip_7,ip_23,ip_7_ip_23_p7,opt_7,opt_23,opt_7-opt_11-opt_27-opt_29-opt_23,4,1034.779
ip_7,ip_23,ip_7_ip_23_p8,opt_7,opt_23,opt_7-opt_11-opt_3-opt_29-opt_23,4,1036.627
ip_7,ip_23,ip_7_ip_23_p9,opt_7,opt_23,opt_7-opt_11-opt_27-opt_3-opt_29-opt_23,5,1038.259
ip_7,ip_24,ip_7_ip_24_p0,opt_7,opt_24,opt_7-opt_24,1,114.374
ip_7,ip_24,ip_7_ip_24_p1,opt_7,opt_24,opt_7-opt_25-opt_24,2,182.406
ip_7,ip_24,ip_7_ip_24_p2,opt_7,opt_24,opt_7-opt_20-opt_24,2,226.478
ip_7,ip_24,ip_7_ip_24_p3,opt_7,opt_24,opt_7-opt_25-opt_20-opt_24,3,340.104
ip_7,ip_24,ip_7_ip_24_p4,opt_7,opt_24,opt_7-opt_10-opt_24,2,373.932
ip_7,ip_24,ip_7_ip_24_p5,opt_7,opt_24,opt_7-opt_10-opt_20-opt_24,3,377.798
ip_7,ip_24,ip_7_ip_24_p6,opt_7,opt_24,opt_7-opt_20-opt_10-opt_24,3,380.966
ip_7,ip_24,ip_7_ip_24_p7,opt_7,opt_24,opt_7-opt_20-opt_25-opt_24,3,409.608
ip_7,ip_24,ip_7_ip_24_p8,opt_7,opt_24,opt_7-opt_28-opt_24,2,463.170
ip_7,ip_24,ip_7_ip_24_p9,opt_7,opt_24,opt_7-opt_5-opt_24,2,485.201
ip_7,ip_25,ip_7_ip_25_p0,opt_7,opt_25,opt_7-opt_25,1,82.284
ip_7,ip_25,ip_7_ip_25_p1,opt_7,opt_25,opt_7-opt_24-opt_25,2,214.496
ip_7,ip_25,ip_7_ip_25_p2,opt_7,opt_25,opt_7-opt_20-opt_25,2,309.486
ip_7,ip_25,ip_7_ip_25_p3,opt_7,opt_25,opt_7-opt_20-opt_24-opt_25,3,326.600
ip_7,ip_25,ip_7_ip_25_p4,opt_7,opt_25,opt_7-opt_24-opt_20-opt_25,3,372.194
ip_7,ip_25,ip_7_ip_25_p5,opt_7,opt_25,opt_7-opt_28-opt_25,2,385.082
ip_7,ip_25,ip_7_ip_25_p6,opt_7,opt_25,opt_7-opt_5-opt_25,2,385.913
ip_7,ip_25,ip_7_ip_25_p7,opt_7,opt_25,opt_7-opt_10-opt_25,2,460.781
ip_7,ip_25,ip_7_ip_25_p8,opt_7,opt_25,opt_7-opt_10-opt_20-opt_25,3,460.806
ip_7,ip_25,ip_7_ip_25_p9,opt_7,opt_25,opt_7-opt_20-opt_10-opt_25,3,467.815
ip_7,ip_26,ip_7_ip_26_p0,opt_7,opt_26,opt_7-opt_19-opt_26,2,775.537
ip_7,ip_26,ip_7_ip_26_p1,opt_7,opt_26,opt_7-opt_20-opt_21-opt_26,3,776.385
ip_7,ip_26,ip_7_ip_26_p2,opt_7,opt_26,opt_7-opt_20-opt_17-opt_26,3,782.041
ip_7,ip_26,ip_7_ip_26_p3,opt_7,opt_26,opt_7-opt_20-opt_17-opt_21-opt_26,4,782.077
ip_7,ip_26,ip_7_ip_26_p4,opt_7,opt_26,opt_7-opt_10-opt_19-opt_26,3,784.511
ip_7,ip_26,ip_7_ip_26_p5,opt_7,opt_26,opt_7-opt_20-opt_19-opt_26,3,790.755
ip_7,ip_26,ip_7_ip_26_p6,opt_7,opt_26,opt_7-opt_20-opt_10-opt_19-opt_26,4,791.545
ip_7,ip_26,ip_7_ip_26_p7,opt_7,opt_26,opt_7-opt_10-opt_17-opt_26,3,798.082
ip_7,ip_26,ip_7_ip_26_p8,opt_7,opt_26,opt_7-opt_10-opt_17-opt_21-opt_26,4,798.118
ip_7,ip_26,ip_7_ip_26_p9,opt_7,opt_26,opt_7-opt_20-opt_10-opt_17-opt_26,4,805.116
ip_7,ip_27,ip_7_ip_27_p0,opt_7,opt_27,opt_7-opt_27,1,451.742
ip_7,ip_27,ip_7_ip_27_p1,opt_7,opt_27,opt_7-opt_11-opt_27,2,455.330
ip_7,ip_27,ip_7_ip_27_p2,opt_7,opt_27,opt_7-opt_11-opt_3-opt_27,3,516.768
ip_7,ip_27,ip_7_ip_27_p3,opt_7,opt_27,opt_7-opt_25-opt_11-opt_27,3,617.620
ip_7,ip_27,ip_7_ip_27_p4,opt_7,opt_27,opt_7-opt_28-opt_11-opt_27,3,626.781
ip_7,ip_27,ip_7_ip_27_p5,opt_7,opt_27,opt_7-opt_20-opt_11-opt_27,3,653.105
ip_7,ip_27,ip_7_ip_27_p6,opt_7,opt_27,opt_7-opt_24-opt_11-opt_27,3,663.938
ip_7,ip_27,ip_7_ip_27_p7,opt_7,opt_27,opt_7-opt_25-opt_11-opt_3-opt_27,4,679.058
ip_7,ip_27,ip_7_ip_27_p8,opt_7,opt_27,opt_7-opt_28-opt_11-opt_3-opt_27,4,688.219
ip_7,ip_27,ip_7_ip_27_p9,opt_7,opt_27,opt_7-opt_20-opt_11-opt_3-opt_27,4,714.543
ip_7,ip_28,ip_7_ip_28_p0,opt_7,opt_28,opt_7-opt_28,1,176.637
ip_7,ip_28,ip_7_ip_28_p1,opt_7,opt_28,opt_7-opt_25-opt_28,2,290.729
ip_7,ip_28,ip_7_ip_28_p2,opt_7,opt_28,opt_7-opt_5-opt_28,2,332.170
ip_7,ip_28,ip_7_ip_28_p3,opt_7,opt_28,opt_7-opt_25-opt_5-opt_28,3,391.765
ip_7,ip_28,ip_7_ip_28_p4,opt_7,opt_28,opt_7-opt_24-opt_28,2,400.907
ip_7,ip_28,ip_7_ip_28_p5,opt_7,opt_28,opt_7-opt_11-opt_28,2,413.586
ip_7,ip_28,ip_7_ip_28_p6,opt_7,opt_28,opt_7-opt_24-opt_25-opt_28,3,422.941
ip_7,ip_28,ip_7_ip_28_p7,opt_7,opt_28,opt_7-opt_25-opt_24-opt_28,3,468.939
ip_7,ip_28,ip_7_ip_28_p8,opt_7,opt_28,opt_7-opt_20-opt_24-opt_28,3,513.011
ip_7,ip_28,ip_7_ip_28_p9,opt_7,opt_28,opt_7-opt_20-opt_25-opt_28,3,517.931
ip_7,ip_29,ip_7_ip_29_p0,opt_7,opt_29,opt_7-opt_27-opt_29,2,709.283
ip_7,ip_29,ip_7_ip_29_p1,opt_7,opt_29,opt_7-opt_27-opt_3-opt_29,3,712.763
ip_7,ip_29,ip_7_ip_29_p2,opt_7,opt_29,opt_7-opt_11-opt_27-opt_29,3,712.871
ip_7,ip_29,ip_7_ip_29_p3,opt_7,opt_29,opt_7-opt_11-opt_3-opt_29,3,714.719
ip_7,ip_29,ip_7_ip_29_p4,opt_7,opt_29,opt_7-opt_11-opt_27-opt_3-opt_29,4,716.351
ip_7,ip_29,ip_7_ip_29_p5,opt_7,opt_29,opt_7-opt_11-opt_3-opt_27-opt_29,4,774.309
ip_7,ip_29,ip_7_ip_29_p6,opt_7,opt_29,opt_7-opt_25-opt_29,2,873.144
ip_7,ip_29,ip_7_ip_29_p7,opt_7,opt_29,opt_7-opt_25-opt_11-opt_27-opt_29,4,875.161
ip_7,ip_29,ip_7_ip_29_p8,opt_7,opt_29,opt_7-opt_25-opt_11-opt_3-opt_29,4,877.009
ip_7,ip_29,ip_7_ip_29_p9,opt_7,opt_29,opt_7-opt_25-opt_11-opt_27-opt_3-opt_29,5,878.641
ip_7,ip_30,ip_7_ip_30_p0,opt_7,opt_30,opt_7-opt_14-opt_30,2,798.190
ip_7,ip_30,ip_7_ip_30_p1,opt_7,opt_30,opt_7-opt_14-opt_13-opt_30,3,799.447
ip_7,ip_30,ip_7_ip_30_p2,opt_7,opt_30,opt_7-opt_14-opt_16-opt_30,3,853.243
ip_7,ip_30,ip_7_ip_30_p3,opt_7,opt_30,opt_7-opt_14-opt_4-opt_30,3,858.127
ip_7,ip_30,ip_7_ip_30_p4,opt_7,opt_30,opt_7-opt_27-opt_16-opt_30,3,860.301
ip_7,ip_30,ip_7_ip_30_p5,opt_7,opt_30,opt_7-opt_14-opt_4-opt_16-opt_30,4,860.494
ip_7,ip_30,ip_7_ip_30_p6,opt_7,opt_30,opt_7-opt_11-opt_27-opt_16-opt_30,4,863.889
ip_7,ip_30,ip_7_ip_30_p7,opt_7,opt_30,opt_7-opt_27-opt_4-opt_30,3,864.955
ip_7,ip_30,ip_7_ip_30_p8,opt_7,opt_30,opt_7-opt_27-opt_4-opt_16-opt_30,4,867.322
ip_7,ip_30,ip_7_ip_30_p9,opt_7,opt_30,opt_7-opt_11-opt_27-opt_4-opt_30,4,868.543
ip_7,ip_31,ip_7_ip_31_p0,opt_7,opt_31,opt_7-opt_27-opt_29-opt_31,3,888.501
ip_7,ip_31,ip_7_ip_31_p1,opt_7,opt_31,opt_7-opt_27-opt_3-opt_29-opt_31,4,891.981
ip_7,ip_31,ip_7_ip_31_p2,opt_7,opt_31,opt_7-opt_11-opt_27-opt_29-opt_31,4,892.089
ip_7,ip_31,ip_7_ip_31_p3,opt_7,opt_31,opt_7-opt_11-opt_3-opt_29-opt_31,4,893.937
ip_7,ip_31,ip_7_ip_31_p4,opt_7,opt_31,opt_7-opt_11-opt_27-opt_3-opt_29-opt_31,5,895.569
ip_7,ip_31,ip_7_ip_31_p5,opt_7,opt_31,opt_7-opt_27-opt_29-opt_15-opt_31,4,904.390
ip_7,ip_31,ip_7_ip_31_p6,opt_7,opt_31,opt_7-opt_27-opt_3-opt_29-opt_15-opt_31,5,907.870
ip_7,ip_31,ip_7_ip_31_p7,opt_7,opt_31,opt_7-opt_11-opt_27-opt_29-opt_15-opt_31,5,907.978
ip_7,ip_31,ip_7_ip_31_p8,opt_7,opt_31,opt_7-opt_11-opt_3-opt_29-opt_15-opt_31,5,909.826
ip_7,ip_31,ip_7_ip_31_p9,opt_7,opt_31,opt_7-opt_11-opt_27-opt_3-opt_29-opt_15-opt_31,6,911.458
ip_8,ip_9,ip_8_ip_9_p0,opt_8,opt_9,opt_8-opt_14-opt_3-opt_9,3,829.283
ip_8,ip_9,ip_8_ip_9_p1,opt_8,opt_9,opt_8-opt_0-opt_14-opt_3-opt_9,4,868.988
ip_8,ip_9,ip_8_ip_9_p2,opt_8,opt_9,opt_8-opt_14-opt_3-opt_27-opt_9,4,870.267
ip_8,ip_9,ip_8_ip_9_p3,opt_8,opt_9,opt_8-opt_14-opt_4-opt_27-opt_9,4,887.659
ip_8,ip_9,ip_8_ip_9_p4,opt_8,opt_9,opt_8-opt_14-opt_4-opt_3-opt_9,4,896.740
ip_8,ip_9,ip_8_ip_9_p5,opt_8,opt_9,opt_8-opt_14-opt_4-opt_27-opt_3-opt_9,5,909.745
ip_8,ip_9,ip_8_ip_9_p6,opt_8,opt_9,opt_8-opt_0-opt_14-opt_3-opt_27-opt_9,5,909.972
ip_8,ip_9,ip_8_ip_9_p7,opt_8,opt_9,opt_8-opt_14-opt_16-opt_27-opt_9,4,913.523
ip_8,ip_9,ip_8_ip_9_p8,opt_8,opt_9,opt_8-opt_14-opt_16-opt_4-opt_27-opt_9,5,920.544
ip_8,ip_9,ip_8_ip_9_p9,opt_8,opt_9,opt_8-opt_14-opt_4-opt_16-opt_27-opt_9,5,920.774
ip_8,ip_10,ip_8_ip_10_p0,opt_8,opt_10,opt_8-opt_17-opt_10,2,1055.815
ip_8,ip_10,ip_8_ip_10_p1,opt_8,opt_10,opt_8-opt_0-opt_20-opt_10,3,1079.258
ip_8,ip_10,ip_8_ip_10_p2,opt_8,opt_10,opt_8-opt_17-opt_19-opt_10,3,1094.249
ip_8,ip_10,ip_8_ip_10_p3,opt_8,opt_10,opt_8-opt_14-opt_7-opt_10,3,1097.272
ip_8,ip_10,ip_8_ip_10_p4,opt_8,opt_10,opt_8-opt_14-opt_7-opt_20-opt_10,4,1104.306
ip_8,ip_10,ip_8_ip_10_p5,opt_8,opt_10,opt_8-opt_0-opt_14-opt_7-opt_10,4,1136.977
ip_8,ip_10,ip_8_ip_10_p6,opt_8,opt_10,opt_8-opt_0-opt_14-opt_7-opt_20-opt_10,5,1144.011
ip_8,ip_10,ip_8_ip_10_p7,opt_8,opt_10,opt_8-opt_14-opt_7-opt_24-opt_10,4,1163.148
ip_8,ip_10,ip_8_ip_10_p8,opt_8,opt_10,opt_8-opt_14-opt_3-opt_11-opt_10,4,1164.715
ip_8,ip_10,ip_8_ip_10_p9,opt_8,opt_10,opt_8-opt_14-opt_3-opt_27-opt_11-opt_10,5,1166.347
ip_8,ip_11,ip_8_ip_11_p0,opt_8,opt_11,opt_8-opt_14-opt_3-opt_11,3,873.447
ip_8,ip_11,ip_8_ip_11_p1,opt_8,opt_11,opt_8-opt_14-opt_3-opt_27-opt_11,4,875.079
ip_8,ip_11,ip_8_ip_11_p2,opt_8,opt_11,opt_8-opt_14-opt_4-opt_27-opt_11,4,892.471
ip_8,ip_11,ip_8_ip_11_p3,opt_8,opt_11,opt_8-opt_0-opt_14-opt_3-opt_11,4,913.152
ip_8,ip_11,ip_8_ip_11_p4,opt_8,opt_11,opt_8-opt_0-opt_14-opt_3-opt_27-opt_11,5,914.784
ip_8,ip_11,ip_8_ip_11_p5,opt_8,opt_11,opt_8-opt_14-opt_16-opt_27-opt_11,4,918.335
ip_8,ip_11,ip_8_ip_11_p6,opt_8,opt_11,opt_8-opt_14-opt_16-opt_4-opt_27-opt_11,5,925.356
ip_8,ip_11,ip_8_ip_11_p7,opt_8,opt_11,opt_8-opt_14-opt_4-opt_16-opt_27-opt_11,5,925.586
ip_8,ip_11,ip_8_ip_11_p8,opt_8,opt_11,opt_8-opt_0-opt_14-opt_4-opt_27-opt_11,5,932.176
ip_8,ip_11,ip_8_ip_11_p9,opt_8,opt_11,opt_8-opt_0-opt_16-opt_27-opt_11,4,939.901
ip_8,ip_12,ip_8_ip_12_p0,opt_8,opt_12,opt_8-opt_6-opt_29-opt_12,3,783.626
ip_8,ip_12,ip_8_ip_12_p1,opt_8,opt_12,opt_8-opt_6-opt_29-opt_2-opt_12,4,805.858
ip_8,ip_12,ip_8_ip_12_p2,opt_8,opt_12,opt_8-opt_6-opt_15-opt_29-opt_12,4,817.712
ip_8,ip_12,ip_8_ip_12_p3,opt_8,opt_12,opt_8-opt_6-opt_15-opt_29-opt_2-opt_12,5,839.944
ip_8,ip_12,ip_8_ip_12_p4,opt_8,opt_12,opt_8-opt_6-opt_31-opt_29-opt_12,4,848.416
ip_8,ip_12,ip_8_ip_12_p5,opt_8,opt_12,opt_8-opt_6-opt_15-opt_31-opt_29-opt_12,5,855.951
ip_8,ip_12,ip_8_ip_12_p6,opt_8,opt_12,opt_8-opt_6-opt_31-opt_15-opt_29-opt_12,5,864.305
ip_8,ip_12,ip_8_ip_12_p7,opt_8,opt_12,opt_8-opt_6-opt_31-opt_29-opt_2-opt_12,5,870.648
ip_8,ip_12,ip_8_ip_12_p8,opt_8,opt_12,opt_8-opt_6-opt_15-opt_31-opt_29-opt_2-opt_12,6,878.183
ip_8,ip_12,ip_8_ip_12_p9,opt_8,opt_12,opt_8-opt_6-opt_31-opt_15-opt_29-opt_2-opt_12,6,886.537
ip_8,ip_13,ip_8_ip_13_p0,opt_8,opt_13,opt_8-opt_0-opt_13,2,385.021
ip_8,ip_13,ip_8_ip_13_p1,opt_8,opt_13,opt_8-opt_18-opt_13,2,406.360
ip_8,ip_13,ip_8_ip_13_p2,opt_8,opt_13,opt_8-opt_0-opt_18-opt_13,3,407.111
ip_8,ip_13,ip_8_ip_13_p3,opt_8,opt_13,opt_8-opt_14-opt_13,2,411.549
ip_8,ip_13,ip_8_ip_13_p4,opt_8,opt_13,opt_8-opt_0-opt_14-opt_13,3,451.254
ip_8,ip_13,ip_8_ip_13_p5,opt_8,opt_13,opt_8-opt_14-opt_4-opt_13,3,484.294
ip_8,ip_13,ip_8_ip_13_p6,opt_8,opt_13,opt_8-opt_14-opt_16-opt_13,3,485.804
ip_8,ip_13,ip_8_ip_13_p7,opt_8,opt_13,opt_8-opt_14-opt_4-opt_16-opt_13,4,493.055
ip_8,ip_13,ip_8_ip_13_p8,opt_8,opt_13,opt_8-opt_0-opt_16-opt_13,3,507.370
ip_8,ip_13,ip_8_ip_13_p9,opt_8,opt_13,opt_8-opt_14-opt_16-opt_4-opt_13,4,517.179
ip_8,ip_14,ip_8_ip_14_p0,opt_8,opt_14,opt_8-opt_14,1,294.964
ip_8,ip_14,ip_8_ip_14_p1,opt_8,opt_14,opt_8-opt_0-opt_14,2,334.669
ip_8,ip_14,ip_8_ip_14_p2,opt_8,opt_14,opt_8-opt_18-opt_14,2,420.072
ip_8,ip_14,ip_8_ip_14_p3,opt_8,opt_14,opt_8-opt_0-opt_18-opt_14,3,420.823
ip_8,ip_14,ip_8_ip_14_p4,opt_8,opt_14,opt_8-opt_0-opt_13-opt_14,3,501.606
ip_8,ip_14,ip_8_ip_14_p5,opt_8,opt_14,opt_8-opt_18-opt_13-opt_14,3,522.945
ip_8,ip_14,ip_8_ip_14_p6,opt_8,opt_14,opt_8-opt_0-opt_18-opt_13-opt_14,4,523.696
ip_8,ip_14,ip_8_ip_14_p7,opt_8,opt_14,opt_8-opt_0-opt_16-opt_14,3,547.548
ip_8,ip_14,ip_8_ip_14_p8,opt_8,opt_14,opt_8-opt_0-opt_16-opt_4-opt_14,4,554.799
ip_8,ip_14,ip_8_ip_14_p9,opt_8,opt_14,opt_8-opt_0-opt_13-opt_4-opt_14,4,574.351
ip_8,ip_15,ip_8_ip_15_p0,opt_8,opt_15,opt_8-opt_6-opt_15,2,354.860
ip_8,ip_15,ip_8_ip_15_p1,opt_8,opt_15,opt_8-opt_6-opt_31-opt_15,3,401.453
ip_8,ip_15,ip_8_ip_15_p2,opt_8,opt_15,opt_8-opt_6-opt_29-opt_15,3,656.860
ip_8,ip_15,ip_8_ip_15_p3,opt_8,opt_15,opt_8-opt_6-opt_29-opt_31-opt_15,4,695.099
ip_8,ip_15,ip_8_ip_15_p4,opt_8,opt_15,opt_8-opt_14-opt_6-opt_15,3,709.970
ip_8,ip_15,ip_8_ip_15_p5,opt_8,opt_15,opt_8-opt_6-opt_31-opt_29-opt_15,4,721.650
ip_8,ip_15,ip_8_ip_15_p6,opt_8,opt_15,opt_8-opt_0-opt_14-opt_6-opt_15,4,749.675
ip_8,ip_15,ip_8_ip_15_p7,opt_8,opt_15,opt_8-opt_14-opt_6-opt_31-opt_15,4,756.563
ip_8,ip_15,ip_8_ip_15_p8,opt_8,opt_15,opt_8-opt_0-opt_14-opt_6-opt_31-opt_15,5,796.268
ip_8,ip_15,ip_8_ip_15_p9,opt_8,opt_15,opt_8-opt_18-opt_14-opt_6-opt_15,4,835.078
ip_8,ip_16,ip_8_ip_16_p0,opt_8,opt_16,opt_8-opt_14-opt_16,2,410.473
ip_8,ip_16,ip_8_ip_16_p1,opt_8,opt_16,opt_8-opt_14-opt_4-opt_16,3,417.724
ip_8,ip_16,ip_8_ip_16_p2,opt_8,opt_16,opt_8-opt_0-opt_16,2,432.039
ip_8,ip_16,ip_8_ip_16_p3,opt_8,opt_16,opt_8-opt_0-opt_14-opt_16,3,450.178
ip_8,ip_16,ip_8_ip_16_p4,opt_8,opt_16,opt_8-opt_0-opt_14-opt_4-opt_16,4,457.429
ip_8,ip_16,ip_8_ip_16_p5,opt_8,opt_16,opt_8-opt_0-opt_13-opt_16,3,460.352
ip_8,ip_16,ip_8_ip_16_p6,opt_8,opt_16,opt_8-opt_18-opt_16,2,472.152
ip_8,ip_16,ip_8_ip_16_p7,opt_8,opt_16,opt_8-opt_0-opt_18-opt_16,3,472.903
ip_8,ip_16,ip_8_ip_16_p8,opt_8,opt_16,opt_8-opt_18-opt_13-opt_16,3,481.691
ip_8,ip_16,ip_8_ip_16_p9,opt_8,opt_16,opt_8-opt_0-opt_18-opt_13-opt_16,4,482.442
ip_8,ip_17,ip_8_ip_17_p0,opt_8,opt_17,opt_8-opt_17,1,870.331
ip_8,ip_17,ip_8_ip_17_p1,opt_8,opt_17,opt_8-opt_14-opt_3-opt_9-opt_17,4,1038.051
ip_8,ip_17,ip_8_ip_17_p2,opt_8,opt_17,opt_8-opt_0-opt_14-opt_3-opt_9-opt_17,5,1077.756
ip_8,ip_17,ip_8_ip_17_p3,opt_8,opt_17,opt_8-opt_14-opt_3-opt_27-opt_9-opt_17,5,1079.035
ip_8,ip_17,ip_8_ip_17_p4,opt_8,opt_17,opt_8-opt_14-opt_4-opt_27-opt_9-opt_17,5,1096.427
ip_8,ip_17,ip_8_ip_17_p5,opt_8,opt_17,opt_8-opt_14-opt_4-opt_3-opt_9-opt_17,5,1105.508
ip_8,ip_17,ip_8_ip_17_p6,opt_8,opt_17,opt_8-opt_14-opt_4-opt_27-opt_3-opt_9-opt_17,6,1118.513
ip_8,ip_17,ip_8_ip_17_p7,opt_8,opt_17,opt_8-opt_0-opt_14-opt_3-opt_27-opt_9-opt_17,6,1118.740
ip_8,ip_17,ip_8_ip_17_p8,opt_8,opt_17,opt_8-opt_14-opt_16-opt_27-opt_9-opt_17,5,1122.291
ip_8,ip_17,ip_8_ip_17_p9,opt_8,opt_17,opt_8-opt_14-opt_16-opt_4-opt_27-opt_9-opt_17,6,1129.312
ip_8,ip_18,ip_8_ip_18_p0,opt_8,opt_18,opt_8-opt_18,1,259.948
ip_8,ip_18,ip_8_ip_18_p1,opt_8,opt_18,opt_8-opt_0-opt_18,2,260.699
ip_8,ip_18,ip_8_ip_18_p2,opt_8,opt_18,opt_8-opt_14-opt_18,2,455.088
ip_8,ip_18,ip_8_ip_18_p3,opt_8,opt_18,opt_8-opt_0-opt_14-opt_18,3,494.793
ip_8,ip_18,ip_8_ip_18_p4,opt_8,opt_18,opt_8-opt_0-opt_13-opt_18,3,531.433
ip_8,ip_18,ip_8_ip_18_p5,opt_8,opt_18,opt_8-opt_14-opt_13-opt_18,3,557.961
ip_8,ip_18,ip_8_ip_18_p6,opt_8,opt_18,opt_8-opt_0-opt_14-opt_13-opt_18,4,597.666
ip_8,ip_18,ip_8_ip_18_p7,opt_8,opt_18,opt_8-opt_14-opt_4-opt_18,3,612.358
ip_8,ip_18,ip_8_ip_18_p8,opt_8,opt_18,opt_8-opt_14-opt_16-opt_18,3,622.677
ip_8,ip_18,ip_8_ip_18_p9,opt_8,opt_18,opt_8-opt_14-opt_4-opt_16-opt_18,4,629.928
ip_8,ip_19,ip_8_ip_19_p0,opt_8,opt_19,opt_8-opt_17-opt_19,2,1002.635
ip_8,ip_19,ip_8_ip_19_p1,opt_8,opt_19,opt_8-opt_17-opt_10-opt_19,3,1147.429
ip_8,ip_19,ip_8_ip_19_p2,opt_8,opt_19,opt_8-opt_14-opt_3-opt_9-opt_19,4,1164.216
ip_8,ip_19,ip_8_ip_19_p3,opt_8,opt_19,opt_8-opt_0-opt_20-opt_19,3,1170.082
ip_8,ip_19,ip_8_ip_19_p4,opt_8,opt_19,opt_8-opt_14-opt_3-opt_9-opt_17-opt_19,5,1170.355
ip_8,ip_19,ip_8_ip_19_p5,opt_8,opt_19,opt_8-opt_0-opt_20-opt_10-opt_19,4,1170.872
ip_8,ip_19,ip_8_ip_19_p6,opt_8,opt_19,opt_8-opt_14-opt_7-opt_19,3,1179.912
ip_8,ip_19,ip_8_ip_19_p7,opt_8,opt_19,opt_8-opt_14-opt_7-opt_10-opt_19,4,1188.886
ip_8,ip_19,ip_8_ip_19_p8,opt_8,opt_19,opt_8-opt_14-opt_7-opt_20-opt_19,4,1195.130
ip_8,ip_19,ip_8_ip_19_p9,opt_8,opt_19,opt_8-opt_14-opt_7-opt_20-opt_10-opt_19,5,1195.920
ip_8,ip_20,ip_8_ip_20_p0,opt_8,opt_20,opt_8-opt_0-opt_20,2,1000.081
ip_8,ip_20,ip_8_ip_20_p1,opt_8,opt_20,opt_8-opt_14-opt_7-opt_20,3,1025.129
ip_8,ip_20,ip_8_ip_20_p2,opt_8,opt_20,opt_8-opt_0-opt_14-opt_7-opt_20,4,1064.834
ip_8,ip_20,ip_8_ip_20_p3,opt_8,opt_20,opt_8-opt_14-opt_7-opt_24-opt_20,4,1087.837
ip_8,ip_20,ip_8_ip_20_p4,opt_8,opt_20,opt_8-opt_17-opt_20,2,1111.917
ip_8,ip_20,ip_8_ip_20_p5,opt_8,opt_20,opt_8-opt_0-opt_14-opt_7-opt_24-opt_20,5,1127.542
ip_8,ip_20,ip_8_ip_20_p6,opt_8,opt_20,opt_8-opt_17-opt_10-opt_20,3,1134.992
ip_8,ip_20,ip_8_ip_20_p7,opt_8,opt_20,opt_8-opt_14-opt_7-opt_25-opt_20,4,1138.755
ip_8,ip_20,ip_8_ip_20_p8,opt_8,opt_20,opt_8-opt_14-opt_3-opt_11-opt_20,4,1141.536
ip_8,ip_20,ip_8_ip_20_p9,opt_8,opt_20,opt_8-opt_14-opt_3-opt_27-opt_11-opt_20,5,1143.168
ip_8,ip_21,ip_8_ip_21_p0,opt_8,opt_21,opt_8-opt_6-opt_29-opt_12-opt_21,4,1000.206
ip_8,ip_21,ip_8_ip_21_p1,opt_8,opt_21,opt_8-opt_14-opt_3-opt_9-opt_21,4,1015.949
ip_8,ip_21,ip_8_ip_21_p2,opt_8,opt_21,opt_8-opt_6-opt_29-opt_2-opt_12-opt_21,5,1022.438
ip_8,ip_21,ip_8_ip_21_p3,opt_8,opt_21,opt_8-opt_6-opt_15-opt_29-opt_12-opt_21,5,1034.292
ip_8,ip_21,ip_8_ip_21_p4,opt_8,opt_21,opt_8-opt_0-opt_14-opt_3-opt_9-opt_21,5,1055.654
ip_8,ip_21,ip_8_ip_21_p5,opt_8,opt_21,opt_8-opt_6-opt_15-opt_29-opt_2-opt_12-opt_21,6,1056.524
ip_8,ip_21,ip_8_ip_21_p6,opt_8,opt_21,opt_8-opt_14-opt_3-opt_27-opt_9-opt_21,5,1056.933
ip_8,ip_21,ip_8_ip_21_p7,opt_8,opt_21,opt_8-opt_6-opt_31-opt_29-opt_12-opt_21,5,1064.996
ip_8,ip_21,ip_8_ip_21_p8,opt_8,opt_21,opt_8-opt_6-opt_15-opt_31-opt_29-opt_12-opt_21,6,1072.531
ip_8,ip_21,ip_8_ip_21_p9,opt_8,opt_21,opt_8-opt_14-opt_4-opt_27-opt_9-opt_21,5,1074.325
ip_8,ip_22,ip_8_ip_22_p0,opt_8,opt_22,opt_8-opt_6-opt_31-opt_23-opt_22,4,886.377
ip_8,ip_22,ip_8_ip_22_p1,opt_8,opt_22,opt_8-opt_6-opt_15-opt_31-opt_23-opt_22,5,893.912
ip_8,ip_22,ip_8_ip_22_p2,opt_8,opt_22,opt_8-opt_6-opt_29-opt_2-opt_22,4,941.655
ip_8,ip_22,ip_8_ip_22_p3,opt_8,opt_22,opt_8-opt_6-opt_15-opt_29-opt_2-opt_22,5,975.741
ip_8,ip_22,ip_8_ip_22_p4,opt_8,opt_22,opt_8-opt_6-opt_29-opt_23-opt_22,4,989.007
ip_8,ip_22,ip_8_ip_22_p5,opt_8,opt_22,opt_8-opt_6-opt_31-opt_29-opt_2-opt_22,5,1006.445
ip_8,ip_22,ip_8_ip_22_p6,opt_8,opt_22,opt_8-opt_6-opt_15-opt_31-opt_29-opt_2-opt_22,6,1013.980
ip_8,ip_22,ip_8_ip_22_p7,opt_8,opt_22,opt_8-opt_6-opt_31-opt_15-opt_29-opt_2-opt_22,6,1022.334
ip_8,ip_22,ip_8_ip_22_p8,opt_8,opt_22,opt_8-opt_6-opt_15-opt_29-opt_23-opt_22,5,1023.093
ip_8,ip_22,ip_8_ip_22_p9,opt_8,opt_22,opt_8-opt_6-opt_29-opt_12-opt_22,4,1045.139
ip_8,ip_23,ip_8_ip_23_p0,opt_8,opt_23,opt_8-opt_6-opt_31-opt_23,3,708.095
ip_8,ip_23,ip_8_ip_23_p1,opt_8,opt_23,opt_8-opt_6-opt_15-opt_31-opt_23,4,715.630
ip_8,ip_23,ip_8_ip_23_p2,opt_8,opt_23,opt_8-opt_6-opt_29-opt_23,3,810.725
ip_8,ip_23,ip_8_ip_23_p3,opt_8,opt_23,opt_8-opt_6-opt_15-opt_29-opt_23,4,844.811
ip_8,ip_23,ip_8_ip_23_p4,opt_8,opt_23,opt_8-opt_6-opt_31-opt_29-opt_23,4,875.515
ip_8,ip_23,ip_8_ip_23_p5,opt_8,opt_23,opt_8-opt_6-opt_15-opt_31-opt_29-opt_23,5,883.050
ip_8,ip_23,ip_8_ip_23_p6,opt_8,opt_23,opt_8-opt_6-opt_31-opt_15-opt_29-opt_23,5,891.404
ip_8,ip_23,ip_8_ip_23_p7,opt_8,opt_23,opt_8-opt_6-opt_29-opt_2-opt_23,4,925.937
ip_8,ip_23,ip_8_ip_23_p8,opt_8,opt_23,opt_8-opt_6-opt_15-opt_29-opt_2-opt_23,5,960.023
ip_8,ip_23,ip_8_ip_23_p9,opt_8,opt_23,opt_8-opt_6-opt_31-opt_29-opt_2-opt_23,5,990.727
ip_8,ip_24,ip_8_ip_24_p0,opt_8,opt_24,opt_8-opt_14-opt_7-opt_24,3,1000.431
ip_8,ip_24,ip_8_ip_24_p1,opt_8,opt_24,opt_8-opt_0-opt_14-opt_7-opt_24,4,1040.136
ip_8,ip_24,ip_8_ip_24_p2,opt_8,opt_24,opt_8-opt_14-opt_7-opt_25-opt_24,4,1068.463
ip_8,ip_24,ip_8_ip_24_p3,opt_8,opt_24,opt_8-opt_0-opt_20-opt_24,3,1087.487
ip_8,ip_24,ip_8_ip_24_p4,opt_8,opt_24,opt_8-opt_0-opt_14-opt_7-opt_25-opt_24,5,1108.168
ip_8,ip_24,ip_8_ip_24_p5,opt_8,opt_24,opt_8-opt_14-opt_7-opt_20-opt_24,4,1112.535
ip_8,ip_24,ip_8_ip_24_p6,opt_8,opt_24,opt_8-opt_18-opt_14-opt_7-opt_24,4,1125.539
ip_8,ip_24,ip_8_ip_24_p7,opt_8,opt_24,opt_8-opt_0-opt_18-opt_14-opt_7-opt_24,5,1126.290
ip_8,ip_24,ip_8_ip_24_p8,opt_8,opt_24,opt_8-opt_0-opt_14-opt_7-opt_20-opt_24,5,1152.240
ip_8,ip_24,ip_8_ip_24_p9,opt_8,opt_24,opt_8-opt_14-opt_3-opt_11-opt_24,4,1177.067
ip_8,ip_25,ip_8_ip_25_p0,opt_8,opt_25,opt_8-opt_14-opt_7-opt_25,3,968.341
ip_8,ip_25,ip_8_ip_25_p1,opt_8,opt_25,opt_8-opt_0-opt_14-opt_7-opt_25,4,1008.046
ip_8,ip_25,ip_8_ip_25_p2,opt_8,opt_25,opt_8-opt_18-opt_14-opt_7-opt_25,4,1093.449
ip_8,ip_25,ip_8_ip_25_p3,opt_8,opt_25,opt_8-opt_0-opt_18-opt_14-opt_7-opt_25,5,1094.200
ip_8,ip_25,ip_8_ip_25_p4,opt_8,opt_25,opt_8-opt_14-opt_7-opt_24-opt_25,4,1100.553
ip_8,ip_25,ip_8_ip_25_p5,opt_8,opt_25,opt_8-opt_0-opt_14-opt_7-opt_24-opt_25,5,1140.258
ip_8,ip_25,ip_8_ip_25_p6,opt_8,opt_25,opt_8-opt_14-opt_3-opt_11-opt_25,4,1162.839
ip_8,ip_25,ip_8_ip_25_p7,opt_8,opt_25,opt_8-opt_14-opt_3-opt_27-opt_7-opt_25,5,1163.161
ip_8,ip_25,ip_8_ip_25_p8,opt_8,opt_25,opt_8-opt_14-opt_3-opt_27-opt_11-opt_25,5,1164.471
ip_8,ip_25,ip_8_ip_25_p9,opt_8,opt_25,opt_8-opt_14-opt_3-opt_11-opt_7-opt_25,5,1165.117
ip_8,ip_26,ip_8_ip_26_p0,opt_8,opt_26,opt_8-opt_6-opt_29-opt_12-opt_26,4,1006.924
ip_8,ip_26,ip_8_ip_26_p1,opt_8,opt_26,opt_8-opt_6-opt_29-opt_2-opt_12-opt_26,5,1029.156
ip_8,ip_26,ip_8_ip_26_p2,opt_8,opt_26,opt_8-opt_6-opt_15-opt_29-opt_12-opt_26,5,1041.010
ip_8,ip_26,ip_8_ip_26_p3,opt_8,opt_26,opt_8-opt_6-opt_15-opt_29-opt_2-opt_12-opt_26,6,1063.242
ip_8,ip_26,ip_8_ip_26_p4,opt_8,opt_26,opt_8-opt_6-opt_31-opt_29-opt_12-opt_26,5,1071.714
ip_8,ip_26,ip_8_ip_26_p5,opt_8,opt_26,opt_8-opt_6-opt_15-opt_31-opt_29-opt_12-opt_26,6,1079.249
ip_8,ip_26,ip_8_ip_26_p6,opt_8,opt_26,opt_8-opt_6-opt_31-opt_15-opt_29-opt_12-opt_26,6,1087.603
ip_8,ip_26,ip_8_ip_26_p7,opt_8,opt_26,opt_8-opt_6-opt_31-opt_29-opt_2-opt_12-opt_26,6,1093.946
ip_8,ip_26,ip_8_ip_26_p8,opt_8,opt_26,opt_8-opt_14-opt_3-opt_9-opt_26,4,1096.990
ip_8,ip_26,ip_8_ip_26_p9,opt_8,opt_26,opt_8-opt_6-opt_29-opt_12-opt_21-opt_26,5,1097.013
ip_8,ip_27,ip_8_ip_27_p0,opt_8,opt_27,opt_8-opt_14-opt_3-opt_27,3,629.135
ip_8,ip_27,ip_8_ip_27_p1,opt_8,opt_27,opt_8-opt_14-opt_4-opt_27,3,646.527
ip_8,ip_27,ip_8_ip_27_p2,opt_8,opt_27,opt_8-opt_0-opt_14-opt_3-opt_27,4,668.840
ip_8,ip_27,ip_8_ip_27_p3,opt_8,opt_27,opt_8-opt_14-opt_16-opt_27,3,672.391
ip_8,ip_27,ip_8_ip_27_p4,opt_8,opt_27,opt_8-opt_14-opt_16-opt_4-opt_27,4,679.412
ip_8,ip_27,ip_8_ip_27_p5,opt_8,opt_27,opt_8-opt_14-opt_4-opt_16-opt_27,4,679.642
ip_8,ip_27,ip_8_ip_27_p6,opt_8,opt_27,opt_8-opt_0-opt_14-opt_4-opt_27,4,686.232
ip_8,ip_27,ip_8_ip_27_p7,opt_8,opt_27,opt_8-opt_0-opt_16-opt_27,3,693.957
ip_8,ip_27,ip_8_ip_27_p8,opt_8,opt_27,opt_8-opt_14-opt_4-opt_3-opt_27,4,696.592
ip_8,ip_27,ip_8_ip_27_p9,opt_8,opt_27,opt_8-opt_0-opt_16-opt_4-opt_27,4,700.978
ip_8,ip_28,ip_8_ip_28_p0,opt_8,opt_28,opt_8-opt_14-opt_7-opt_28,3,1062.694
ip_8,ip_28,ip_8_ip_28_p1,opt_8,opt_28,opt_8-opt_14-opt_3-opt_11-opt_28,4,1077.647
ip_8,ip_28,ip_8_ip_28_p2,opt_8,opt_28,opt_8-opt_14-opt_3-opt_27-opt_11-opt_28,5,1079.279
ip_8,ip_28,ip_8_ip_28_p3,opt_8,opt_28,opt_8-opt_14-opt_4-opt_27-opt_11-opt_28,5,1096.671
ip_8,ip_28,ip_8_ip_28_p4,opt_8,opt_28,opt_8-opt_0-opt_14-opt_7-opt_28,4,1102.399
ip_8,ip_28,ip_8_ip_28_p5,opt_8,opt_28,opt_8-opt_0-opt_14-opt_3-opt_11-opt_28,5,1117.352
ip_8,ip_28,ip_8_ip_28_p6,opt_8,opt_28,opt_8-opt_0-opt_14-opt_3-opt_27-opt_11-opt_28,6,1118.984
ip_8,ip_28,ip_8_ip_28_p7,opt_8,opt_28,opt_8-opt_14-opt_16-opt_27-opt_11-opt_28,5,1122.535
ip_8,ip_28,ip_8_ip_28_p8,opt_8,opt_28,opt_8-opt_14-opt_16-opt_4-opt_27-opt_11-opt_28,6,1129.556
ip_8,ip_28,ip_8_ip_28_p9,opt_8,opt_28,opt_8-opt_14-opt_4-opt_16-opt_27-opt_11-opt_28,6,1129.786
ip_8,ip_29,ip_8_ip_29_p0,opt_8,opt_29,opt_8-opt_6-opt_29,2,488.817
ip_8,ip_29,ip_8_ip_29_p1,opt_8,opt_29,opt_8-opt_6-opt_15-opt_29,3,522.903
ip_8,ip_29,ip_8_ip_29_p2,opt_8,opt_29,opt_8-opt_6-opt_31-opt_29,3,553.607
ip_8,ip_29,ip_8_ip_29_p3,opt_8,opt_29,opt_8-opt_6-opt_15-opt_31-opt_29,4,561.142
ip_8,ip_29,ip_8_ip_29_p4,opt_8,opt_29,opt_8-opt_6-opt_31-opt_15-opt_29,4,569.496
ip_8,ip_29,ip_8_ip_29_p5,opt_8,opt_29,opt_8-opt_14-opt_3-opt_29,3,827.086
ip_8,ip_29,ip_8_ip_29_p6,opt_8,opt_29,opt_8-opt_14-opt_6-opt_29,3,843.927
ip_8,ip_29,ip_8_ip_29_p7,opt_8,opt_29,opt_8-opt_0-opt_14-opt_3-opt_29,4,866.791
ip_8,ip_29,ip_8_ip_29_p8,opt_8,opt_29,opt_8-opt_14-opt_6-opt_15-opt_29,4,878.013
ip_8,ip_29,ip_8_ip_29_p9,opt_8,opt_29,opt_8-opt_0-opt_14-opt_6-opt_29,4,883.632
ip_8,ip_30,ip_8_ip_30_p0,opt_8,opt_30,opt_8-opt_18-opt_30,2,437.136
ip_8,ip_30,ip_8_ip_30_p1,opt_8,opt_30,opt_8-opt_0-opt_18-opt_30,3,437.887
ip_8,ip_30,ip_8_ip_30_p2,opt_8,opt_30,opt_8-opt_0-opt_13-opt_30,3,476.790
ip_8,ip_30,ip_8_ip_30_p3,opt_8,opt_30,opt_8-opt_18-opt_13-opt_30,3,498.129
ip_8,ip_30,ip_8_ip_30_p4,opt_8,opt_30,opt_8-opt_0-opt_18-opt_13-opt_30,4,498.880
ip_8,ip_30,ip_8_ip_30_p5,opt_8,opt_30,opt_8-opt_14-opt_30,2,502.061
ip_8,ip_30,ip_8_ip_30_p6,opt_8,opt_30,opt_8-opt_14-opt_13-opt_30,3,503.318
ip_8,ip_30,ip_8_ip_30_p7,opt_8,opt_30,opt_8-opt_0-opt_14-opt_30,3,541.766
ip_8,ip_30,ip_8_ip_30_p8,opt_8,opt_30,opt_8-opt_0-opt_14-opt_13-opt_30,4,543.023
ip_8,ip_30,ip_8_ip_30_p9,opt_8,opt_30,opt_8-opt_14-opt_16-opt_30,3,557.114
ip_8,ip_31,ip_8_ip_31_p0,opt_8,opt_31,opt_8-opt_6-opt_31,2,374.389
ip_8,ip_31,ip_8_ip_31_p1,opt_8,opt_31,opt_8-opt_6-opt_15-opt_31,3,381.924
ip_8,ip_31,ip_8_ip_31_p2,opt_8,opt_31,opt_8-opt_6-opt_29-opt_31,3,668.035
ip_8,ip_31,ip_8_ip_31_p3,opt_8,opt_31,opt_8-opt_6-opt_29-opt_15-opt_31,4,683.924
ip_8,ip_31,ip_8_ip_31_p4,opt_8,opt_31,opt_8-opt_6-opt_15-opt_29-opt_31,4,702.121
ip_8,ip_31,ip_8_ip_31_p5,opt_8,opt_31,opt_8-opt_14-opt_6-opt_31,3,729.499
ip_8,ip_31,ip_8_ip_31_p6,opt_8,opt_31,opt_8-opt_14-opt_6-opt_15-opt_31,4,737.034
ip_8,ip_31,ip_8_ip_31_p7,opt_8,opt_31,opt_8-opt_0-opt_14-opt_6-opt_31,4,769.204
ip_8,ip_31,ip_8_ip_31_p8,opt_8,opt_31,opt_8-opt_0-opt_14-opt_6-opt_15-opt_31,5,776.739
ip_8,ip_31,ip_8_ip_31_p9,opt_8,opt_31,opt_8-opt_18-opt_14-opt_6-opt_31,4,854.607
ip_9,ip_10,ip_9_ip_10_p0,opt_9,opt_10,opt_9-opt_17-opt_10,2,394.252
ip_9,ip_10,ip_9_ip_10_p1,opt_9,opt_10,opt_9-opt_19-opt_10,2,426.547
ip_9,ip_10,ip_9_ip_10_p2,opt_9,opt_10,opt_9-opt_17-opt_19-opt_10,3,432.686
ip_9,ip_10,ip_9_ip_10_p3,opt_9,opt_10,opt_9-opt_17-opt_20-opt_10,3,529.531
ip_9,ip_10,ip_9_ip_10_p4,opt_9,opt_10,opt_9-opt_19-opt_20-opt_10,3,584.111
ip_9,ip_10,ip_9_ip_10_p5,opt_9,opt_10,opt_9-opt_17-opt_19-opt_20-opt_10,4,590.250
ip_9,ip_10,ip_9_ip_10_p6,opt_9,opt_10,opt_9-opt_19-opt_17-opt_10,3,652.721
ip_9,ip_10,ip_9_ip_10_p7,opt_9,opt_10,opt_9-opt_21-opt_17-opt_10,3,676.762
ip_9,ip_10,ip_9_ip_10_p8,opt_9,opt_10,opt_9-opt_17-opt_24-opt_10,3,698.819
ip_9,ip_10,ip_9_ip_10_p9,opt_9,opt_10,opt_9-opt_17-opt_20-opt_24-opt_10,4,700.477
ip_9,ip_11,ip_9_ip_11_p0,opt_9,opt_11,opt_9-opt_17-opt_11,2,469.505
ip_9,ip_11,ip_9_ip_11_p1,opt_9,opt_11,opt_9-opt_27-opt_11,2,487.076
ip_9,ip_11,ip_9_ip_11_p2,opt_9,opt_11,opt_9-opt_3-opt_11,2,507.530
ip_9,ip_11,ip_9_ip_11_p3,opt_9,opt_11,opt_9-opt_3-opt_27-opt_11,3,509.162
ip_9,ip_11,ip_9_ip_11_p4,opt_9,opt_11,opt_9-opt_27-opt_3-opt_11,3,548.514
ip_9,ip_11,ip_9_ip_11_p5,opt_9,opt_11,opt_9-opt_17-opt_10-opt_11,3,685.520
ip_9,ip_11,ip_9_ip_11_p6,opt_9,opt_11,opt_9-opt_19-opt_10-opt_11,3,717.815
ip_9,ip_11,ip_9_ip_11_p7,opt_9,opt_11,opt_9-opt_17-opt_20-opt_11,3,718.443
ip_9,ip_11,ip_9_ip_11_p8,opt_9,opt_11,opt_9-opt_17-opt_19-opt_10-opt_11,4,723.954
ip_9,ip_11,ip_9_ip_11_p9,opt_9,opt_11,opt_9-opt_19-opt_17-opt_11,3,727.974
ip_9,ip_12,ip_9_ip_12_p0,opt_9,opt_12,opt_9-opt_12,1,197.930
ip_9,ip_12,ip_9_ip_12_p1,opt_9,opt_12,opt_9-opt_2-opt_12,2,382.592
ip_9,ip_12,ip_9_ip_12_p2,opt_9,opt_12,opt_9-opt_21-opt_12,2,403.246
ip_9,ip_12,ip_9_ip_12_p3,opt_9,opt_12,opt_9-opt_26-opt_12,2,491.005
ip_9,ip_12,ip_9_ip_12_p4,opt_9,opt_12,opt_9-opt_21-opt_26-opt_12,3,506.771
ip_9,ip_12,ip_9_ip_12_p5,opt_9,opt_12,opt_9-opt_26-opt_21-opt_12,3,581.094
ip_9,ip_12,ip_9_ip_12_p6,opt_9,opt_12,opt_9-opt_3-opt_2-opt_12,3,637.872
ip_9,ip_12,ip_9_ip_12_p7,opt_9,opt_12,opt_9-opt_27-opt_3-opt_2-opt_12,4,678.856
ip_9,ip_12,ip_9_ip_12_p8,opt_9,opt_12,opt_9-opt_17-opt_21-opt_12,3,729.960
ip_9,ip_12,ip_9_ip_12_p9,opt_9,opt_12,opt_9-opt_3-opt_29-opt_12,3,755.978
ip_9,ip_13,ip_9_ip_13_p0,opt_9,opt_13,opt_9-opt_27-opt_13,2,576.628
ip_9,ip_13,ip_9_ip_13_p1,opt_9,opt_13,opt_9-opt_27-opt_4-opt_13,3,576.641
ip_9,ip_13,ip_9_ip_13_p2,opt_9,opt_13,opt_9-opt_27-opt_16-opt_13,3,578.381
ip_9,ip_13,ip_9_ip_13_p3,opt_9,opt_13,opt_9-opt_27-opt_4-opt_16-opt_13,4,585.402
ip_9,ip_13,ip_9_ip_13_p4,opt_9,opt_13,opt_9-opt_3-opt_4-opt_13,3,585.722
ip_9,ip_13,ip_9_ip_13_p5,opt_9,opt_13,opt_9-opt_3-opt_16-opt_13,3,588.841
ip_9,ip_13,ip_9_ip_13_p6,opt_9,opt_13,opt_9-opt_3-opt_4-opt_16-opt_13,4,594.483
ip_9,ip_13,ip_9_ip_13_p7,opt_9,opt_13,opt_9-opt_3-opt_27-opt_13,3,598.714
ip_9,ip_13,ip_9_ip_13_p8,opt_9,opt_13,opt_9-opt_3-opt_27-opt_4-opt_13,4,598.727
ip_9,ip_13,ip_9_ip_13_p9,opt_9,opt_13,opt_9-opt_3-opt_27-opt_16-opt_13,4,600.467
ip_9,ip_14,ip_9_ip_14_p0,opt_9,opt_14,opt_9-opt_3-opt_14,2,534.319
ip_9,ip_14,ip_9_ip_14_p1,opt_9,opt_14,opt_9-opt_27-opt_3-opt_14,3,575.303
ip_9,ip_14,ip_9_ip_14_p2,opt_9,opt_14,opt_9-opt_27-opt_4-opt_14,3,592.695
ip_9,ip_14,ip_9_ip_14_p3,opt_9,opt_14,opt_9-opt_3-opt_4-opt_14,3,601.776
ip_9,ip_14,ip_9_ip_14_p4,opt_9,opt_14,opt_9-opt_3-opt_27-opt_4-opt_14,4,614.781
ip_9,ip_14,ip_9_ip_14_p5,opt_9,opt_14,opt_9-opt_27-opt_16-opt_14,3,618.559
ip_9,ip_14,ip_9_ip_14_p6,opt_9,opt_14,opt_9-opt_27-opt_4-opt_16-opt_14,4,625.580
ip_9,ip_14,ip_9_ip_14_p7,opt_9,opt_14,opt_9-opt_27-opt_16-opt_4-opt_14,4,625.810
ip_9,ip_14,ip_9_ip_14_p8,opt_9,opt_14,opt_9-opt_3-opt_16-opt_14,3,629.019
ip_9,ip_14,ip_9_ip_14_p9,opt_9,opt_14,opt_9-opt_3-opt_4-opt_16-opt_14,4,634.661
ip_9,ip_15,ip_9_ip_15_p0,opt_9,opt_15,opt_9-opt_3-opt_29-opt_15,3,629.212
ip_9,ip_15,ip_9_ip_15_p1,opt_9,opt_15,opt_9-opt_2-opt_29-opt_15,3,650.786
ip_9,ip_15,ip_9_ip_15_p2,opt_9,opt_15,opt_9-opt_12-opt_29-opt_15,3,660.782
ip_9,ip_15,ip_9_ip_15_p3,opt_9,opt_15,opt_9-opt_27-opt_29-opt_15,3,666.716
ip_9,ip_15,ip_9_ip_15_p4,opt_9,opt_15,opt_9-opt_3-opt_29-opt_31-opt_15,4,667.451
ip_9,ip_15,ip_9_ip_15_p5,opt_9,opt_15,opt_9-opt_27-opt_3-opt_29-opt_15,4,670.196
ip_9,ip_15,ip_9_ip_15_p6,opt_9,opt_15,opt_9-opt_12-opt_2-opt_29-opt_15,4,683.014
ip_9,ip_15,ip_9_ip_15_p7,opt_9,opt_15,opt_9-opt_3-opt_27-opt_29-opt_15,4,688.802
ip_9,ip_15,ip_9_ip_15_p8,opt_9,opt_15,opt_9-opt_2-opt_29-opt_31-opt_15,4,689.025
ip_9,ip_15,ip_9_ip_15_p9,opt_9,opt_15,opt_9-opt_12-opt_29-opt_31-opt_15,4,699.021
ip_9,ip_16,ip_9_ip_16_p0,opt_9,opt_16,opt_9-opt_27-opt_16,2,503.050
ip_9,ip_16,ip_9_ip_16_p1,opt_9,opt_16,opt_9-opt_27-opt_4-opt_16,3,510.071
ip_9,ip_16,ip_9_ip_16_p2,opt_9,opt_16,opt_9-opt_3-opt_16,2,513.510
ip_9,ip_16,ip_9_ip_16_p3,opt_9,opt_16,opt_9-opt_3-opt_4-opt_16,3,519.152
ip_9,ip_16,ip_9_ip_16_p4,opt_9,opt_16,opt_9-opt_3-opt_27-opt_16,3,525.136
ip_9,ip_16,ip_9_ip_16_p5,opt_9,opt_16,opt_9-opt_3-opt_27-opt_4-opt_16,4,532.157
ip_9,ip_16,ip_9_ip_16_p6,opt_9,opt_16,opt_9-opt_27-opt_3-opt_16,3,554.494
ip_9,ip_16,ip_9_ip_16_p7,opt_9,opt_16,opt_9-opt_27-opt_3-opt_4-opt_16,4,560.136
ip_9,ip_16,ip_9_ip_16_p8,opt_9,opt_16,opt_9-opt_3-opt_14-opt_16,3,649.828
ip_9,ip_16,ip_9_ip_16_p9,opt_9,opt_16,opt_9-opt_27-opt_13-opt_16,3,651.959
ip_9,ip_17,ip_9_ip_17_p0,opt_9,opt_17,opt_9-opt_17,1,208.768
ip_9,ip_17,ip_9_ip_17_p1,opt_9,opt_17,opt_9-opt_19-opt_17,2,467.237
ip_9,ip_17,ip_9_ip_17_p2,opt_9,opt_17,opt_9-opt_21-opt_17,2,491.278
ip_9,ip_17,ip_9_ip_17_p3,opt_9,opt_17,opt_9-opt_19-opt_10-opt_17,3,612.031
ip_9,ip_17,ip_9_ip_17_p4,opt_9,opt_17,opt_9-opt_26-opt_17,2,669.090
ip_9,ip_17,ip_9_ip_17_p5,opt_9,opt_17,opt_9-opt_26-opt_21-opt_17,3,669.126
ip_9,ip_17,ip_9_ip_17_p6,opt_9,opt_17,opt_9-opt_21-opt_26-opt_17,3,684.856
ip_9,ip_17,ip_9_ip_17_p7,opt_9,opt_17,opt_9-opt_12-opt_21-opt_17,3,719.122
ip_9,ip_17,ip_9_ip_17_p8,opt_9,opt_17,opt_9-opt_19-opt_20-opt_17,3,746.520
ip_9,ip_17,ip_9_ip_17_p9,opt_9,opt_17,opt_9-opt_19-opt_10-opt_20-opt_17,4,747.310
ip_9,ip_18,ip_9_ip_18_p0,opt_9,opt_18,opt_9-opt_3-opt_18,2,692.155
ip_9,ip_18,ip_9_ip_18_p1,opt_9,opt_18,opt_9-opt_3-opt_14-opt_18,3,694.443
ip_9,ip_18,ip_9_ip_18_p2,opt_9,opt_18,opt_9-opt_27-opt_4-opt_18,3,704.705
ip_9,ip_18,ip_9_ip_18_p3,opt_9,opt_18,opt_9-opt_3-opt_4-opt_18,3,713.786
ip_9,ip_18,ip_9_ip_18_p4,opt_9,opt_18,opt_9-opt_27-opt_16-opt_18,3,715.254
ip_9,ip_18,ip_9_ip_18_p5,opt_9,opt_18,opt_9-opt_27-opt_4-opt_16-opt_18,4,722.275
ip_9,ip_18,ip_9_ip_18_p6,opt_9,opt_18,opt_9-opt_27-opt_13-opt_18,3,723.040
ip_9,ip_18,ip_9_ip_18_p7,opt_9,opt_18,opt_9-opt_27-opt_4-opt_13-opt_18,4,723.053
ip_9,ip_18,ip_9_ip_18_p8,opt_9,opt_18,opt_9-opt_27-opt_16-opt_13-opt_18,4,724.793
ip_9,ip_18,ip_9_ip_18_p9,opt_9,opt_18,opt_9-opt_3-opt_16-opt_18,3,725.714
ip_9,ip_19,ip_9_ip_19_p0,opt_9,opt_19,opt_9-opt_19,1,334.933
ip_9,ip_19,ip_9_ip_19_p1,opt_9,opt_19,opt_9-opt_17-opt_19,2,341.072
ip_9,ip_19,ip_9_ip_19_p2,opt_9,opt_19,opt_9-opt_17-opt_10-opt_19,3,485.866
ip_9,ip_19,ip_9_ip_19_p3,opt_9,opt_19,opt_9-opt_17-opt_20-opt_19,3,620.355
ip_9,ip_19,ip_9_ip_19_p4,opt_9,opt_19,opt_9-opt_17-opt_20-opt_10-opt_19,4,621.145
ip_9,ip_19,ip_9_ip_19_p5,opt_9,opt_19,opt_9-opt_21-opt_17-opt_19,3,623.582
ip_9,ip_19,ip_9_ip_19_p6,opt_9,opt_19,opt_9-opt_17-opt_10-opt_20-opt_19,4,643.430
ip_9,ip_19,ip_9_ip_19_p7,opt_9,opt_19,opt_9-opt_12-opt_19,2,723.574
ip_9,ip_19,ip_9_ip_19_p8,opt_9,opt_19,opt_9-opt_26-opt_19,2,749.389
ip_9,ip_19,ip_9_ip_19_p9,opt_9,opt_19,opt_9-opt_21-opt_26-opt_19,3,765.155
ip_9,ip_20,ip_9_ip_20_p0,opt_9,opt_20,opt_9-opt_17-opt_20,2,450.354
ip_9,ip_20,ip_9_ip_20_p1,opt_9,opt_20,opt_9-opt_17-opt_10-opt_20,3,473.429
ip_9,ip_20,ip_9_ip_20_p2,opt_9,opt_20,opt_9-opt_19-opt_20,2,504.934
ip_9,ip_20,ip_9_ip_20_p3,opt_9,opt_20,opt_9-opt_19-opt_10-opt_20,3,505.724
ip_9,ip_20,ip_9_ip_20_p4,opt_9,opt_20,opt_9-opt_17-opt_19-opt_20,3,511.073
ip_9,ip_20,ip_9_ip_20_p5,opt_9,opt_20,opt_9-opt_17-opt_19-opt_10-opt_20,4,511.863
ip_9,ip_20,ip_9_ip_20_p6,opt_9,opt_20,opt_9-opt_17-opt_24-opt_20,3,623.508
ip_9,ip_20,ip_9_ip_20_p7,opt_9,opt_20,opt_9-opt_17-opt_10-opt_24-opt_20,4,644.375
ip_9,ip_20,ip_9_ip_20_p8,opt_9,opt_20,opt_9-opt_17-opt_10-opt_19-opt_20,4,655.867
ip_9,ip_20,ip_9_ip_20_p9,opt_9,opt_20,opt_9-opt_19-opt_24-opt_20,3,676.636
ip_9,ip_21,ip_9_ip_21_p0,opt_9,opt_21,opt_9-opt_21,1,186.666
ip_9,ip_21,ip_9_ip_21_p1,opt_9,opt_21,opt_9-opt_26-opt_21,2,364.514
ip_9,ip_21,ip_9_ip_21_p2,opt_9,opt_21,opt_9-opt_12-opt_21,2,414.510
ip_9,ip_21,ip_9_ip_21_p3,opt_9,opt_21,opt_9-opt_17-opt_21,2,513.380
ip_9,ip_21,ip_9_ip_21_p4,opt_9,opt_21,opt_9-opt_12-opt_26-opt_21,3,518.035
ip_9,ip_21,ip_9_ip_21_p5,opt_9,opt_21,opt_9-opt_2-opt_12-opt_21,3,599.172
ip_9,ip_21,ip_9_ip_21_p6,opt_9,opt_21,opt_9-opt_2-opt_12-opt_26-opt_21,4,702.697
ip_9,ip_21,ip_9_ip_21_p7,opt_9,opt_21,opt_9-opt_17-opt_26-opt_21,3,706.958
ip_9,ip_21,ip_9_ip_21_p8,opt_9,opt_21,opt_9-opt_26-opt_12-opt_21,3,707.585
ip_9,ip_21,ip_9_ip_21_p9,opt_9,opt_21,opt_9-opt_26-opt_1-opt_21,3,756.609
ip_9,ip_22,ip_9_ip_22_p0,opt_9,opt_22,opt_9-opt_12-opt_22,2,459.443
ip_9,ip_22,ip_9_ip_22_p1,opt_9,opt_22,opt_9-opt_2-opt_22,2,518.389
ip_9,ip_22,ip_9_ip_22_p2,opt_9,opt_22,opt_9-opt_12-opt_2-opt_22,3,550.617
ip_9,ip_22,ip_9_ip_22_p3,opt_9,opt_22,opt_9-opt_2-opt_12-opt_22,3,644.105
ip_9,ip_22,ip_9_ip_22_p4,opt_9,opt_22,opt_9-opt_21-opt_12-opt_22,3,664.759
ip_9,ip_22,ip_9_ip_22_p5,opt_9,opt_22,opt_9-opt_2-opt_23-opt_22,3,680.953
ip_9,ip_22,ip_9_ip_22_p6,opt_9,opt_22,opt_9-opt_12-opt_23-opt_22,3,686.731
ip_9,ip_22,ip_9_ip_22_p7,opt_9,opt_22,opt_9-opt_12-opt_2-opt_23-opt_22,4,713.181
ip_9,ip_22,ip_9_ip_22_p8,opt_9,opt_22,opt_9-opt_26-opt_12-opt_22,3,752.518
ip_9,ip_22,ip_9_ip_22_p9,opt_9,opt_22,opt_9-opt_21-opt_12-opt_2-opt_22,4,755.933
ip_9,ip_23,ip_9_ip_23_p0,opt_9,opt_23,opt_9-opt_2-opt_23,2,502.671
ip_9,ip_23,ip_9_ip_23_p1,opt_9,opt_23,opt_9-opt_12-opt_23,2,508.449
ip_9,ip_23,ip_9_ip_23_p2,opt_9,opt_23,opt_9-opt_12-opt_2-opt_23,3,534.899
ip_9,ip_23,ip_9_ip_23_p3,opt_9,opt_23,opt_9-opt_12-opt_22-opt_23,3,637.725
ip_9,ip_23,ip_9_ip_23_p4,opt_9,opt_23,opt_9-opt_2-opt_12-opt_23,3,693.111
ip_9,ip_23,ip_9_ip_23_p5,opt_9,opt_23,opt_9-opt_2-opt_22-opt_23,3,696.671
ip_9,ip_23,ip_9_ip_23_p6,opt_9,opt_23,opt_9-opt_21-opt_12-opt_23,3,713.765
ip_9,ip_23,ip_9_ip_23_p7,opt_9,opt_23,opt_9-opt_12-opt_2-opt_22-opt_23,4,728.899
ip_9,ip_23,ip_9_ip_23_p8,opt_9,opt_23,opt_9-opt_21-opt_12-opt_2-opt_23,4,740.215
ip_9,ip_23,ip_9_ip_23_p9,opt_9,opt_23,opt_9-opt_3-opt_2-opt_23,3,757.951
ip_9,ip_24,ip_9_ip_24_p0,opt_9,opt_24,opt_9-opt_17-opt_24,2,536.102
ip_9,ip_24,ip_9_ip_24_p1,opt_9,opt_24,opt_9-opt_17-opt_20-opt_24,3,537.760
ip_9,ip_24,ip_9_ip_24_p2,opt_9,opt_24,opt_9-opt_17-opt_10-opt_24,3,556.969
ip_9,ip_24,ip_9_ip_24_p3,opt_9,opt_24,opt_9-opt_17-opt_10-opt_20-opt_24,4,560.835
ip_9,ip_24,ip_9_ip_24_p4,opt_9,opt_24,opt_9-opt_19-opt_24,2,589.230
ip_9,ip_24,ip_9_ip_24_p5,opt_9,opt_24,opt_9-opt_19-opt_10-opt_24,3,589.264
ip_9,ip_24,ip_9_ip_24_p6,opt_9,opt_24,opt_9-opt_19-opt_20-opt_24,3,592.340
ip_9,ip_24,ip_9_ip_24_p7,opt_9,opt_24,opt_9-opt_19-opt_10-opt_20-opt_24,4,593.130
ip_9,ip_24,ip_9_ip_24_p8,opt_9,opt_24,opt_9-opt_17-opt_19-opt_24,3,595.369
ip_9,ip_24,ip_9_ip_24_p9,opt_9,opt_24,opt_9-opt_17-opt_19-opt_10-opt_24,4,595.403
ip_9,ip_25,ip_9_ip_25_p0,opt_9,opt_25,opt_9-opt_25,1,569.831
ip_9,ip_25,ip_9_ip_25_p1,opt_9,opt_25,opt_9-opt_17-opt_20-opt_25,3,620.768
ip_9,ip_25,ip_9_ip_25_p2,opt_9,opt_25,opt_9-opt_17-opt_24-opt_25,3,636.224
ip_9,ip_25,ip_9_ip_25_p3,opt_9,opt_25,opt_9-opt_17-opt_20-opt_24-opt_25,4,637.882
ip_9,ip_25,ip_9_ip_25_p4,opt_9,opt_25,opt_9-opt_17-opt_10-opt_25,3,643.818
ip_9,ip_25,ip_9_ip_25_p5,opt_9,opt_25,opt_9-opt_17-opt_10-opt_20-opt_25,4,643.843
ip_9,ip_25,ip_9_ip_25_p6,opt_9,opt_25,opt_9-opt_17-opt_10-opt_24-opt_25,4,657.091
ip_9,ip_25,ip_9_ip_25_p7,opt_9,opt_25,opt_9-opt_17-opt_10-opt_20-opt_24-opt_25,5,660.957
ip_9,ip_25,ip_9_ip_25_p8,opt_9,opt_25,opt_9-opt_17-opt_20-opt_7-opt_25,4,671.710
ip_9,ip_25,ip_9_ip_25_p9,opt_9,opt_25,opt_9-opt_19-opt_20-opt_25,3,675.348
ip_9,ip_26,ip_9_ip_26_p0,opt_9,opt_26,opt_9-opt_26,1,267.707
ip_9,ip_26,ip_9_ip_26_p1,opt_9,opt_26,opt_9-opt_21-opt_26,2,283.473
ip_9,ip_26,ip_9_ip_26_p2,opt_9,opt_26,opt_9-opt_12-opt_26,2,421.228
ip_9,ip_26,ip_9_ip_26_p3,opt_9,opt_26,opt_9-opt_12-opt_21-opt_26,3,511.317
ip_9,ip_26,ip_9_ip_26_p4,opt_9,opt_26,opt_9-opt_2-opt_12-opt_26,3,605.890
ip_9,ip_26,ip_9_ip_26_p5,opt_9,opt_26,opt_9-opt_17-opt_26,2,610.151
ip_9,ip_26,ip_9_ip_26_p6,opt_9,opt_26,opt_9-opt_17-opt_21-opt_26,3,610.187
ip_9,ip_26,ip_9_ip_26_p7,opt_9,opt_26,opt_9-opt_21-opt_12-opt_26,3,626.544
ip_9,ip_26,ip_9_ip_26_p8,opt_9,opt_26,opt_9-opt_21-opt_1-opt_26,3,675.568
ip_9,ip_26,ip_9_ip_26_p9,opt_9,opt_26,opt_9-opt_2-opt_12-opt_21-opt_26,4,695.979
ip_9,ip_27,ip_9_ip_27_p0,opt_9,opt_27,opt_9-opt_27,1,241.132
ip_9,ip_27,ip_9_ip_27_p1,opt_9,opt_27,opt_9-opt_3-opt_27,2,263.218
ip_9,ip_27,ip_9_ip_27_p2,opt_9,opt_27,opt_9-opt_2-opt_3-opt_27,3,603.426
ip_9,ip_27,ip_9_ip_27_p3,opt_9,opt_27,opt_9-opt_12-opt_2-opt_3-opt_27,4,635.654
ip_9,ip_27,ip_9_ip_27_p4,opt_9,opt_27,opt_9-opt_17-opt_11-opt_27,3,715.449
ip_9,ip_27,ip_9_ip_27_p5,opt_9,opt_27,opt_9-opt_3-opt_29-opt_27,3,718.710
ip_9,ip_27,ip_9_ip_27_p6,opt_9,opt_27,opt_9-opt_2-opt_29-opt_27,3,740.284
ip_9,ip_27,ip_9_ip_27_p7,opt_9,opt_27,opt_9-opt_2-opt_29-opt_3-opt_27,4,743.764
ip_9,ip_27,ip_9_ip_27_p8,opt_9,opt_27,opt_9-opt_3-opt_4-opt_27,3,747.955
ip_9,ip_27,ip_9_ip_27_p9,opt_9,opt_27,opt_9-opt_12-opt_29-opt_27,3,750.280
ip_9,ip_28,ip_9_ip_28_p0,opt_9,opt_28,opt_9-opt_17-opt_11-opt_28,3,673.705
ip_9,ip_28,ip_9_ip_28_p1,opt_9,opt_28,opt_9-opt_27-opt_11-opt_28,3,691.276
ip_9,ip_28,ip_9_ip_28_p2,opt_9,opt_28,opt_9-opt_3-opt_11-opt_28,3,711.730
ip_9,ip_28,ip_9_ip_28_p3,opt_9,opt_28,opt_9-opt_3-opt_27-opt_11-opt_28,4,713.362
ip_9,ip_28,ip_9_ip_28_p4,opt_9,opt_28,opt_9-opt_27-opt_3-opt_11-opt_28,4,752.714
ip_9,ip_28,ip_9_ip_28_p5,opt_9,opt_28,opt_9-opt_17-opt_20-opt_7-opt_28,4,766.063
ip_9,ip_28,ip_9_ip_28_p6,opt_9,opt_28,opt_9-opt_17-opt_10-opt_28,3,769.734
ip_9,ip_28,ip_9_ip_28_p7,opt_9,opt_28,opt_9-opt_25-opt_28,2,778.276
ip_9,ip_28,ip_9_ip_28_p8,opt_9,opt_28,opt_9-opt_17-opt_10-opt_7-opt_28,4,782.104
ip_9,ip_28,ip_9_ip_28_p9,opt_9,opt_28,opt_9-opt_17-opt_10-opt_20-opt_7-opt_28,5,789.138
ip_9,ip_29,ip_9_ip_29_p0,opt_9,opt_29,opt_9-opt_3-opt_29,2,461.169
ip_9,ip_29,ip_9_ip_29_p1,opt_9,opt_29,opt_9-opt_2-opt_29,2,482.743
ip_9,ip_29,ip_9_ip_29_p2,opt_9,opt_29,opt_9-opt_12-opt_29,2,492.739
ip_9,ip_29,ip_9_ip_29_p3,opt_9,opt_29,opt_9-opt_27-opt_29,2,498.673
ip_9,ip_29,ip_9_ip_29_p4,opt_9,opt_29,opt_9-opt_27-opt_3-opt_29,3,502.153
ip_9,ip_29,ip_9_ip_29_p5,opt_9,opt_29,opt_9-opt_12-opt_2-opt_29,3,514.971
ip_9,ip_29,ip_9_ip_29_p6,opt_9,opt_29,opt_9-opt_3-opt_27-opt_29,3,520.759
ip_9,ip_29,ip_9_ip_29_p7,opt_9,opt_29,opt_9-opt_2-opt_12-opt_29,3,677.401
ip_9,ip_29,ip_9_ip_29_p8,opt_9,opt_29,opt_9-opt_21-opt_12-opt_29,3,698.055
ip_9,ip_29,ip_9_ip_29_p9,opt_9,opt_29,opt_9-opt_21-opt_12-opt_2-opt_29,4,720.287
ip_9,ip_30,ip_9_ip_30_p0,opt_9,opt_30,opt_9-opt_27-opt_16-opt_30,3,649.691
ip_9,ip_30,ip_9_ip_30_p1,opt_9,opt_30,opt_9-opt_27-opt_4-opt_30,3,654.345
ip_9,ip_30,ip_9_ip_30_p2,opt_9,opt_30,opt_9-opt_27-opt_4-opt_16-opt_30,4,656.712
ip_9,ip_30,ip_9_ip_30_p3,opt_9,opt_30,opt_9-opt_3-opt_16-opt_30,3,660.151
ip_9,ip_30,ip_9_ip_30_p4,opt_9,opt_30,opt_9-opt_3-opt_4-opt_30,3,663.426
ip_9,ip_30,ip_9_ip_30_p5,opt_9,opt_30,opt_9-opt_3-opt_4-opt_16-opt_30,4,665.793
ip_9,ip_30,ip_9_ip_30_p6,opt_9,opt_30,opt_9-opt_27-opt_13-opt_30,3,668.397
ip_9,ip_30,ip_9_ip_30_p7,opt_9,opt_30,opt_9-opt_27-opt_4-opt_13-opt_30,4,668.410
ip_9,ip_30,ip_9_ip_30_p8,opt_9,opt_30,opt_9-opt_27-opt_16-opt_13-opt_30,4,670.150
ip_9,ip_30,ip_9_ip_30_p9,opt_9,opt_30,opt_9-opt_3-opt_27-opt_16-opt_30,4,671.777
ip_9,ip_31,ip_9_ip_31_p0,opt_9,opt_31,opt_9-opt_3-opt_29-opt_31,3,640.387
ip_9,ip_31,ip_9_ip_31_p1,opt_9,opt_31,opt_9-opt_3-opt_29-opt_15-opt_31,4,656.276
ip_9,ip_31,ip_9_ip_31_p2,opt_9,opt_31,opt_9-opt_2-opt_29-opt_31,3,661.961
ip_9,ip_31,ip_9_ip_31_p3,opt_9,opt_31,opt_9-opt_12-opt_29-opt_31,3,671.957
ip_9,ip_31,ip_9_ip_31_p4,opt_9,opt_31,opt_9-opt_2-opt_29-opt_15-opt_31,4,677.850
ip_9,ip_31,ip_9_ip_31_p5,opt_9,opt_31,opt_9-opt_27-opt_29-opt_31,3,677.891
ip_9,ip_31,ip_9_ip_31_p6,opt_9,opt_31,opt_9-opt_27-opt_3-opt_29-opt_31,4,681.371
ip_9,ip_31,ip_9_ip_31_p7,opt_9,opt_31,opt_9-opt_12-opt_29-opt_15-opt_31,4,687.846
ip_9,ip_31,ip_9_ip_31_p8,opt_9,opt_31,opt_9-opt_27-opt_29-opt_15-opt_31,4,693.780
ip_9,ip_31,ip_9_ip_31_p9,opt_9,opt_31,opt_9-opt_12-opt_2-opt_29-opt_31,4,694.189
ip_10,ip_11,ip_10_ip_11_p0,opt_10,opt_11,opt_10-opt_11,1,291.268
ip_10,ip_11,ip_10_ip_11_p1,opt_10,opt_11,opt_10-opt_20-opt_11,2,347.266
ip_10,ip_11,ip_10_ip_11_p2,opt_10,opt_11,opt_10-opt_7-opt_11,2,420.601
ip_10,ip_11,ip_10_ip_11_p3,opt_10,opt_11,opt_10-opt_20-opt_7-opt_11,3,427.635
ip_10,ip_11,ip_10_ip_11_p4,opt_10,opt_11,opt_10-opt_17-opt_11,2,446.221
ip_10,ip_11,ip_10_ip_11_p5,opt_10,opt_11,opt_10-opt_24-opt_11,2,466.337
ip_10,ip_11,ip_10_ip_11_p6,opt_10,opt_11,opt_10-opt_20-opt_24-opt_11,3,470.203
ip_10,ip_11,ip_10_ip_11_p7,opt_10,opt_11,opt_10-opt_19-opt_17-opt_11,3,484.655
ip_10,ip_11,ip_10_ip_11_p8,opt_10,opt_11,opt_10-opt_24-opt_7-opt_11,3,486.477
ip_10,ip_11,ip_10_ip_11_p9,opt_10,opt_11,opt_10-opt_20-opt_24-opt_7-opt_11,4,490.343
ip_10,ip_12,ip_10_ip_12_p0,opt_10,opt_12,opt_10-opt_17-opt_9-opt_12,3,592.182
ip_10,ip_12,ip_10_ip_12_p1,opt_10,opt_12,opt_10-opt_19-opt_12,2,617.258
ip_10,ip_12,ip_10_ip_12_p2,opt_10,opt_12,opt_10-opt_19-opt_9-opt_12,3,624.477
ip_10,ip_12,ip_10_ip_12_p3,opt_10,opt_12,opt_10-opt_19-opt_17-opt_9-opt_12,4,630.616
ip_10,ip_12,ip_10_ip_12_p4,opt_10,opt_12,opt_10-opt_17-opt_21-opt_12,3,706.676
ip_10,ip_12,ip_10_ip_12_p5,opt_10,opt_12,opt_10-opt_20-opt_17-opt_9-opt_12,4,727.461
ip_10,ip_12,ip_10_ip_12_p6,opt_10,opt_12,opt_10-opt_19-opt_17-opt_21-opt_12,4,745.110
ip_10,ip_12,ip_10_ip_12_p7,opt_10,opt_12,opt_10-opt_20-opt_19-opt_12,3,774.822
ip_10,ip_12,ip_10_ip_12_p8,opt_10,opt_12,opt_10-opt_17-opt_9-opt_2-opt_12,4,776.844
ip_10,ip_12,ip_10_ip_12_p9,opt_10,opt_12,opt_10-opt_20-opt_19-opt_9-opt_12,4,782.041
ip_10,ip_13,ip_10_ip_13_p0,opt_10,opt_13,opt_10-opt_11-opt_27-opt_13,3,872.708
ip_10,ip_13,ip_10_ip_13_p1,opt_10,opt_13,opt_10-opt_11-opt_27-opt_4-opt_13,4,872.721
ip_10,ip_13,ip_10_ip_13_p2,opt_10,opt_13,opt_10-opt_11-opt_27-opt_16-opt_13,4,874.461
ip_10,ip_13,ip_10_ip_13_p3,opt_10,opt_13,opt_10-opt_11-opt_27-opt_4-opt_16-opt_13,5,881.482
ip_10,ip_13,ip_10_ip_13_p4,opt_10,opt_13,opt_10-opt_11-opt_27-opt_16-opt_4-opt_13,5,905.836
ip_10,ip_13,ip_10_ip_13_p5,opt_10,opt_13,opt_10-opt_7-opt_14-opt_13,3,918.893
ip_10,ip_13,ip_10_ip_13_p6,opt_10,opt_13,opt_10-opt_11-opt_3-opt_4-opt_13,4,921.154
ip_10,ip_13,ip_10_ip_13_p7,opt_10,opt_13,opt_10-opt_11-opt_27-opt_3-opt_4-opt_13,5,922.786
ip_10,ip_13,ip_10_ip_13_p8,opt_10,opt_13,opt_10-opt_11-opt_3-opt_16-opt_13,4,924.273
ip_10,ip_13,ip_10_ip_13_p9,opt_10,opt_13,opt_10-opt_11-opt_27-opt_3-opt_16-opt_13,5,925.905
ip_10,ip_14,ip_10_ip_14_p0,opt_10,opt_14,opt_10-opt_7-opt_14,2,802.308
ip_10,ip_14,ip_10_ip_14_p1,opt_10,opt_14,opt_10-opt_20-opt_7-opt_14,3,809.342
ip_10,ip_14,ip_10_ip_14_p2,opt_10,opt_14,opt_10-opt_24-opt_7-opt_14,3,868.184
ip_10,ip_14,ip_10_ip_14_p3,opt_10,opt_14,opt_10-opt_11-opt_3-opt_14,3,869.751
ip_10,ip_14,ip_10_ip_14_p4,opt_10,opt_14,opt_10-opt_11-opt_27-opt_3-opt_14,4,871.383
ip_10,ip_14,ip_10_ip_14_p5,opt_10,opt_14,opt_10-opt_20-opt_24-opt_7-opt_14,4,872.050
ip_10,ip_14,ip_10_ip_14_p6,opt_10,opt_14,opt_10-opt_11-opt_27-opt_4-opt_14,4,888.775
ip_10,ip_14,ip_10_ip_14_p7,opt_10,opt_14,opt_10-opt_11-opt_27-opt_16-opt_14,4,914.639
ip_10,ip_14,ip_10_ip_14_p8,opt_10,opt_14,opt_10-opt_11-opt_27-opt_4-opt_16-opt_14,5,921.660
ip_10,ip_14,ip_10_ip_14_p9,opt_10,opt_14,opt_10-opt_11-opt_27-opt_16-opt_4-opt_14,5,921.890
ip_10,ip_15,ip_10_ip_15_p0,opt_10,opt_15,opt_10-opt_11-opt_27-opt_29-opt_15,4,962.796
ip_10,ip_15,ip_10_ip_15_p1,opt_10,opt_15,opt_10-opt_11-opt_3-opt_29-opt_15,4,964.644
ip_10,ip_15,ip_10_ip_15_p2,opt_10,opt_15,opt_10-opt_11-opt_27-opt_3-opt_29-opt_15,5,966.276
ip_10,ip_15,ip_10_ip_15_p3,opt_10,opt_15,opt_10-opt_11-opt_27-opt_29-opt_31-opt_15,5,1001.035
ip_10,ip_15,ip_10_ip_15_p4,opt_10,opt_15,opt_10-opt_11-opt_3-opt_29-opt_31-opt_15,5,1002.883
ip_10,ip_15,ip_10_ip_15_p5,opt_10,opt_15,opt_10-opt_11-opt_27-opt_3-opt_29-opt_31-opt_15,6,1004.515
ip_10,ip_15,ip_10_ip_15_p6,opt_10,opt_15,opt_10-opt_20-opt_11-opt_27-opt_29-opt_15,5,1018.794
ip_10,ip_15,ip_10_ip_15_p7,opt_10,opt_15,opt_10-opt_20-opt_11-opt_3-opt_29-opt_15,5,1020.642
ip_10,ip_15,ip_10_ip_15_p8,opt_10,opt_15,opt_10-opt_20-opt_11-opt_27-opt_3-opt_29-opt_15,6,1022.274
ip_10,ip_15,ip_10_ip_15_p9,opt_10,opt_15,opt_10-opt_17-opt_9-opt_3-opt_29-opt_15,5,1023.464
ip_10,ip_16,ip_10_ip_16_p0,opt_10,opt_16,opt_10-opt_11-opt_27-opt_16,3,799.130
ip_10,ip_16,ip_10_ip_16_p1,opt_10,opt_16,opt_10-opt_11-opt_27-opt_4-opt_16,4,806.151
ip_10,ip_16,ip_10_ip_16_p2,opt_10,opt_16,opt_10-opt_11-opt_3-opt_16,3,848.942
ip_10,ip_16,ip_10_ip_16_p3,opt_10,opt_16,opt_10-opt_11-opt_27-opt_3-opt_16,4,850.574
ip_10,ip_16,ip_10_ip_16_p4,opt_10,opt_16,opt_10-opt_11-opt_3-opt_4-opt_16,4,854.584
ip_10,ip_16,ip_10_ip_16_p5,opt_10,opt_16,opt_10-opt_20-opt_11-opt_27-opt_16,4,855.128
ip_10,ip_16,ip_10_ip_16_p6,opt_10,opt_16,opt_10-opt_11-opt_27-opt_3-opt_4-opt_16,5,856.216
ip_10,ip_16,ip_10_ip_16_p7,opt_10,opt_16,opt_10-opt_11-opt_3-opt_27-opt_16,4,860.568
ip_10,ip_16,ip_10_ip_16_p8,opt_10,opt_16,opt_10-opt_20-opt_11-opt_27-opt_4-opt_16,5,862.149
ip_10,ip_16,ip_10_ip_16_p9,opt_10,opt_16,opt_10-opt_11-opt_3-opt_27-opt_4-opt_16,5,867.589
ip_10,ip_17,ip_10_ip_17_p0,opt_10,opt_17,opt_10-opt_17,1,185.484
ip_10,ip_17,ip_10_ip_17_p1,opt_10,opt_17,opt_10-opt_19-opt_17,2,223.918
ip_10,ip_17,ip_10_ip_17_p2,opt_10,opt_17,opt_10-opt_20-opt_17,2,320.763
ip_10,ip_17,ip_10_ip_17_p3,opt_10,opt_17,opt_10-opt_20-opt_19-opt_17,3,381.482
ip_10,ip_17,ip_10_ip_17_p4,opt_10,opt_17,opt_10-opt_24-opt_17,2,490.051
ip_10,ip_17,ip_10_ip_17_p5,opt_10,opt_17,opt_10-opt_24-opt_20-opt_17,3,491.709
ip_10,ip_17,ip_10_ip_17_p6,opt_10,opt_17,opt_10-opt_20-opt_24-opt_17,3,493.917
ip_10,ip_17,ip_10_ip_17_p7,opt_10,opt_17,opt_10-opt_19-opt_20-opt_17,3,503.201
ip_10,ip_17,ip_10_ip_17_p8,opt_10,opt_17,opt_10-opt_24-opt_19-opt_17,3,549.318
ip_10,ip_17,ip_10_ip_17_p9,opt_10,opt_17,opt_10-opt_11-opt_17,2,552.005
ip_10,ip_18,ip_10_ip_18_p0,opt_10,opt_18,opt_10-opt_7-opt_14-opt_18,3,962.432
ip_10,ip_18,ip_10_ip_18_p1,opt_10,opt_18,opt_10-opt_20-opt_7-opt_14-opt_18,4,969.466
ip_10,ip_18,ip_10_ip_18_p2,opt_10,opt_18,opt_10-opt_11-opt_27-opt_4-opt_18,4,1000.785
ip_10,ip_18,ip_10_ip_18_p3,opt_10,opt_18,opt_10-opt_11-opt_27-opt_16-opt_18,4,1011.334
ip_10,ip_18,ip_10_ip_18_p4,opt_10,opt_18,opt_10-opt_11-opt_27-opt_4-opt_16-opt_18,5,1018.355
ip_10,ip_18,ip_10_ip_18_p5,opt_10,opt_18,opt_10-opt_11-opt_27-opt_13-opt_18,4,1019.120
ip_10,ip_18,ip_10_ip_18_p6,opt_10,opt_18,opt_10-opt_11-opt_27-opt_4-opt_13-opt_18,5,1019.133
ip_10,ip_18,ip_10_ip_18_p7,opt_10,opt_18,opt_10-opt_11-opt_27-opt_16-opt_13-opt_18,5,1020.873
ip_10,ip_18,ip_10_ip_18_p8,opt_10,opt_18,opt_10-opt_11-opt_3-opt_18,3,1027.587
ip_10,ip_18,ip_10_ip_18_p9,opt_10,opt_18,opt_10-opt_11-opt_27-opt_4-opt_16-opt_13-opt_18,6,1027.894
ip_10,ip_19,ip_10_ip_19_p0,opt_10,opt_19,opt_10-opt_19,1,91.614
ip_10,ip_19,ip_10_ip_19_p1,opt_10,opt_19,opt_10-opt_20-opt_19,2,249.178
ip_10,ip_19,ip_10_ip_19_p2,opt_10,opt_19,opt_10-opt_17-opt_19,2,317.788
ip_10,ip_19,ip_10_ip_19_p3,opt_10,opt_19,opt_10-opt_24-opt_19,2,417.014
ip_10,ip_19,ip_10_ip_19_p4,opt_10,opt_19,opt_10-opt_24-opt_20-opt_19,3,420.124
ip_10,ip_19,ip_10_ip_19_p5,opt_10,opt_19,opt_10-opt_20-opt_24-opt_19,3,420.880
ip_10,ip_19,ip_10_ip_19_p6,opt_10,opt_19,opt_10-opt_20-opt_17-opt_19,3,453.067
ip_10,ip_19,ip_10_ip_19_p7,opt_10,opt_19,opt_10-opt_7-opt_19,2,505.070
ip_10,ip_19,ip_10_ip_19_p8,opt_10,opt_19,opt_10-opt_20-opt_7-opt_19,3,512.104
ip_10,ip_19,ip_10_ip_19_p9,opt_10,opt_19,opt_10-opt_7-opt_20-opt_19,3,520.288
ip_10,ip_20,ip_10_ip_20_p0,opt_10,opt_20,opt_10-opt_20,1,79.177
ip_10,ip_20,ip_10_ip_20_p1,opt_10,opt_20,opt_10-opt_24-opt_20,2,250.123
ip_10,ip_20,ip_10_ip_20_p2,opt_10,opt_20,opt_10-opt_19-opt_20,2,261.615
ip_10,ip_20,ip_10_ip_20_p3,opt_10,opt_20,opt_10-opt_7-opt_20,2,350.287
ip_10,ip_20,ip_10_ip_20_p4,opt_10,opt_20,opt_10-opt_7-opt_24-opt_20,3,412.995
ip_10,ip_20,ip_10_ip_20_p5,opt_10,opt_20,opt_10-opt_24-opt_7-opt_20,3,416.163
ip_10,ip_20,ip_10_ip_20_p6,opt_10,opt_20,opt_10-opt_25-opt_20,2,419.980
ip_10,ip_20,ip_10_ip_20_p7,opt_10,opt_20,opt_10-opt_17-opt_20,2,427.070
ip_10,ip_20,ip_10_ip_20_p8,opt_10,opt_20,opt_10-opt_24-opt_25-opt_20,3,433.253
ip_10,ip_20,ip_10_ip_20_p9,opt_10,opt_20,opt_10-opt_19-opt_24-opt_20,3,433.317
ip_10,ip_21,ip_10_ip_21_p0,opt_10,opt_21,opt_10-opt_17-opt_21,2,490.096
ip_10,ip_21,ip_10_ip_21_p1,opt_10,opt_21,opt_10-opt_19-opt_17-opt_21,3,528.530
ip_10,ip_21,ip_10_ip_21_p2,opt_10,opt_21,opt_10-opt_17-opt_9-opt_21,3,580.918
ip_10,ip_21,ip_10_ip_21_p3,opt_10,opt_21,opt_10-opt_19-opt_9-opt_21,3,613.213
ip_10,ip_21,ip_10_ip_21_p4,opt_10,opt_21,opt_10-opt_19-opt_17-opt_9-opt_21,4,619.352
ip_10,ip_21,ip_10_ip_21_p5,opt_10,opt_21,opt_10-opt_20-opt_21,2,619.683
ip_10,ip_21,ip_10_ip_21_p6,opt_10,opt_21,opt_10-opt_20-opt_17-opt_21,3,625.375
ip_10,ip_21,ip_10_ip_21_p7,opt_10,opt_21,opt_10-opt_19-opt_26-opt_21,3,670.103
ip_10,ip_21,ip_10_ip_21_p8,opt_10,opt_21,opt_10-opt_17-opt_26-opt_21,3,683.674
ip_10,ip_21,ip_10_ip_21_p9,opt_10,opt_21,opt_10-opt_20-opt_19-opt_17-opt_21,4,686.094
ip_10,ip_22,ip_10_ip_22_p0,opt_10,opt_22,opt_10-opt_17-opt_9-opt_12-opt_22,4,853.695
ip_10,ip_22,ip_10_ip_22_p1,opt_10,opt_22,opt_10-opt_19-opt_12-opt_22,3,878.771
ip_10,ip_22,ip_10_ip_22_p2,opt_10,opt_22,opt_10-opt_19-opt_9-opt_12-opt_22,4,885.990
ip_10,ip_22,ip_10_ip_22_p3,opt_10,opt_22,opt_10-opt_19-opt_17-opt_9-opt_12-opt_22,5,892.129
ip_10,ip_22,ip_10_ip_22_p4,opt_10,opt_22,opt_10-opt_17-opt_9-opt_2-opt_22,4,912.641
ip_10,ip_22,ip_10_ip_22_p5,opt_10,opt_22,opt_10-opt_17-opt_9-opt_12-opt_2-opt_22,5,944.869
ip_10,ip_22,ip_10_ip_22_p6,opt_10,opt_22,opt_10-opt_19-opt_9-opt_2-opt_22,4,944.936
ip_10,ip_22,ip_10_ip_22_p7,opt_10,opt_22,opt_10-opt_19-opt_17-opt_9-opt_2-opt_22,5,951.075
ip_10,ip_22,ip_10_ip_22_p8,opt_10,opt_22,opt_10-opt_17-opt_21-opt_12-opt_22,4,968.189
ip_10,ip_22,ip_10_ip_22_p9,opt_10,opt_22,opt_10-opt_19-opt_12-opt_2-opt_22,4,969.945
ip_10,ip_23,ip_10_ip_23_p0,opt_10,opt_23,opt_10-opt_17-opt_9-opt_2-opt_23,4,896.923
ip_10,ip_23,ip_10_ip_23_p1,opt_10,opt_23,opt_10-opt_17-opt_9-opt_12-opt_23,4,902.701
ip_10,ip_23,ip_10_ip_23_p2,opt_10,opt_23,opt_10-opt_19-opt_12-opt_23,3,927.777
ip_10,ip_23,ip_10_ip_23_p3,opt_10,opt_23,opt_10-opt_17-opt_9-opt_12-opt_2-opt_23,5,929.151
ip_10,ip_23,ip_10_ip_23_p4,opt_10,opt_23,opt_10-opt_19-opt_9-opt_2-opt_23,4,929.218
ip_10,ip_23,ip_10_ip_23_p5,opt_10,opt_23,opt_10-opt_19-opt_9-opt_12-opt_23,4,934.996
ip_10,ip_23,ip_10_ip_23_p6,opt_10,opt_23,opt_10-opt_19-opt_17-opt_9-opt_2-opt_23,5,935.357
ip_10,ip_23,ip_10_ip_23_p7,opt_10,opt_23,opt_10-opt_19-opt_17-opt_9-opt_12-opt_23,5,941.135
ip_10,ip_23,ip_10_ip_23_p8,opt_10,opt_23,opt_10-opt_19-opt_12-opt_2-opt_23,4,954.227
ip_10,ip_23,ip_10_ip_23_p9,opt_10,opt_23,opt_10-opt_19-opt_9-opt_12-opt_2-opt_23,5,961.446
ip_10,ip_24,ip_10_ip_24_p0,opt_10,opt_24,opt_10-opt_24,1,162.717
ip_10,ip_24,ip_10_ip_24_p1,opt_10,opt_24,opt_10-opt_20-opt_24,2,166.583
ip_10,ip_24,ip_10_ip_24_p2,opt_10,opt_24,opt_10-opt_7-opt_24,2,325.589
ip_10,ip_24,ip_10_ip_24_p3,opt_10,opt_24,opt_10-opt_20-opt_7-opt_24,3,332.623
ip_10,ip_24,ip_10_ip_24_p4,opt_10,opt_24,opt_10-opt_19-opt_24,2,345.911
ip_10,ip_24,ip_10_ip_24_p5,opt_10,opt_24,opt_10-opt_19-opt_20-opt_24,3,349.021
ip_10,ip_24,ip_10_ip_24_p6,opt_10,opt_24,opt_10-opt_25-opt_24,2,349.688
ip_10,ip_24,ip_10_ip_24_p7,opt_10,opt_24,opt_10-opt_20-opt_25-opt_24,3,349.713
ip_10,ip_24,ip_10_ip_24_p8,opt_10,opt_24,opt_10-opt_7-opt_25-opt_24,3,393.621
ip_10,ip_24,ip_10_ip_24_p9,opt_10,opt_24,opt_10-opt_20-opt_7-opt_25-opt_24,4,400.655
ip_10,ip_25,ip_10_ip_25_p0,opt_10,opt_25,opt_10-opt_25,1,249.566
ip_10,ip_25,ip_10_ip_25_p1,opt_10,opt_25,opt_10-opt_20-opt_25,2,249.591
ip_10,ip_25,ip_10_ip_25_p2,opt_10,opt_25,opt_10-opt_24-opt_25,2,262.839
ip_10,ip_25,ip_10_ip_25_p3,opt_10,opt_25,opt_10-opt_20-opt_24-opt_25,3,266.705
ip_10,ip_25,ip_10_ip_25_p4,opt_10,opt_25,opt_10-opt_7-opt_25,2,293.499
ip_10,ip_25,ip_10_ip_25_p5,opt_10,opt_25,opt_10-opt_20-opt_7-opt_25,3,300.533
ip_10,ip_25,ip_10_ip_25_p6,opt_10,opt_25,opt_10-opt_24-opt_7-opt_25,3,359.375
ip_10,ip_25,ip_10_ip_25_p7,opt_10,opt_25,opt_10-opt_20-opt_24-opt_7-opt_25,4,363.241
ip_10,ip_25,ip_10_ip_25_p8,opt_10,opt_25,opt_10-opt_24-opt_20-opt_25,3,420.537
ip_10,ip_25,ip_10_ip_25_p9,opt_10,opt_25,opt_10-opt_7-opt_24-opt_25,3,425.711
ip_10,ip_26,ip_10_ip_26_p0,opt_10,opt_26,opt_10-opt_19-opt_26,2,573.296
ip_10,ip_26,ip_10_ip_26_p1,opt_10,opt_26,opt_10-opt_17-opt_26,2,586.867
ip_10,ip_26,ip_10_ip_26_p2,opt_10,opt_26,opt_10-opt_17-opt_21-opt_26,3,586.903
ip_10,ip_26,ip_10_ip_26_p3,opt_10,opt_26,opt_10-opt_19-opt_17-opt_26,3,625.301
ip_10,ip_26,ip_10_ip_26_p4,opt_10,opt_26,opt_10-opt_19-opt_17-opt_21-opt_26,4,625.337
ip_10,ip_26,ip_10_ip_26_p5,opt_10,opt_26,opt_10-opt_17-opt_9-opt_26,3,661.959
ip_10,ip_26,ip_10_ip_26_p6,opt_10,opt_26,opt_10-opt_17-opt_9-opt_21-opt_26,4,677.725
ip_10,ip_26,ip_10_ip_26_p7,opt_10,opt_26,opt_10-opt_19-opt_9-opt_26,3,694.254
ip_10,ip_26,ip_10_ip_26_p8,opt_10,opt_26,opt_10-opt_19-opt_17-opt_9-opt_26,4,700.393
ip_10,ip_26,ip_10_ip_26_p9,opt_10,opt_26,opt_10-opt_19-opt_9-opt_21-opt_26,4,710.020
ip_10,ip_27,ip_10_ip_27_p0,opt_10,opt_27,opt_10-opt_11-opt_27,2,537.212
ip_10,ip_27,ip_10_ip_27_p1,opt_10,opt_27,opt_10-opt_20-opt_11-opt_27,3,593.210
ip_10,ip_27,ip_10_ip_27_p2,opt_10,opt_27,opt_10-opt_11-opt_3-opt_27,3,598.650
ip_10,ip_27,ip_10_ip_27_p3,opt_10,opt_27,opt_10-opt_17-opt_9-opt_27,3,635.384
ip_10,ip_27,ip_10_ip_27_p4,opt_10,opt_27,opt_10-opt_20-opt_11-opt_3-opt_27,4,654.648
ip_10,ip_27,ip_10_ip_27_p5,opt_10,opt_27,opt_10-opt_17-opt_9-opt_3-opt_27,4,657.470
ip_10,ip_27,ip_10_ip_27_p6,opt_10,opt_27,opt_10-opt_7-opt_27,2,662.957
ip_10,ip_27,ip_10_ip_27_p7,opt_10,opt_27,opt_10-opt_7-opt_11-opt_27,3,666.545
ip_10,ip_27,ip_10_ip_27_p8,opt_10,opt_27,opt_10-opt_19-opt_9-opt_27,3,667.679
ip_10,ip_27,ip_10_ip_27_p9,opt_10,opt_27,opt_10-opt_20-opt_7-opt_27,3,669.991
ip_10,ip_28,ip_10_ip_28_p0,opt_10,opt_28,opt_10-opt_28,1,375.482
ip_10,ip_28,ip_10_ip_28_p1,opt_10,opt_28,opt_10-opt_7-opt_28,2,387.852
ip_10,ip_28,ip_10_ip_28_p2,opt_10,opt_28,opt_10-opt_20-opt_7-opt_28,3,394.886
ip_10,ip_28,ip_10_ip_28_p3,opt_10,opt_28,opt_10-opt_24-opt_28,2,449.250
ip_10,ip_28,ip_10_ip_28_p4,opt_10,opt_28,opt_10-opt_20-opt_24-opt_28,3,453.116
ip_10,ip_28,ip_10_ip_28_p5,opt_10,opt_28,opt_10-opt_24-opt_7-opt_28,3,453.728
ip_10,ip_28,ip_10_ip_28_p6,opt_10,opt_28,opt_10-opt_20-opt_24-opt_7-opt_28,4,457.594
ip_10,ip_28,ip_10_ip_28_p7,opt_10,opt_28,opt_10-opt_25-opt_28,2,458.011
ip_10,ip_28,ip_10_ip_28_p8,opt_10,opt_28,opt_10-opt_20-opt_25-opt_28,3,458.036
ip_10,ip_28,ip_10_ip_28_p9,opt_10,opt_28,opt_10-opt_24-opt_25-opt_28,3,471.284
ip_10,ip_29,ip_10_ip_29_p0,opt_10,opt_29,opt_10-opt_11-opt_27-opt_29,3,794.753
ip_10,ip_29,ip_10_ip_29_p1,opt_10,opt_29,opt_10-opt_11-opt_3-opt_29,3,796.601
ip_10,ip_29,ip_10_ip_29_p2,opt_10,opt_29,opt_10-opt_11-opt_27-opt_3-opt_29,4,798.233
ip_10,ip_29,ip_10_ip_29_p3,opt_10,opt_29,opt_10-opt_20-opt_11-opt_27-opt_29,4,850.751
ip_10,ip_29,ip_10_ip_29_p4,opt_10,opt_29,opt_10-opt_20-opt_11-opt_3-opt_29,4,852.599
ip_10,ip_29,ip_10_ip_29_p5,opt_10,opt_29,opt_10-opt_20-opt_11-opt_27-opt_3-opt_29,5,854.231
ip_10,ip_29,ip_10_ip_29_p6,opt_10,opt_29,opt_10-opt_17-opt_9-opt_3-opt_29,4,855.421
ip_10,ip_29,ip_10_ip_29_p7,opt_10,opt_29,opt_10-opt_11-opt_3-opt_27-opt_29,4,856.191
ip_10,ip_29,ip_10_ip_29_p8,opt_10,opt_29,opt_10-opt_17-opt_9-opt_2-opt_29,4,876.995
ip_10,ip_29,ip_10_ip_29_p9,opt_10,opt_29,opt_10-opt_17-opt_9-opt_12-opt_29,4,886.991
ip_10,ip_30,ip_10_ip_30_p0,opt_10,opt_30,opt_10-opt_11-opt_27-opt_16-opt_30,4,945.771
ip_10,ip_30,ip_10_ip_30_p1,opt_10,opt_30,opt_10-opt_11-opt_27-opt_4-opt_30,4,950.425
ip_10,ip_30,ip_10_ip_30_p2,opt_10,opt_30,opt_10-opt_11-opt_27-opt_4-opt_16-opt_30,5,952.792
ip_10,ip_30,ip_10_ip_30_p3,opt_10,opt_30,opt_10-opt_11-opt_27-opt_13-opt_30,4,964.477
ip_10,ip_30,ip_10_ip_30_p4,opt_10,opt_30,opt_10-opt_11-opt_27-opt_4-opt_13-opt_30,5,964.490
ip_10,ip_30,ip_10_ip_30_p5,opt_10,opt_30,opt_10-opt_11-opt_27-opt_16-opt_13-opt_30,5,966.230
ip_10,ip_30,ip_10_ip_30_p6,opt_10,opt_30,opt_10-opt_11-opt_27-opt_4-opt_16-opt_13-opt_30,6,973.251
ip_10,ip_30,ip_10_ip_30_p7,opt_10,opt_30,opt_10-opt_11-opt_27-opt_16-opt_4-opt_30,5,983.540
ip_10,ip_30,ip_10_ip_30_p8,opt_10,opt_30,opt_10-opt_11-opt_3-opt_16-opt_30,4,995.583
ip_10,ip_30,ip_10_ip_30_p9,opt_10,opt_30,opt_10-opt_11-opt_27-opt_3-opt_16-opt_30,5,997.215
ip_10,ip_31,ip_10_ip_31_p0,opt_10,opt_31,opt_10-opt_11-opt_27-opt_29-opt_31,4,973.971
ip_10,ip_31,ip_10_ip_31_p1,opt_10,opt_31,opt_10-opt_11-opt_3-opt_29-opt_31,4,975.819
ip_10,ip_31,ip_10_ip_31_p2,opt_10,opt_31,opt_10-opt_11-opt_27-opt_3-opt_29-opt_31,5,977.451
ip_10,ip_31,ip_10_ip_31_p3,opt_10,opt_31,opt_10-opt_11-opt_27-opt_29-opt_15-opt_31,5,989.860
ip_10,ip_31,ip_10_ip_31_p4,opt_10,opt_31,opt_10-opt_11-opt_3-opt_29-opt_15-opt_31,5,991.708
ip_10,ip_31,ip_10_ip_31_p5,opt_10,opt_31,opt_10-opt_11-opt_27-opt_3-opt_29-opt_15-opt_31,6,993.340
ip_10,ip_31,ip_10_ip_31_p6,opt_10,opt_31,opt_10-opt_20-opt_11-opt_27-opt_29-opt_31,5,1029.969
ip_10,ip_31,ip_10_ip_31_p7,opt_10,opt_31,opt_10-opt_20-opt_11-opt_3-opt_29-opt_31,5,1031.817
ip_10,ip_31,ip_10_ip_31_p8,opt_10,opt_31,opt_10-opt_20-opt_11-opt_27-opt_3-opt_29-opt_31,6,1033.449
ip_10,ip_31,ip_10_ip_31_p9,opt_10,opt_31,opt_10-opt_17-opt_9-opt_3-opt_29-opt_31,5,1034.639
ip_11,ip_12,ip_11_ip_12_p0,opt_11,opt_12,opt_11-opt_17-opt_9-opt_12,3,667.435
ip_11,ip_12,ip_11_ip_12_p1,opt_11,opt_12,opt_11-opt_3-opt_2-opt_12,3,682.036
ip_11,ip_12,ip_11_ip_12_p2,opt_11,opt_12,opt_11-opt_27-opt_3-opt_2-opt_12,4,683.668
ip_11,ip_12,ip_11_ip_12_p3,opt_11,opt_12,opt_11-opt_27-opt_9-opt_12,3,685.006
ip_11,ip_12,ip_11_ip_12_p4,opt_11,opt_12,opt_11-opt_3-opt_9-opt_12,3,705.460
ip_11,ip_12,ip_11_ip_12_p5,opt_11,opt_12,opt_11-opt_27-opt_3-opt_9-opt_12,4,707.092
ip_11,ip_12,ip_11_ip_12_p6,opt_11,opt_12,opt_11-opt_3-opt_27-opt_9-opt_12,4,746.444
ip_11,ip_12,ip_11_ip_12_p7,opt_11,opt_12,opt_11-opt_17-opt_21-opt_12,3,781.929
ip_11,ip_12,ip_11_ip_12_p8,opt_11,opt_12,opt_11-opt_27-opt_29-opt_12,3,798.294
ip_11,ip_12,ip_11_ip_12_p9,opt_11,opt_12,opt_11-opt_3-opt_29-opt_12,3,800.142
ip_11,ip_13,ip_11_ip_13_p0,opt_11,opt_13,opt_11-opt_27-opt_13,2,581.440
ip_11,ip_13,ip_11_ip_13_p1,opt_11,opt_13,opt_11-opt_27-opt_4-opt_13,3,581.453
ip_11,ip_13,ip_11_ip_13_p2,opt_11,opt_13,opt_11-opt_27-opt_16-opt_13,3,583.193
ip_11,ip_13,ip_11_ip_13_p3,opt_11,opt_13,opt_11-opt_27-opt_4-opt_16-opt_13,4,590.214
ip_11,ip_13,ip_11_ip_13_p4,opt_11,opt_13,opt_11-opt_27-opt_16-opt_4-opt_13,4,614.568
ip_11,ip_13,ip_11_ip_13_p5,opt_11,opt_13,opt_11-opt_3-opt_4-opt_13,3,629.886
ip_11,ip_13,ip_11_ip_13_p6,opt_11,opt_13,opt_11-opt_27-opt_3-opt_4-opt_13,4,631.518
ip_11,ip_13,ip_11_ip_13_p7,opt_11,opt_13,opt_11-opt_3-opt_16-opt_13,3,633.005
ip_11,ip_13,ip_11_ip_13_p8,opt_11,opt_13,opt_11-opt_27-opt_3-opt_16-opt_13,4,634.637
ip_11,ip_13,ip_11_ip_13_p9,opt_11,opt_13,opt_11-opt_3-opt_4-opt_16-opt_13,4,638.647
ip_11,ip_14,ip_11_ip_14_p0,opt_11,opt_14,opt_11-opt_3-opt_14,2,578.483
ip_11,ip_14,ip_11_ip_14_p1,opt_11,opt_14,opt_11-opt_27-opt_3-opt_14,3,580.115
ip_11,ip_14,ip_11_ip_14_p2,opt_11,opt_14,opt_11-opt_27-opt_4-opt_14,3,597.507
ip_11,ip_14,ip_11_ip_14_p3,opt_11,opt_14,opt_11-opt_27-opt_16-opt_14,3,623.371
ip_11,ip_14,ip_11_ip_14_p4,opt_11,opt_14,opt_11-opt_27-opt_4-opt_16-opt_14,4,630.392
ip_11,ip_14,ip_11_ip_14_p5,opt_11,opt_14,opt_11-opt_27-opt_16-opt_4-opt_14,4,630.622
ip_11,ip_14,ip_11_ip_14_p6,opt_11,opt_14,opt_11-opt_3-opt_4-opt_14,3,645.940
ip_11,ip_14,ip_11_ip_14_p7,opt_11,opt_14,opt_11-opt_27-opt_3-opt_4-opt_14,4,647.572
ip_11,ip_14,ip_11_ip_14_p8,opt_11,opt_14,opt_11-opt_3-opt_27-opt_4-opt_14,4,658.945
ip_11,ip_14,ip_11_ip_14_p9,opt_11,opt_14,opt_11-opt_3-opt_16-opt_14,3,673.183
ip_11,ip_15,ip_11_ip_15_p0,opt_11,opt_15,opt_11-opt_27-opt_29-opt_15,3,671.528
ip_11,ip_15,ip_11_ip_15_p1,opt_11,opt_15,opt_11-opt_3-opt_29-opt_15,3,673.376
ip_11,ip_15,ip_11_ip_15_p2,opt_11,opt_15,opt_11-opt_27-opt_3-opt_29-opt_15,4,675.008
ip_11,ip_15,ip_11_ip_15_p3,opt_11,opt_15,opt_11-opt_27-opt_29-opt_31-opt_15,4,709.767
ip_11,ip_15,ip_11_ip_15_p4,opt_11,opt_15,opt_11-opt_3-opt_29-opt_31-opt_15,4,711.615
ip_11,ip_15,ip_11_ip_15_p5,opt_11,opt_15,opt_11-opt_27-opt_3-opt_29-opt_31-opt_15,5,713.247
ip_11,ip_15,ip_11_ip_15_p6,opt_11,opt_15,opt_11-opt_3-opt_27-opt_29-opt_15,4,732.966
ip_11,ip_15,ip_11_ip_15_p7,opt_11,opt_15,opt_11-opt_3-opt_27-opt_29-opt_31-opt_15,5,771.205
ip_11,ip_15,ip_11_ip_15_p8,opt_11,opt_15,opt_11-opt_27-opt_29-opt_6-opt_15,4,832.002
ip_11,ip_15,ip_11_ip_15_p9,opt_11,opt_15,opt_11-opt_3-opt_29-opt_6-opt_15,4,833.850
ip_11,ip_16,ip_11_ip_16_p0,opt_11,opt_16,opt_11-opt_27-opt_16,2,507.862
ip_11,ip_16,ip_11_ip_16_p1,opt_11,opt_16,opt_11-opt_27-opt_4-opt_16,3,514.883
ip_11,ip_16,ip_11_ip_16_p2,opt_11,opt_16,opt_11-opt_3-opt_16,2,557.674
ip_11,ip_16,ip_11_ip_16_p3,opt_11,opt_16,opt_11-opt_27-opt_3-opt_16,3,559.306
ip_11,ip_16,ip_11_ip_16_p4,opt_11,opt_16,opt_11-opt_3-opt_4-opt_16,3,563.316
ip_11,ip_16,ip_11_ip_16_p5,opt_11,opt_16,opt_11-opt_27-opt_3-opt_4-opt_16,4,564.948
ip_11,ip_16,ip_11_ip_16_p6,opt_11,opt_16,opt_11-opt_3-opt_27-opt_16,3,569.300
ip_11,ip_16,ip_11_ip_16_p7,opt_11,opt_16,opt_11-opt_3-opt_27-opt_4-opt_16,4,576.321
ip_11,ip_16,ip_11_ip_16_p8,opt_11,opt_16,opt_11-opt_27-opt_13-opt_16,3,656.771
ip_11,ip_16,ip_11_ip_16_p9,opt_11,opt_16,opt_11-opt_27-opt_4-opt_13-opt_16,4,656.784
ip_11,ip_17,ip_11_ip_17_p0,opt_11,opt_17,opt_11-opt_17,1,260.737
ip_11,ip_17,ip_11_ip_17_p1,opt_11,opt_17,opt_11-opt_10-opt_17,2,476.752
ip_11,ip_17,ip_11_ip_17_p2,opt_11,opt_17,opt_11-opt_20-opt_17,2,509.675
ip_11,ip_17,ip_11_ip_17_p3,opt_11,opt_17,opt_11-opt_10-opt_19-opt_17,3,515.186
ip_11,ip_17,ip_11_ip_17_p4,opt_11,opt_17,opt_11-opt_20-opt_10-opt_17,3,532.750
ip_11,ip_17,ip_11_ip_17_p5,opt_11,opt_17,opt_11-opt_20-opt_19-opt_17,3,570.394
ip_11,ip_17,ip_11_ip_17_p6,opt_11,opt_17,opt_11-opt_20-opt_10-opt_19-opt_17,4,571.184
ip_11,ip_17,ip_11_ip_17_p7,opt_11,opt_17,opt_11-opt_7-opt_20-opt_17,3,590.044
ip_11,ip_17,ip_11_ip_17_p8,opt_11,opt_17,opt_11-opt_7-opt_10-opt_17,3,606.085
ip_11,ip_17,ip_11_ip_17_p9,opt_11,opt_17,opt_11-opt_10-opt_20-opt_17,3,612.031
ip_11,ip_18,ip_11_ip_18_p0,opt_11,opt_18,opt_11-opt_27-opt_4-opt_18,3,709.517
ip_11,ip_18,ip_11_ip_18_p1,opt_11,opt_18,opt_11-opt_27-opt_16-opt_18,3,720.066
ip_11,ip_18,ip_11_ip_18_p2,opt_11,opt_18,opt_11-opt_27-opt_4-opt_16-opt_18,4,727.087
ip_11,ip_18,ip_11_ip_18_p3,opt_11,opt_18,opt_11-opt_27-opt_13-opt_18,3,727.852
ip_11,ip_18,ip_11_ip_18_p4,opt_11,opt_18,opt_11-opt_27-opt_4-opt_13-opt_18,4,727.865
ip_11,ip_18,ip_11_ip_18_p5,opt_11,opt_18,opt_11-opt_27-opt_16-opt_13-opt_18,4,729.605
ip_11,ip_18,ip_11_ip_18_p6,opt_11,opt_18,opt_11-opt_3-opt_18,2,736.319
ip_11,ip_18,ip_11_ip_18_p7,opt_11,opt_18,opt_11-opt_27-opt_4-opt_16-opt_13-opt_18,5,736.626
ip_11,ip_18,ip_11_ip_18_p8,opt_11,opt_18,opt_11-opt_27-opt_3-opt_18,3,737.951
ip_11,ip_18,ip_11_ip_18_p9,opt_11,opt_18,opt_11-opt_3-opt_14-opt_18,3,738.607
ip_11,ip_19,ip_11_ip_19_p0,opt_11,opt_19,opt_11-opt_10-opt_19,2,382.882
ip_11,ip_19,ip_11_ip_19_p1,opt_11,opt_19,opt_11-opt_17-opt_19,2,393.041
ip_11,ip_19,ip_11_ip_19_p2,opt_11,opt_19,opt_11-opt_20-opt_19,2,438.090
ip_11,ip_19,ip_11_ip_19_p3,opt_11,opt_19,opt_11-opt_20-opt_10-opt_19,3,438.880
ip_11,ip_19,ip_11_ip_19_p4,opt_11,opt_19,opt_11-opt_7-opt_19,2,503.241
ip_11,ip_19,ip_11_ip_19_p5,opt_11,opt_19,opt_11-opt_7-opt_10-opt_19,3,512.215
ip_11,ip_19,ip_11_ip_19_p6,opt_11,opt_19,opt_11-opt_7-opt_20-opt_19,3,518.459
ip_11,ip_19,ip_11_ip_19_p7,opt_11,opt_19,opt_11-opt_7-opt_20-opt_10-opt_19,4,519.249
ip_11,ip_19,ip_11_ip_19_p8,opt_11,opt_19,opt_11-opt_17-opt_10-opt_19,3,537.835
ip_11,ip_19,ip_11_ip_19_p9,opt_11,opt_19,opt_11-opt_10-opt_20-opt_19,3,540.446
ip_11,ip_20,ip_11_ip_20_p0,opt_11,opt_20,opt_11-opt_20,1,268.089
ip_11,ip_20,ip_11_ip_20_p1,opt_11,opt_20,opt_11-opt_7-opt_20,2,348.458
ip_11,ip_20,ip_11_ip_20_p2,opt_11,opt_20,opt_11-opt_10-opt_20,2,370.445
ip_11,ip_20,ip_11_ip_20_p3,opt_11,opt_20,opt_11-opt_24-opt_20,2,391.026
ip_11,ip_20,ip_11_ip_20_p4,opt_11,opt_20,opt_11-opt_7-opt_24-opt_20,3,411.166
ip_11,ip_20,ip_11_ip_20_p5,opt_11,opt_20,opt_11-opt_25-opt_20,2,459.806
ip_11,ip_20,ip_11_ip_20_p6,opt_11,opt_20,opt_11-opt_7-opt_25-opt_20,3,462.084
ip_11,ip_20,ip_11_ip_20_p7,opt_11,opt_20,opt_11-opt_25-opt_24-opt_20,3,476.920
ip_11,ip_20,ip_11_ip_20_p8,opt_11,opt_20,opt_11-opt_7-opt_25-opt_24-opt_20,4,479.198
ip_11,ip_20,ip_11_ip_20_p9,opt_11,opt_20,opt_11-opt_7-opt_10-opt_20,3,499.778
ip_11,ip_21,ip_11_ip_21_p0,opt_11,opt_21,opt_11-opt_17-opt_21,2,565.349
ip_11,ip_21,ip_11_ip_21_p1,opt_11,opt_21,opt_11-opt_17-opt_9-opt_21,3,656.171
ip_11,ip_21,ip_11_ip_21_p2,opt_11,opt_21,opt_11-opt_27-opt_9-opt_21,3,673.742
ip_11,ip_21,ip_11_ip_21_p3,opt_11,opt_21,opt_11-opt_3-opt_9-opt_21,3,694.196
ip_11,ip_21,ip_11_ip_21_p4,opt_11,opt_21,opt_11-opt_27-opt_3-opt_9-opt_21,4,695.828
ip_11,ip_21,ip_11_ip_21_p5,opt_11,opt_21,opt_11-opt_3-opt_27-opt_9-opt_21,4,735.180
ip_11,ip_21,ip_11_ip_21_p6,opt_11,opt_21,opt_11-opt_17-opt_26-opt_21,3,758.927
ip_11,ip_21,ip_11_ip_21_p7,opt_11,opt_21,opt_11-opt_10-opt_17-opt_21,3,781.364
ip_11,ip_21,ip_11_ip_21_p8,opt_11,opt_21,opt_11-opt_1-opt_21,2,792.617
ip_11,ip_21,ip_11_ip_21_p9,opt_11,opt_21,opt_11-opt_20-opt_21,2,808.595
ip_11,ip_22,ip_11_ip_22_p0,opt_11,opt_22,opt_11-opt_3-opt_2-opt_22,3,817.833
ip_11,ip_22,ip_11_ip_22_p1,opt_11,opt_22,opt_11-opt_27-opt_3-opt_2-opt_22,4,819.465
ip_11,ip_22,ip_11_ip_22_p2,opt_11,opt_22,opt_11-opt_17-opt_9-opt_12-opt_22,4,928.948
ip_11,ip_22,ip_11_ip_22_p3,opt_11,opt_22,opt_11-opt_3-opt_2-opt_12-opt_22,4,943.549
ip_11,ip_22,ip_11_ip_22_p4,opt_11,opt_22,opt_11-opt_27-opt_3-opt_2-opt_12-opt_22,5,945.181
ip_11,ip_22,ip_11_ip_22_p5,opt_11,opt_22,opt_11-opt_27-opt_9-opt_12-opt_22,4,946.519
ip_11,ip_22,ip_11_ip_22_p6,opt_11,opt_22,opt_11-opt_27-opt_29-opt_2-opt_22,4,956.323
ip_11,ip_22,ip_11_ip_22_p7,opt_11,opt_22,opt_11-opt_27-opt_23-opt_22,3,958.040
ip_11,ip_22,ip_11_ip_22_p8,opt_11,opt_22,opt_11-opt_3-opt_29-opt_2-opt_22,4,958.171
ip_11,ip_22,ip_11_ip_22_p9,opt_11,opt_22,opt_11-opt_27-opt_3-opt_29-opt_2-opt_22,5,959.803
ip_11,ip_23,ip_11_ip_23_p0,opt_11,opt_23,opt_11-opt_27-opt_23,2,779.758
ip_11,ip_23,ip_11_ip_23_p1,opt_11,opt_23,opt_11-opt_3-opt_2-opt_23,3,802.115
ip_11,ip_23,ip_11_ip_23_p2,opt_11,opt_23,opt_11-opt_27-opt_3-opt_2-opt_23,4,803.747
ip_11,ip_23,ip_11_ip_23_p3,opt_11,opt_23,opt_11-opt_27-opt_29-opt_23,3,825.393
ip_11,ip_23,ip_11_ip_23_p4,opt_11,opt_23,opt_11-opt_3-opt_29-opt_23,3,827.241
ip_11,ip_23,ip_11_ip_23_p5,opt_11,opt_23,opt_11-opt_27-opt_3-opt_29-opt_23,4,828.873
ip_11,ip_23,ip_11_ip_23_p6,opt_11,opt_23,opt_11-opt_3-opt_27-opt_23,3,841.196
ip_11,ip_23,ip_11_ip_23_p7,opt_11,opt_23,opt_11-opt_3-opt_27-opt_29-opt_23,4,886.831
ip_11,ip_23,ip_11_ip_23_p8,opt_11,opt_23,opt_11-opt_27-opt_29-opt_2-opt_23,4,940.605
ip_11,ip_23,ip_11_ip_23_p9,opt_11,opt_23,opt_11-opt_3-opt_29-opt_2-opt_23,4,942.453
ip_11,ip_24,ip_11_ip_24_p0,opt_11,opt_24,opt_11-opt_24,1,303.620
ip_11,ip_24,ip_11_ip_24_p1,opt_11,opt_24,opt_11-opt_7-opt_24,2,323.760
ip_11,ip_24,ip_11_ip_24_p2,opt_11,opt_24,opt_11-opt_20-opt_24,2,355.495
ip_11,ip_24,ip_11_ip_24_p3,opt_11,opt_24,opt_11-opt_25-opt_24,2,389.514
ip_11,ip_24,ip_11_ip_24_p4,opt_11,opt_24,opt_11-opt_7-opt_25-opt_24,3,391.792
ip_11,ip_24,ip_11_ip_24_p5,opt_11,opt_24,opt_11-opt_7-opt_20-opt_24,3,435.864
ip_11,ip_24,ip_11_ip_24_p6,opt_11,opt_24,opt_11-opt_10-opt_24,2,453.985
ip_11,ip_24,ip_11_ip_24_p7,opt_11,opt_24,opt_11-opt_10-opt_20-opt_24,3,457.851
ip_11,ip_24,ip_11_ip_24_p8,opt_11,opt_24,opt_11-opt_25-opt_7-opt_24,3,486.050
ip_11,ip_24,ip_11_ip_24_p9,opt_11,opt_24,opt_11-opt_28-opt_24,2,490.733
ip_11,ip_25,ip_11_ip_25_p0,opt_11,opt_25,opt_11-opt_25,1,289.392
ip_11,ip_25,ip_11_ip_25_p1,opt_11,opt_25,opt_11-opt_7-opt_25,2,291.670
ip_11,ip_25,ip_11_ip_25_p2,opt_11,opt_25,opt_11-opt_24-opt_25,2,403.742
ip_11,ip_25,ip_11_ip_25_p3,opt_11,opt_25,opt_11-opt_28-opt_25,2,412.645
ip_11,ip_25,ip_11_ip_25_p4,opt_11,opt_25,opt_11-opt_7-opt_24-opt_25,3,423.882
ip_11,ip_25,ip_11_ip_25_p5,opt_11,opt_25,opt_11-opt_20-opt_25,2,438.503
ip_11,ip_25,ip_11_ip_25_p6,opt_11,opt_25,opt_11-opt_20-opt_24-opt_25,3,455.617
ip_11,ip_25,ip_11_ip_25_p7,opt_11,opt_25,opt_11-opt_28-opt_7-opt_25,3,463.121
ip_11,ip_25,ip_11_ip_25_p8,opt_11,opt_25,opt_11-opt_20-opt_7-opt_25,3,489.445
ip_11,ip_25,ip_11_ip_25_p9,opt_11,opt_25,opt_11-opt_24-opt_7-opt_25,3,500.278
ip_11,ip_26,ip_11_ip_26_p0,opt_11,opt_26,opt_11-opt_17-opt_26,2,662.120
ip_11,ip_26,ip_11_ip_26_p1,opt_11,opt_26,opt_11-opt_17-opt_21-opt_26,3,662.156
ip_11,ip_26,ip_11_ip_26_p2,opt_11,opt_26,opt_11-opt_17-opt_9-opt_26,3,737.212
ip_11,ip_26,ip_11_ip_26_p3,opt_11,opt_26,opt_11-opt_17-opt_9-opt_21-opt_26,4,752.978
ip_11,ip_26,ip_11_ip_26_p4,opt_11,opt_26,opt_11-opt_27-opt_9-opt_26,3,754.783
ip_11,ip_26,ip_11_ip_26_p5,opt_11,opt_26,opt_11-opt_27-opt_9-opt_21-opt_26,4,770.549
ip_11,ip_26,ip_11_ip_26_p6,opt_11,opt_26,opt_11-opt_3-opt_9-opt_26,3,775.237
ip_11,ip_26,ip_11_ip_26_p7,opt_11,opt_26,opt_11-opt_27-opt_3-opt_9-opt_26,4,776.869
ip_11,ip_26,ip_11_ip_26_p8,opt_11,opt_26,opt_11-opt_3-opt_9-opt_21-opt_26,4,791.003
ip_11,ip_26,ip_11_ip_26_p9,opt_11,opt_26,opt_11-opt_27-opt_3-opt_9-opt_21-opt_26,5,792.635
ip_11,ip_27,ip_11_ip_27_p0,opt_11,opt_27,opt_11-opt_27,1,245.944
ip_11,ip_27,ip_11_ip_27_p1,opt_11,opt_27,opt_11-opt_3-opt_27,2,307.382
ip_11,ip_27,ip_11_ip_27_p2,opt_11,opt_27,opt_11-opt_7-opt_27,2,661.128
ip_11,ip_27,ip_11_ip_27_p3,opt_11,opt_27,opt_11-opt_17-opt_9-opt_27,3,710.637
ip_11,ip_27,ip_11_ip_27_p4,opt_11,opt_27,opt_11-opt_17-opt_9-opt_3-opt_27,4,732.723
ip_11,ip_27,ip_11_ip_27_p5,opt_11,opt_27,opt_11-opt_3-opt_9-opt_27,3,748.662
ip_11,ip_27,ip_11_ip_27_p6,opt_11,opt_27,opt_11-opt_3-opt_29-opt_27,3,762.874
ip_11,ip_27,ip_11_ip_27_p7,opt_11,opt_27,opt_11-opt_3-opt_4-opt_27,3,792.119
ip_11,ip_27,ip_11_ip_27_p8,opt_11,opt_27,opt_11-opt_3-opt_16-opt_27,3,819.592
ip_11,ip_27,ip_11_ip_27_p9,opt_11,opt_27,opt_11-opt_25-opt_7-opt_27,3,823.418
ip_11,ip_28,ip_11_ip_28_p0,opt_11,opt_28,opt_11-opt_28,1,204.200
ip_11,ip_28,ip_11_ip_28_p1,opt_11,opt_28,opt_11-opt_7-opt_28,2,386.023
ip_11,ip_28,ip_11_ip_28_p2,opt_11,opt_28,opt_11-opt_25-opt_28,2,497.837
ip_11,ip_28,ip_11_ip_28_p3,opt_11,opt_28,opt_11-opt_7-opt_25-opt_28,3,500.115
ip_11,ip_28,ip_11_ip_28_p4,opt_11,opt_28,opt_11-opt_7-opt_5-opt_28,3,541.556
ip_11,ip_28,ip_11_ip_28_p5,opt_11,opt_28,opt_11-opt_25-opt_7-opt_28,3,548.313
ip_11,ip_28,ip_11_ip_28_p6,opt_11,opt_28,opt_11-opt_20-opt_7-opt_28,3,583.798
ip_11,ip_28,ip_11_ip_28_p7,opt_11,opt_28,opt_11-opt_24-opt_28,2,590.153
ip_11,ip_28,ip_11_ip_28_p8,opt_11,opt_28,opt_11-opt_24-opt_7-opt_28,3,594.631
ip_11,ip_28,ip_11_ip_28_p9,opt_11,opt_28,opt_11-opt_25-opt_5-opt_28,3,598.873
ip_11,ip_29,ip_11_ip_29_p0,opt_11,opt_29,opt_11-opt_27-opt_29,2,503.485
ip_11,ip_29,ip_11_ip_29_p1,opt_11,opt_29,opt_11-opt_3-opt_29,2,505.333
ip_11,ip_29,ip_11_ip_29_p2,opt_11,opt_29,opt_11-opt_27-opt_3-opt_29,3,506.965
ip_11,ip_29,ip_11_ip_29_p3,opt_11,opt_29,opt_11-opt_3-opt_27-opt_29,3,564.923
ip_11,ip_29,ip_11_ip_29_p4,opt_11,opt_29,opt_11-opt_3-opt_2-opt_29,3,782.187
ip_11,ip_29,ip_11_ip_29_p5,opt_11,opt_29,opt_11-opt_27-opt_3-opt_2-opt_29,4,783.819
ip_11,ip_29,ip_11_ip_29_p6,opt_11,opt_29,opt_11-opt_7-opt_27-opt_29,3,918.669
ip_11,ip_29,ip_11_ip_29_p7,opt_11,opt_29,opt_11-opt_7-opt_27-opt_3-opt_29,4,922.149
ip_11,ip_29,ip_11_ip_29_p8,opt_11,opt_29,opt_11-opt_17-opt_9-opt_3-opt_29,4,930.674
ip_11,ip_29,ip_11_ip_29_p9,opt_11,opt_29,opt_11-opt_27-opt_9-opt_3-opt_29,4,948.245
ip_11,ip_30,ip_11_ip_30_p0,opt_11,opt_30,opt_11-opt_27-opt_16-opt_30,3,654.503
ip_11,ip_30,ip_11_ip_30_p1,opt_11,opt_30,opt_11-opt_27-opt_4-opt_30,3,659.157
ip_11,ip_30,ip_11_ip_30_p2,opt_11,opt_30,opt_11-opt_27-opt_4-opt_16-opt_30,4,661.524
ip_11,ip_30,ip_11_ip_30_p3,opt_11,opt_30,opt_11-opt_27-opt_13-opt_30,3,673.209
ip_11,ip_30,ip_11_ip_30_p4,opt_11,opt_30,opt_11-opt_27-opt_4-opt_13-opt_30,4,673.222
ip_11,ip_30,ip_11_ip_30_p5,opt_11,opt_30,opt_11-opt_27-opt_16-opt_13-opt_30,4,674.962
ip_11,ip_30,ip_11_ip_30_p6,opt_11,opt_30,opt_11-opt_27-opt_4-opt_16-opt_13-opt_30,5,681.983
ip_11,ip_30,ip_11_ip_30_p7,opt_11,opt_30,opt_11-opt_27-opt_16-opt_4-opt_30,4,692.272
ip_11,ip_30,ip_11_ip_30_p8,opt_11,opt_30,opt_11-opt_3-opt_16-opt_30,3,704.315
ip_11,ip_30,ip_11_ip_30_p9,opt_11,opt_30,opt_11-opt_27-opt_3-opt_16-opt_30,4,705.947
ip_11,ip_31,ip_11_ip_31_p0,opt_11,opt_31,opt_11-opt_27-opt_29-opt_31,3,682.703
ip_11,ip_31,ip_11_ip_31_p1,opt_11,opt_31,opt_11-opt_3-opt_29-opt_31,3,684.551
ip_11,ip_31,ip_11_ip_31_p2,opt_11,opt_31,opt_11-opt_27-opt_3-opt_29-opt_31,4,686.183
ip_11,ip_31,ip_11_ip_31_p3,opt_11,opt_31,opt_11-opt_27-opt_29-opt_15-opt_31,4,698.592
ip_11,ip_31,ip_11_ip_31_p4,opt_11,opt_31,opt_11-opt_3-opt_29-opt_15-opt_31,4,700.440
ip_11,ip_31,ip_11_ip_31_p5,opt_11,opt_31,opt_11-opt_27-opt_3-opt_29-opt_15-opt_31,5,702.072
ip_11,ip_31,ip_11_ip_31_p6,opt_11,opt_31,opt_11-opt_3-opt_27-opt_29-opt_31,4,744.141
ip_11,ip_31,ip_11_ip_31_p7,opt_11,opt_31,opt_11-opt_3-opt_27-opt_29-opt_15-opt_31,5,760.030
ip_11,ip_31,ip_11_ip_31_p8,opt_11,opt_31,opt_11-opt_27-opt_29-opt_6-opt_31,4,851.531
ip_11,ip_31,ip_11_ip_31_p9,opt_11,opt_31,opt_11-opt_3-opt_29-opt_6-opt_31,4,853.379
ip_12,ip_13,ip_12_ip_13_p0,opt_12,opt_13,opt_12-opt_13,1,653.528
ip_12,ip_13,ip_12_ip_13_p1,opt_12,opt_13,opt_12-opt_16-opt_13,2,660.120
ip_12,ip_13,ip_12_ip_13_p2,opt_12,opt_13,opt_12-opt_16-opt_4-opt_13,3,691.495
ip_12,ip_13,ip_12_ip_13_p3,opt_12,opt_13,opt_12-opt_2-opt_14-opt_13,3,756.691
ip_12,ip_13,ip_12_ip_13_p4,opt_12,opt_13,opt_12-opt_2-opt_3-opt_4-opt_13,4,760.228
ip_12,ip_13,ip_12_ip_13_p5,opt_12,opt_13,opt_12-opt_2-opt_3-opt_16-opt_13,4,763.347
ip_12,ip_13,ip_12_ip_13_p6,opt_12,opt_13,opt_12-opt_2-opt_3-opt_4-opt_16-opt_13,5,768.989
ip_12,ip_13,ip_12_ip_13_p7,opt_12,opt_13,opt_12-opt_2-opt_3-opt_27-opt_13,4,773.220
ip_12,ip_13,ip_12_ip_13_p8,opt_12,opt_13,opt_12-opt_2-opt_3-opt_27-opt_4-opt_13,5,773.233
ip_12,ip_13,ip_12_ip_13_p9,opt_12,opt_13,opt_12-opt_9-opt_27-opt_13,3,774.558
ip_12,ip_14,ip_12_ip_14_p0,opt_12,opt_14,opt_12-opt_2-opt_14,2,640.106
ip_12,ip_14,ip_12_ip_14_p1,opt_12,opt_14,opt_12-opt_16-opt_14,2,700.298
ip_12,ip_14,ip_12_ip_14_p2,opt_12,opt_14,opt_12-opt_16-opt_4-opt_14,3,707.549
ip_12,ip_14,ip_12_ip_14_p3,opt_12,opt_14,opt_12-opt_2-opt_3-opt_14,3,708.825
ip_12,ip_14,ip_12_ip_14_p4,opt_12,opt_14,opt_12-opt_9-opt_3-opt_14,3,732.249
ip_12,ip_14,ip_12_ip_14_p5,opt_12,opt_14,opt_12-opt_13-opt_14,2,770.113
ip_12,ip_14,ip_12_ip_14_p6,opt_12,opt_14,opt_12-opt_9-opt_27-opt_3-opt_14,4,773.233
ip_12,ip_14,ip_12_ip_14_p7,opt_12,opt_14,opt_12-opt_2-opt_3-opt_4-opt_14,4,776.282
ip_12,ip_14,ip_12_ip_14_p8,opt_12,opt_14,opt_12-opt_16-opt_13-opt_14,3,776.705
ip_12,ip_14,ip_12_ip_14_p9,opt_12,opt_14,opt_12-opt_2-opt_3-opt_27-opt_4-opt_14,5,789.287
ip_12,ip_15,ip_12_ip_15_p0,opt_12,opt_15,opt_12-opt_29-opt_15,2,462.852
ip_12,ip_15,ip_12_ip_15_p1,opt_12,opt_15,opt_12-opt_2-opt_29-opt_15,3,485.084
ip_12,ip_15,ip_12_ip_15_p2,opt_12,opt_15,opt_12-opt_29-opt_31-opt_15,3,501.091
ip_12,ip_15,ip_12_ip_15_p3,opt_12,opt_15,opt_12-opt_2-opt_29-opt_31-opt_15,4,523.323
ip_12,ip_15,ip_12_ip_15_p4,opt_12,opt_15,opt_12-opt_29-opt_6-opt_15,3,623.326
ip_12,ip_15,ip_12_ip_15_p5,opt_12,opt_15,opt_12-opt_2-opt_29-opt_6-opt_15,4,645.558
ip_12,ip_15,ip_12_ip_15_p6,opt_12,opt_15,opt_12-opt_29-opt_6-opt_31-opt_15,4,669.919
ip_12,ip_15,ip_12_ip_15_p7,opt_12,opt_15,opt_12-opt_23-opt_31-opt_15,3,671.289
ip_12,ip_15,ip_12_ip_15_p8,opt_12,opt_15,opt_12-opt_29-opt_31-opt_6-opt_15,4,688.116
ip_12,ip_15,ip_12_ip_15_p9,opt_12,opt_15,opt_12-opt_2-opt_29-opt_6-opt_31-opt_15,5,692.151
ip_12,ip_16,ip_12_ip_16_p0,opt_12,opt_16,opt_12-opt_16,1,584.789
ip_12,ip_16,ip_12_ip_16_p1,opt_12,opt_16,opt_12-opt_2-opt_3-opt_16,3,688.016
ip_12,ip_16,ip_12_ip_16_p2,opt_12,opt_16,opt_12-opt_2-opt_3-opt_4-opt_16,4,693.658
ip_12,ip_16,ip_12_ip_16_p3,opt_12,opt_16,opt_12-opt_2-opt_3-opt_27-opt_16,4,699.642
ip_12,ip_16,ip_12_ip_16_p4,opt_12,opt_16,opt_12-opt_9-opt_27-opt_16,3,700.980
ip_12,ip_16,ip_12_ip_16_p5,opt_12,opt_16,opt_12-opt_2-opt_3-opt_27-opt_4-opt_16,5,706.663
ip_12,ip_16,ip_12_ip_16_p6,opt_12,opt_16,opt_12-opt_9-opt_27-opt_4-opt_16,4,708.001
ip_12,ip_16,ip_12_ip_16_p7,opt_12,opt_16,opt_12-opt_9-opt_3-opt_16,3,711.440
ip_12,ip_16,ip_12_ip_16_p8,opt_12,opt_16,opt_12-opt_9-opt_3-opt_4-opt_16,4,717.082
ip_12,ip_16,ip_12_ip_16_p9,opt_12,opt_16,opt_12-opt_9-opt_3-opt_27-opt_16,4,723.066
ip_12,ip_17,ip_12_ip_17_p0,opt_12,opt_17,opt_12-opt_9-opt_17,2,406.698
ip_12,ip_17,ip_12_ip_17_p1,opt_12,opt_17,opt_12-opt_21-opt_17,2,521.192
ip_12,ip_17,ip_12_ip_17_p2,opt_12,opt_17,opt_12-opt_2-opt_9-opt_17,3,591.360
ip_12,ip_17,ip_12_ip_17_p3,opt_12,opt_17,opt_12-opt_21-opt_9-opt_17,3,612.014
ip_12,ip_17,ip_12_ip_17_p4,opt_12,opt_17,opt_12-opt_26-opt_17,2,624.681
ip_12,ip_17,ip_12_ip_17_p5,opt_12,opt_17,opt_12-opt_26-opt_21-opt_17,3,624.717
ip_12,ip_17,ip_12_ip_17_p6,opt_12,opt_17,opt_12-opt_19-opt_17,2,657.948
ip_12,ip_17,ip_12_ip_17_p7,opt_12,opt_17,opt_12-opt_9-opt_19-opt_17,3,665.167
ip_12,ip_17,ip_12_ip_17_p8,opt_12,opt_17,opt_12-opt_9-opt_21-opt_17,3,689.208
ip_12,ip_17,ip_12_ip_17_p9,opt_12,opt_17,opt_12-opt_26-opt_9-opt_17,3,699.773
ip_12,ip_18,ip_12_ip_18_p0,opt_12,opt_18,opt_12-opt_16-opt_18,2,796.993
ip_12,ip_18,ip_12_ip_18_p1,opt_12,opt_18,opt_12-opt_13-opt_18,2,799.940
ip_12,ip_18,ip_12_ip_18_p2,opt_12,opt_18,opt_12-opt_2-opt_14-opt_18,3,800.230
ip_12,ip_18,ip_12_ip_18_p3,opt_12,opt_18,opt_12-opt_16-opt_13-opt_18,3,806.532
ip_12,ip_18,ip_12_ip_18_p4,opt_12,opt_18,opt_12-opt_16-opt_4-opt_18,3,819.559
ip_12,ip_18,ip_12_ip_18_p5,opt_12,opt_18,opt_12-opt_16-opt_4-opt_13-opt_18,4,837.907
ip_12,ip_18,ip_12_ip_18_p6,opt_12,opt_18,opt_12-opt_16-opt_14-opt_18,3,860.422
ip_12,ip_18,ip_12_ip_18_p7,opt_12,opt_18,opt_12-opt_2-opt_3-opt_18,3,866.661
ip_12,ip_18,ip_12_ip_18_p8,opt_12,opt_18,opt_12-opt_16-opt_4-opt_14-opt_18,4,867.673
ip_12,ip_18,ip_12_ip_18_p9,opt_12,opt_18,opt_12-opt_2-opt_3-opt_14-opt_18,4,868.949
ip_12,ip_19,ip_12_ip_19_p0,opt_12,opt_19,opt_12-opt_19,1,525.644
ip_12,ip_19,ip_12_ip_19_p1,opt_12,opt_19,opt_12-opt_9-opt_19,2,532.863
ip_12,ip_19,ip_12_ip_19_p2,opt_12,opt_19,opt_12-opt_9-opt_17-opt_19,3,539.002
ip_12,ip_19,ip_12_ip_19_p3,opt_12,opt_19,opt_12-opt_21-opt_17-opt_19,3,653.496
ip_12,ip_19,ip_12_ip_19_p4,opt_12,opt_19,opt_12-opt_9-opt_17-opt_10-opt_19,4,683.796
ip_12,ip_19,ip_12_ip_19_p5,opt_12,opt_19,opt_12-opt_26-opt_19,2,704.980
ip_12,ip_19,ip_12_ip_19_p6,opt_12,opt_19,opt_12-opt_2-opt_9-opt_19,3,717.525
ip_12,ip_19,ip_12_ip_19_p7,opt_12,opt_19,opt_12-opt_2-opt_9-opt_17-opt_19,4,723.664
ip_12,ip_19,ip_12_ip_19_p8,opt_12,opt_19,opt_12-opt_21-opt_9-opt_19,3,738.179
ip_12,ip_19,ip_12_ip_19_p9,opt_12,opt_19,opt_12-opt_21-opt_9-opt_17-opt_19,4,744.318
ip_12,ip_20,ip_12_ip_20_p0,opt_12,opt_20,opt_12-opt_9-opt_17-opt_20,3,648.284
ip_12,ip_20,ip_12_ip_20_p1,opt_12,opt_20,opt_12-opt_9-opt_17-opt_10-opt_20,4,671.359
ip_12,ip_20,ip_12_ip_20_p2,opt_12,opt_20,opt_12-opt_19-opt_20,2,695.645
ip_12,ip_20,ip_12_ip_20_p3,opt_12,opt_20,opt_12-opt_19-opt_10-opt_20,3,696.435
ip_12,ip_20,ip_12_ip_20_p4,opt_12,opt_20,opt_12-opt_9-opt_19-opt_20,3,702.864
ip_12,ip_20,ip_12_ip_20_p5,opt_12,opt_20,opt_12-opt_9-opt_19-opt_10-opt_20,4,703.654
ip_12,ip_20,ip_12_ip_20_p6,opt_12,opt_20,opt_12-opt_9-opt_17-opt_19-opt_20,4,709.003
ip_12,ip_20,ip_12_ip_20_p7,opt_12,opt_20,opt_12-opt_9-opt_17-opt_19-opt_10-opt_20,5,709.793
ip_12,ip_20,ip_12_ip_20_p8,opt_12,opt_20,opt_12-opt_21-opt_20,2,757.086
ip_12,ip_20,ip_12_ip_20_p9,opt_12,opt_20,opt_12-opt_21-opt_17-opt_20,3,762.778
ip_12,ip_21,ip_12_ip_21_p0,opt_12,opt_21,opt_12-opt_21,1,216.580
ip_12,ip_21,ip_12_ip_21_p1,opt_12,opt_21,opt_12-opt_26-opt_21,2,320.105
ip_12,ip_21,ip_12_ip_21_p2,opt_12,opt_21,opt_12-opt_9-opt_21,2,384.596
ip_12,ip_21,ip_12_ip_21_p3,opt_12,opt_21,opt_12-opt_9-opt_26-opt_21,3,562.444
ip_12,ip_21,ip_12_ip_21_p4,opt_12,opt_21,opt_12-opt_2-opt_9-opt_21,3,569.258
ip_12,ip_21,ip_12_ip_21_p5,opt_12,opt_21,opt_12-opt_26-opt_9-opt_21,3,677.671
ip_12,ip_21,ip_12_ip_21_p6,opt_12,opt_21,opt_12-opt_9-opt_17-opt_21,3,711.310
ip_12,ip_21,ip_12_ip_21_p7,opt_12,opt_21,opt_12-opt_26-opt_1-opt_21,3,712.200
ip_12,ip_21,ip_12_ip_21_p8,opt_12,opt_21,opt_12-opt_2-opt_9-opt_26-opt_21,4,747.106
ip_12,ip_21,ip_12_ip_21_p9,opt_12,opt_21,opt_12-opt_2-opt_3-opt_9-opt_21,4,824.538
ip_12,ip_22,ip_12_ip_22_p0,opt_12,opt_22,opt_12-opt_22,1,261.513
ip_12,ip_22,ip_12_ip_22_p1,opt_12,opt_22,opt_12-opt_2-opt_22,2,352.687
ip_12,ip_22,ip_12_ip_22_p2,opt_12,opt_22,opt_12-opt_23-opt_22,2,488.801
ip_12,ip_22,ip_12_ip_22_p3,opt_12,opt_22,opt_12-opt_2-opt_23-opt_22,3,515.251
ip_12,ip_22,ip_12_ip_22_p4,opt_12,opt_22,opt_12-opt_9-opt_2-opt_22,3,716.319
ip_12,ip_22,ip_12_ip_22_p5,opt_12,opt_22,opt_12-opt_29-opt_2-opt_22,3,747.647
ip_12,ip_22,ip_12_ip_22_p6,opt_12,opt_22,opt_12-opt_23-opt_2-opt_22,3,783.285
ip_12,ip_22,ip_12_ip_22_p7,opt_12,opt_22,opt_12-opt_29-opt_23-opt_22,3,794.999
ip_12,ip_22,ip_12_ip_22_p8,opt_12,opt_22,opt_12-opt_2-opt_29-opt_23-opt_22,4,817.231
ip_12,ip_22,ip_12_ip_22_p9,opt_12,opt_22,opt_12-opt_9-opt_2-opt_23-opt_22,4,878.883
ip_12,ip_23,ip_12_ip_23_p0,opt_12,opt_23,opt_12-opt_23,1,310.519
ip_12,ip_23,ip_12_ip_23_p1,opt_12,opt_23,opt_12-opt_2-opt_23,2,336.969
ip_12,ip_23,ip_12_ip_23_p2,opt_12,opt_23,opt_12-opt_22-opt_23,2,439.795
ip_12,ip_23,ip_12_ip_23_p3,opt_12,opt_23,opt_12-opt_2-opt_22-opt_23,3,530.969
ip_12,ip_23,ip_12_ip_23_p4,opt_12,opt_23,opt_12-opt_29-opt_23,2,616.717
ip_12,ip_23,ip_12_ip_23_p5,opt_12,opt_23,opt_12-opt_2-opt_29-opt_23,3,638.949
ip_12,ip_23,ip_12_ip_23_p6,opt_12,opt_23,opt_12-opt_9-opt_2-opt_23,3,700.601
ip_12,ip_23,ip_12_ip_23_p7,opt_12,opt_23,opt_12-opt_29-opt_2-opt_23,3,731.929
ip_12,ip_23,ip_12_ip_23_p8,opt_12,opt_23,opt_12-opt_22-opt_2-opt_23,3,734.279
ip_12,ip_23,ip_12_ip_23_p9,opt_12,opt_23,opt_12-opt_29-opt_31-opt_23,3,807.733
ip_12,ip_24,ip_12_ip_24_p0,opt_12,opt_24,opt_12-opt_9-opt_17-opt_24,3,734.032
ip_12,ip_24,ip_12_ip_24_p1,opt_12,opt_24,opt_12-opt_9-opt_17-opt_20-opt_24,4,735.690
ip_12,ip_24,ip_12_ip_24_p2,opt_12,opt_24,opt_12-opt_9-opt_17-opt_10-opt_24,4,754.899
ip_12,ip_24,ip_12_ip_24_p3,opt_12,opt_24,opt_12-opt_9-opt_17-opt_10-opt_20-opt_24,5,758.765
ip_12,ip_24,ip_12_ip_24_p4,opt_12,opt_24,opt_12-opt_19-opt_24,2,779.941
ip_12,ip_24,ip_12_ip_24_p5,opt_12,opt_24,opt_12-opt_19-opt_10-opt_24,3,779.975
ip_12,ip_24,ip_12_ip_24_p6,opt_12,opt_24,opt_12-opt_19-opt_20-opt_24,3,783.051
ip_12,ip_24,ip_12_ip_24_p7,opt_12,opt_24,opt_12-opt_19-opt_10-opt_20-opt_24,4,783.841
ip_12,ip_24,ip_12_ip_24_p8,opt_12,opt_24,opt_12-opt_9-opt_19-opt_24,3,787.160
ip_12,ip_24,ip_12_ip_24_p9,opt_12,opt_24,opt_12-opt_9-opt_19-opt_10-opt_24,4,787.194
ip_12,ip_25,ip_12_ip_25_p0,opt_12,opt_25,opt_12-opt_9-opt_25,2,767.761
ip_12,ip_25,ip_12_ip_25_p1,opt_12,opt_25,opt_12-opt_9-opt_17-opt_20-opt_25,4,818.698
ip_12,ip_25,ip_12_ip_25_p2,opt_12,opt_25,opt_12-opt_9-opt_17-opt_24-opt_25,4,834.154
ip_12,ip_25,ip_12_ip_25_p3,opt_12,opt_25,opt_12-opt_9-opt_17-opt_20-opt_24-opt_25,5,835.812
ip_12,ip_25,ip_12_ip_25_p4,opt_12,opt_25,opt_12-opt_9-opt_17-opt_10-opt_25,4,841.748
ip_12,ip_25,ip_12_ip_25_p5,opt_12,opt_25,opt_12-opt_9-opt_17-opt_10-opt_20-opt_25,5,841.773
ip_12,ip_25,ip_12_ip_25_p6,opt_12,opt_25,opt_12-opt_9-opt_17-opt_10-opt_24-opt_25,5,855.021
ip_12,ip_25,ip_12_ip_25_p7,opt_12,opt_25,opt_12-opt_9-opt_17-opt_10-opt_20-opt_24-opt_25,6,858.887
ip_12,ip_25,ip_12_ip_25_p8,opt_12,opt_25,opt_12-opt_19-opt_20-opt_25,3,866.059
ip_12,ip_25,ip_12_ip_25_p9,opt_12,opt_25,opt_12-opt_19-opt_10-opt_25,3,866.824
ip_12,ip_26,ip_12_ip_26_p0,opt_12,opt_26,opt_12-opt_26,1,223.298
ip_12,ip_26,ip_12_ip_26_p1,opt_12,opt_26,opt_12-opt_21-opt_26,2,313.387
ip_12,ip_26,ip_12_ip_26_p2,opt_12,opt_26,opt_12-opt_9-opt_26,2,465.637
ip_12,ip_26,ip_12_ip_26_p3,opt_12,opt_26,opt_12-opt_9-opt_21-opt_26,3,481.403
ip_12,ip_26,ip_12_ip_26_p4,opt_12,opt_26,opt_12-opt_2-opt_9-opt_26,3,650.299
ip_12,ip_26,ip_12_ip_26_p5,opt_12,opt_26,opt_12-opt_2-opt_9-opt_21-opt_26,4,666.065
ip_12,ip_26,ip_12_ip_26_p6,opt_12,opt_26,opt_12-opt_21-opt_9-opt_26,3,670.953
ip_12,ip_26,ip_12_ip_26_p7,opt_12,opt_26,opt_12-opt_21-opt_1-opt_26,3,705.482
ip_12,ip_26,ip_12_ip_26_p8,opt_12,opt_26,opt_12-opt_9-opt_17-opt_26,3,808.081
ip_12,ip_26,ip_12_ip_26_p9,opt_12,opt_26,opt_12-opt_9-opt_17-opt_21-opt_26,4,808.117
ip_12,ip_27,ip_12_ip_27_p0,opt_12,opt_27,opt_12-opt_2-opt_3-opt_27,3,437.724
ip_12,ip_27,ip_12_ip_27_p1,opt_12,opt_27,opt_12-opt_9-opt_27,2,439.062
ip_12,ip_27,ip_12_ip_27_p2,opt_12,opt_27,opt_12-opt_9-opt_3-opt_27,3,461.148
ip_12,ip_27,ip_12_ip_27_p3,opt_12,opt_27,opt_12-opt_29-opt_27,2,552.350
ip_12,ip_27,ip_12_ip_27_p4,opt_12,opt_27,opt_12-opt_29-opt_3-opt_27,3,555.830
ip_12,ip_27,ip_12_ip_27_p5,opt_12,opt_27,opt_12-opt_2-opt_29-opt_27,3,574.582
ip_12,ip_27,ip_12_ip_27_p6,opt_12,opt_27,opt_12-opt_2-opt_29-opt_3-opt_27,4,578.062
ip_12,ip_27,ip_12_ip_27_p7,opt_12,opt_27,opt_12-opt_2-opt_9-opt_27,3,623.724
ip_12,ip_27,ip_12_ip_27_p8,opt_12,opt_27,opt_12-opt_21-opt_9-opt_27,3,644.378
ip_12,ip_27,ip_12_ip_27_p9,opt_12,opt_27,opt_12-opt_2-opt_9-opt_3-opt_27,4,645.810
ip_12,ip_28,ip_12_ip_28_p0,opt_12,opt_28,opt_12-opt_9-opt_17-opt_11-opt_28,4,871.635
ip_12,ip_28,ip_12_ip_28_p1,opt_12,opt_28,opt_12-opt_2-opt_3-opt_11-opt_28,4,886.236
ip_12,ip_28,ip_12_ip_28_p2,opt_12,opt_28,opt_12-opt_2-opt_3-opt_27-opt_11-opt_28,5,887.868
ip_12,ip_28,ip_12_ip_28_p3,opt_12,opt_28,opt_12-opt_9-opt_27-opt_11-opt_28,4,889.206
ip_12,ip_28,ip_12_ip_28_p4,opt_12,opt_28,opt_12-opt_9-opt_3-opt_11-opt_28,4,909.660
ip_12,ip_28,ip_12_ip_28_p5,opt_12,opt_28,opt_12-opt_9-opt_3-opt_27-opt_11-opt_28,5,911.292
ip_12,ip_28,ip_12_ip_28_p6,opt_12,opt_28,opt_12-opt_9-opt_27-opt_3-opt_11-opt_28,5,950.644
ip_12,ip_28,ip_12_ip_28_p7,opt_12,opt_28,opt_12-opt_9-opt_17-opt_20-opt_7-opt_28,5,963.993
ip_12,ip_28,ip_12_ip_28_p8,opt_12,opt_28,opt_12-opt_9-opt_17-opt_10-opt_28,4,967.664
ip_12,ip_28,ip_12_ip_28_p9,opt_12,opt_28,opt_12-opt_9-opt_25-opt_28,3,976.206
ip_12,ip_29,ip_12_ip_29_p0,opt_12,opt_29,opt_12-opt_29,1,294.809
ip_12,ip_29,ip_12_ip_29_p1,opt_12,opt_29,opt_12-opt_2-opt_29,2,317.041
ip_12,ip_29,ip_12_ip_29_p2,opt_12,opt_29,opt_12-opt_23-opt_29,2,632.427
ip_12,ip_29,ip_12_ip_29_p3,opt_12,opt_29,opt_12-opt_2-opt_3-opt_29,3,635.675
ip_12,ip_29,ip_12_ip_29_p4,opt_12,opt_29,opt_12-opt_2-opt_23-opt_29,3,658.877
ip_12,ip_29,ip_12_ip_29_p5,opt_12,opt_29,opt_12-opt_9-opt_3-opt_29,3,659.099
ip_12,ip_29,ip_12_ip_29_p6,opt_12,opt_29,opt_12-opt_9-opt_2-opt_29,3,680.673
ip_12,ip_29,ip_12_ip_29_p7,opt_12,opt_29,opt_12-opt_2-opt_3-opt_27-opt_29,4,695.265
ip_12,ip_29,ip_12_ip_29_p8,opt_12,opt_29,opt_12-opt_9-opt_27-opt_29,3,696.603
ip_12,ip_29,ip_12_ip_29_p9,opt_12,opt_29,opt_12-opt_9-opt_27-opt_3-opt_29,4,700.083
ip_12,ip_30,ip_12_ip_30_p0,opt_12,opt_30,opt_12-opt_16-opt_30,2,731.430
ip_12,ip_30,ip_12_ip_30_p1,opt_12,opt_30,opt_12-opt_13-opt_30,2,745.297
ip_12,ip_30,ip_12_ip_30_p2,opt_12,opt_30,opt_12-opt_16-opt_13-opt_30,3,751.889
ip_12,ip_30,ip_12_ip_30_p3,opt_12,opt_30,opt_12-opt_16-opt_4-opt_30,3,769.199
ip_12,ip_30,ip_12_ip_30_p4,opt_12,opt_30,opt_12-opt_16-opt_4-opt_13-opt_30,4,783.264
ip_12,ip_30,ip_12_ip_30_p5,opt_12,opt_30,opt_12-opt_2-opt_3-opt_16-opt_30,4,834.657
ip_12,ip_30,ip_12_ip_30_p6,opt_12,opt_30,opt_12-opt_2-opt_3-opt_4-opt_30,4,837.932
ip_12,ip_30,ip_12_ip_30_p7,opt_12,opt_30,opt_12-opt_2-opt_3-opt_4-opt_16-opt_30,5,840.299
ip_12,ip_30,ip_12_ip_30_p8,opt_12,opt_30,opt_12-opt_2-opt_3-opt_27-opt_16-opt_30,5,846.283
ip_12,ip_30,ip_12_ip_30_p9,opt_12,opt_30,opt_12-opt_2-opt_14-opt_30,3,847.203
ip_12,ip_31,ip_12_ip_31_p0,opt_12,opt_31,opt_12-opt_29-opt_31,2,474.027
ip_12,ip_31,ip_12_ip_31_p1,opt_12,opt_31,opt_12-opt_29-opt_15-opt_31,3,489.916
ip_12,ip_31,ip_12_ip_31_p2,opt_12,opt_31,opt_12-opt_2-opt_29-opt_31,3,496.259
ip_12,ip_31,ip_12_ip_31_p3,opt_12,opt_31,opt_12-opt_2-opt_29-opt_15-opt_31,4,512.148
ip_12,ip_31,ip_12_ip_31_p4,opt_12,opt_31,opt_12-opt_29-opt_6-opt_31,3,642.855
ip_12,ip_31,ip_12_ip_31_p5,opt_12,opt_31,opt_12-opt_23-opt_31,2,644.225
ip_12,ip_31,ip_12_ip_31_p6,opt_12,opt_31,opt_12-opt_29-opt_6-opt_15-opt_31,4,650.390
ip_12,ip_31,ip_12_ip_31_p7,opt_12,opt_31,opt_12-opt_2-opt_29-opt_6-opt_31,4,665.087
ip_12,ip_31,ip_12_ip_31_p8,opt_12,opt_31,opt_12-opt_2-opt_23-opt_31,3,670.675
ip_12,ip_31,ip_12_ip_31_p9,opt_12,opt_31,opt_12-opt_2-opt_29-opt_6-opt_15-opt_31,5,672.622
ip_13,ip_14,ip_13_ip_14_p0,opt_13,opt_14,opt_13-opt_14,1,116.585
ip_13,ip_14,ip_13_ip_14_p1,opt_13,opt_14,opt_13-opt_4-opt_14,2,189.330
ip_13,ip_14,ip_13_ip_14_p2,opt_13,opt_14,opt_13-opt_16-opt_14,2,190.840
ip_13,ip_14,ip_13_ip_14_p3,opt_13,opt_14,opt_13-opt_16-opt_4-opt_14,3,198.091
ip_13,ip_14,ip_13_ip_14_p4,opt_13,opt_14,opt_13-opt_4-opt_16-opt_14,3,222.215
ip_13,ip_14,ip_13_ip_14_p5,opt_13,opt_14,opt_13-opt_30-opt_14,2,298.866
ip_13,ip_14,ip_13_ip_14_p6,opt_13,opt_14,opt_13-opt_18-opt_14,2,306.536
ip_13,ip_14,ip_13_ip_14_p7,opt_13,opt_14,opt_13-opt_30-opt_16-opt_14,3,353.919
ip_13,ip_14,ip_13_ip_14_p8,opt_13,opt_14,opt_13-opt_30-opt_4-opt_14,3,358.803
ip_13,ip_14,ip_13_ip_14_p9,opt_13,opt_14,opt_13-opt_30-opt_16-opt_4-opt_14,4,361.170
ip_13,ip_15,ip_13_ip_15_p0,opt_13,opt_15,opt_13-opt_14-opt_6-opt_15,3,531.591
ip_13,ip_15,ip_13_ip_15_p1,opt_13,opt_15,opt_13-opt_14-opt_6-opt_31-opt_15,4,578.184
ip_13,ip_15,ip_13_ip_15_p2,opt_13,opt_15,opt_13-opt_16-opt_31-opt_15,3,590.367
ip_13,ip_15,ip_13_ip_15_p3,opt_13,opt_15,opt_13-opt_4-opt_14-opt_6-opt_15,4,604.336
ip_13,ip_15,ip_13_ip_15_p4,opt_13,opt_15,opt_13-opt_16-opt_14-opt_6-opt_15,4,605.846
ip_13,ip_15,ip_13_ip_15_p5,opt_13,opt_15,opt_13-opt_16-opt_4-opt_14-opt_6-opt_15,5,613.097
ip_13,ip_15,ip_13_ip_15_p6,opt_13,opt_15,opt_13-opt_4-opt_16-opt_31-opt_15,4,621.742
ip_13,ip_15,ip_13_ip_15_p7,opt_13,opt_15,opt_13-opt_4-opt_16-opt_14-opt_6-opt_15,5,637.221
ip_13,ip_15,ip_13_ip_15_p8,opt_13,opt_15,opt_13-opt_4-opt_14-opt_6-opt_31-opt_15,5,650.929
ip_13,ip_15,ip_13_ip_15_p9,opt_13,opt_15,opt_13-opt_16-opt_14-opt_6-opt_31-opt_15,5,652.439
ip_13,ip_16,ip_13_ip_16_p0,opt_13,opt_16,opt_13-opt_16,1,75.331
ip_13,ip_16,ip_13_ip_16_p1,opt_13,opt_16,opt_13-opt_4-opt_16,2,106.706
ip_13,ip_16,ip_13_ip_16_p2,opt_13,opt_16,opt_13-opt_14-opt_16,2,232.094
ip_13,ip_16,ip_13_ip_16_p3,opt_13,opt_16,opt_13-opt_30-opt_16,2,238.410
ip_13,ip_16,ip_13_ip_16_p4,opt_13,opt_16,opt_13-opt_14-opt_4-opt_16,3,239.345
ip_13,ip_16,ip_13_ip_16_p5,opt_13,opt_16,opt_13-opt_30-opt_4-opt_16,3,276.179
ip_13,ip_16,ip_13_ip_16_p6,opt_13,opt_16,opt_13-opt_4-opt_14-opt_16,3,304.839
ip_13,ip_16,ip_13_ip_16_p7,opt_13,opt_16,opt_13-opt_18-opt_16,2,358.616
ip_13,ip_16,ip_13_ip_16_p8,opt_13,opt_16,opt_13-opt_18-opt_4-opt_16,3,381.182
ip_13,ip_16,ip_13_ip_16_p9,opt_13,opt_16,opt_13-opt_4-opt_30-opt_16,3,397.621
ip_13,ip_17,ip_13_ip_17_p0,opt_13,opt_17,opt_13-opt_27-opt_9-opt_17,3,785.396
ip_13,ip_17,ip_13_ip_17_p1,opt_13,opt_17,opt_13-opt_4-opt_27-opt_9-opt_17,4,785.409
ip_13,ip_17,ip_13_ip_17_p2,opt_13,opt_17,opt_13-opt_16-opt_27-opt_9-opt_17,4,787.149
ip_13,ip_17,ip_13_ip_17_p3,opt_13,opt_17,opt_13-opt_16-opt_4-opt_27-opt_9-opt_17,5,794.170
ip_13,ip_17,ip_13_ip_17_p4,opt_13,opt_17,opt_13-opt_4-opt_3-opt_9-opt_17,4,794.490
ip_13,ip_17,ip_13_ip_17_p5,opt_13,opt_17,opt_13-opt_16-opt_3-opt_9-opt_17,4,797.609
ip_13,ip_17,ip_13_ip_17_p6,opt_13,opt_17,opt_13-opt_16-opt_4-opt_3-opt_9-opt_17,5,803.251
ip_13,ip_17,ip_13_ip_17_p7,opt_13,opt_17,opt_13-opt_27-opt_3-opt_9-opt_17,4,807.482
ip_13,ip_17,ip_13_ip_17_p8,opt_13,opt_17,opt_13-opt_4-opt_27-opt_3-opt_9-opt_17,5,807.495
ip_13,ip_17,ip_13_ip_17_p9,opt_13,opt_17,opt_13-opt_16-opt_27-opt_3-opt_9-opt_17,5,809.235
ip_13,ip_18,ip_13_ip_18_p0,opt_13,opt_18,opt_13-opt_18,1,146.412
ip_13,ip_18,ip_13_ip_18_p1,opt_13,opt_18,opt_13-opt_30-opt_18,2,268.957
ip_13,ip_18,ip_13_ip_18_p2,opt_13,opt_18,opt_13-opt_14-opt_18,2,276.709
ip_13,ip_18,ip_13_ip_18_p3,opt_13,opt_18,opt_13-opt_16-opt_18,2,287.535
ip_13,ip_18,ip_13_ip_18_p4,opt_13,opt_18,opt_13-opt_4-opt_18,2,301.340
ip_13,ip_18,ip_13_ip_18_p5,opt_13,opt_18,opt_13-opt_16-opt_4-opt_18,3,310.101
ip_13,ip_18,ip_13_ip_18_p6,opt_13,opt_18,opt_13-opt_4-opt_16-opt_18,3,318.910
ip_13,ip_18,ip_13_ip_18_p7,opt_13,opt_18,opt_13-opt_4-opt_14-opt_18,3,349.454
ip_13,ip_18,ip_13_ip_18_p8,opt_13,opt_18,opt_13-opt_16-opt_14-opt_18,3,350.964
ip_13,ip_18,ip_13_ip_18_p9,opt_13,opt_18,opt_13-opt_16-opt_4-opt_14-opt_18,4,358.215
ip_13,ip_19,ip_13_ip_19_p0,opt_13,opt_19,opt_13-opt_27-opt_9-opt_19,3,911.561
ip_13,ip_19,ip_13_ip_19_p1,opt_13,opt_19,opt_13-opt_4-opt_27-opt_9-opt_19,4,911.574
ip_13,ip_19,ip_13_ip_19_p2,opt_13,opt_19,opt_13-opt_16-opt_27-opt_9-opt_19,4,913.314
ip_13,ip_19,ip_13_ip_19_p3,opt_13,opt_19,opt_13-opt_27-opt_9-opt_17-opt_19,4,917.700
ip_13,ip_19,ip_13_ip_19_p4,opt_13,opt_19,opt_13-opt_4-opt_27-opt_9-opt_17-opt_19,5,917.713
ip_13,ip_19,ip_13_ip_19_p5,opt_13,opt_19,opt_13-opt_16-opt_27-opt_9-opt_17-opt_19,5,919.453
ip_13,ip_19,ip_13_ip_19_p6,opt_13,opt_19,opt_13-opt_16-opt_4-opt_27-opt_9-opt_19,5,920.335
ip_13,ip_19,ip_13_ip_19_p7,opt_13,opt_19,opt_13-opt_4-opt_3-opt_9-opt_19,4,920.655
ip_13,ip_19,ip_13_ip_19_p8,opt_13,opt_19,opt_13-opt_16-opt_3-opt_9-opt_19,4,923.774
ip_13,ip_19,ip_13_ip_19_p9,opt_13,opt_19,opt_13-opt_16-opt_4-opt_27-opt_9-opt_17-opt_19,6,926.474
ip_13,ip_20,ip_13_ip_20_p0,opt_13,opt_20,opt_13-opt_14-opt_7-opt_20,3,846.750
ip_13,ip_20,ip_13_ip_20_p1,opt_13,opt_20,opt_13-opt_27-opt_11-opt_20,3,849.529
ip_13,ip_20,ip_13_ip_20_p2,opt_13,opt_20,opt_13-opt_4-opt_27-opt_11-opt_20,4,849.542
ip_13,ip_20,ip_13_ip_20_p3,opt_13,opt_20,opt_13-opt_16-opt_27-opt_11-opt_20,4,851.282
ip_13,ip_20,ip_13_ip_20_p4,opt_13,opt_20,opt_13-opt_16-opt_4-opt_27-opt_11-opt_20,5,858.303
ip_13,ip_20,ip_13_ip_20_p5,opt_13,opt_20,opt_13-opt_4-opt_16-opt_27-opt_11-opt_20,5,882.657
ip_13,ip_20,ip_13_ip_20_p6,opt_13,opt_20,opt_13-opt_4-opt_3-opt_11-opt_20,4,897.975
ip_13,ip_20,ip_13_ip_20_p7,opt_13,opt_20,opt_13-opt_4-opt_3-opt_27-opt_11-opt_20,5,899.607
ip_13,ip_20,ip_13_ip_20_p8,opt_13,opt_20,opt_13-opt_16-opt_3-opt_11-opt_20,4,901.094
ip_13,ip_20,ip_13_ip_20_p9,opt_13,opt_20,opt_13-opt_16-opt_3-opt_27-opt_11-opt_20,5,902.726
ip_13,ip_21,ip_13_ip_21_p0,opt_13,opt_21,opt_13-opt_27-opt_9-opt_21,3,763.294
ip_13,ip_21,ip_13_ip_21_p1,opt_13,opt_21,opt_13-opt_4-opt_27-opt_9-opt_21,4,763.307
ip_13,ip_21,ip_13_ip_21_p2,opt_13,opt_21,opt_13-opt_16-opt_27-opt_9-opt_21,4,765.047
ip_13,ip_21,ip_13_ip_21_p3,opt_13,opt_21,opt_13-opt_16-opt_4-opt_27-opt_9-opt_21,5,772.068
ip_13,ip_21,ip_13_ip_21_p4,opt_13,opt_21,opt_13-opt_4-opt_3-opt_9-opt_21,4,772.388
ip_13,ip_21,ip_13_ip_21_p5,opt_13,opt_21,opt_13-opt_16-opt_3-opt_9-opt_21,4,775.507
ip_13,ip_21,ip_13_ip_21_p6,opt_13,opt_21,opt_13-opt_16-opt_4-opt_3-opt_9-opt_21,5,781.149
ip_13,ip_21,ip_13_ip_21_p7,opt_13,opt_21,opt_13-opt_27-opt_3-opt_9-opt_21,4,785.380
ip_13,ip_21,ip_13_ip_21_p8,opt_13,opt_21,opt_13-opt_4-opt_27-opt_3-opt_9-opt_21,5,785.393
ip_13,ip_21,ip_13_ip_21_p9,opt_13,opt_21,opt_13-opt_16-opt_27-opt_3-opt_9-opt_21,5,787.133
ip_13,ip_22,ip_13_ip_22_p0,opt_13,opt_22,opt_13-opt_14-opt_2-opt_22,3,892.488
ip_13,ip_22,ip_13_ip_22_p1,opt_13,opt_22,opt_13-opt_4-opt_3-opt_2-opt_22,4,896.025
ip_13,ip_22,ip_13_ip_22_p2,opt_13,opt_22,opt_13-opt_16-opt_3-opt_2-opt_22,4,899.144
ip_13,ip_22,ip_13_ip_22_p3,opt_13,opt_22,opt_13-opt_16-opt_4-opt_3-opt_2-opt_22,5,904.786
ip_13,ip_22,ip_13_ip_22_p4,opt_13,opt_22,opt_13-opt_27-opt_3-opt_2-opt_22,4,909.017
ip_13,ip_22,ip_13_ip_22_p5,opt_13,opt_22,opt_13-opt_4-opt_27-opt_3-opt_2-opt_22,5,909.030
ip_13,ip_22,ip_13_ip_22_p6,opt_13,opt_22,opt_13-opt_16-opt_27-opt_3-opt_2-opt_22,5,910.770
ip_13,ip_22,ip_13_ip_22_p7,opt_13,opt_22,opt_13-opt_12-opt_22,2,915.041
ip_13,ip_22,ip_13_ip_22_p8,opt_13,opt_22,opt_13-opt_16-opt_4-opt_27-opt_3-opt_2-opt_22,6,917.791
ip_13,ip_22,ip_13_ip_22_p9,opt_13,opt_22,opt_13-opt_16-opt_12-opt_22,3,921.633
ip_13,ip_23,ip_13_ip_23_p0,opt_13,opt_23,opt_13-opt_4-opt_23,2,788.689
ip_13,ip_23,ip_13_ip_23_p1,opt_13,opt_23,opt_13-opt_16-opt_4-opt_23,3,797.450
ip_13,ip_23,ip_13_ip_23_p2,opt_13,opt_23,opt_13-opt_27-opt_23,2,869.310
ip_13,ip_23,ip_13_ip_23_p3,opt_13,opt_23,opt_13-opt_4-opt_27-opt_23,3,869.323
ip_13,ip_23,ip_13_ip_23_p4,opt_13,opt_23,opt_13-opt_16-opt_27-opt_23,3,871.063
ip_13,ip_23,ip_13_ip_23_p5,opt_13,opt_23,opt_13-opt_14-opt_2-opt_23,3,876.770
ip_13,ip_23,ip_13_ip_23_p6,opt_13,opt_23,opt_13-opt_16-opt_4-opt_27-opt_23,4,878.084
ip_13,ip_23,ip_13_ip_23_p7,opt_13,opt_23,opt_13-opt_4-opt_3-opt_2-opt_23,4,880.307
ip_13,ip_23,ip_13_ip_23_p8,opt_13,opt_23,opt_13-opt_16-opt_3-opt_2-opt_23,4,883.426
ip_13,ip_23,ip_13_ip_23_p9,opt_13,opt_23,opt_13-opt_14-opt_6-opt_31-opt_23,4,884.826
ip_13,ip_24,ip_13_ip_24_p0,opt_13,opt_24,opt_13-opt_14-opt_7-opt_24,3,822.052
ip_13,ip_24,ip_13_ip_24_p1,opt_13,opt_24,opt_13-opt_27-opt_11-opt_24,3,885.060
ip_13,ip_24,ip_13_ip_24_p2,opt_13,opt_24,opt_13-opt_4-opt_27-opt_11-opt_24,4,885.073
ip_13,ip_24,ip_13_ip_24_p3,opt_13,opt_24,opt_13-opt_16-opt_27-opt_11-opt_24,4,886.813
ip_13,ip_24,ip_13_ip_24_p4,opt_13,opt_24,opt_13-opt_14-opt_7-opt_25-opt_24,4,890.084
ip_13,ip_24,ip_13_ip_24_p5,opt_13,opt_24,opt_13-opt_16-opt_4-opt_27-opt_11-opt_24,5,893.834
ip_13,ip_24,ip_13_ip_24_p6,opt_13,opt_24,opt_13-opt_4-opt_14-opt_7-opt_24,4,894.797
ip_13,ip_24,ip_13_ip_24_p7,opt_13,opt_24,opt_13-opt_16-opt_14-opt_7-opt_24,4,896.307
ip_13,ip_24,ip_13_ip_24_p8,opt_13,opt_24,opt_13-opt_27-opt_7-opt_24,3,901.612
ip_13,ip_24,ip_13_ip_24_p9,opt_13,opt_24,opt_13-opt_4-opt_27-opt_7-opt_24,4,901.625
ip_13,ip_25,ip_13_ip_25_p0,opt_13,opt_25,opt_13-opt_14-opt_7-opt_25,3,789.962
ip_13,ip_25,ip_13_ip_25_p1,opt_13,opt_25,opt_13-opt_4-opt_14-opt_7-opt_25,4,862.707
ip_13,ip_25,ip_13_ip_25_p2,opt_13,opt_25,opt_13-opt_16-opt_14-opt_7-opt_25,4,864.217
ip_13,ip_25,ip_13_ip_25_p3,opt_13,opt_25,opt_13-opt_27-opt_7-opt_25,3,869.522
ip_13,ip_25,ip_13_ip_25_p4,opt_13,opt_25,opt_13-opt_4-opt_27-opt_7-opt_25,4,869.535
ip_13,ip_25,ip_13_ip_25_p5,opt_13,opt_25,opt_13-opt_27-opt_11-opt_25,3,870.832
ip_13,ip_25,ip_13_ip_25_p6,opt_13,opt_25,opt_13-opt_4-opt_27-opt_11-opt_25,4,870.845
ip_13,ip_25,ip_13_ip_25_p7,opt_13,opt_25,opt_13-opt_16-opt_27-opt_7-opt_25,4,871.275
ip_13,ip_25,ip_13_ip_25_p8,opt_13,opt_25,opt_13-opt_16-opt_4-opt_14-opt_7-opt_25,5,871.468
ip_13,ip_25,ip_13_ip_25_p9,opt_13,opt_25,opt_13-opt_16-opt_27-opt_11-opt_25,4,872.585
ip_13,ip_26,ip_13_ip_26_p0,opt_13,opt_26,opt_13-opt_27-opt_9-opt_26,3,844.335
ip_13,ip_26,ip_13_ip_26_p1,opt_13,opt_26,opt_13-opt_4-opt_27-opt_9-opt_26,4,844.348
ip_13,ip_26,ip_13_ip_26_p2,opt_13,opt_26,opt_13-opt_16-opt_27-opt_9-opt_26,4,846.088
ip_13,ip_26,ip_13_ip_26_p3,opt_13,opt_26,opt_13-opt_16-opt_4-opt_27-opt_9-opt_26,5,853.109
ip_13,ip_26,ip_13_ip_26_p4,opt_13,opt_26,opt_13-opt_4-opt_3-opt_9-opt_26,4,853.429
ip_13,ip_26,ip_13_ip_26_p5,opt_13,opt_26,opt_13-opt_16-opt_3-opt_9-opt_26,4,856.548
ip_13,ip_26,ip_13_ip_26_p6,opt_13,opt_26,opt_13-opt_27-opt_9-opt_21-opt_26,4,860.101
ip_13,ip_26,ip_13_ip_26_p7,opt_13,opt_26,opt_13-opt_4-opt_27-opt_9-opt_21-opt_26,5,860.114
ip_13,ip_26,ip_13_ip_26_p8,opt_13,opt_26,opt_13-opt_16-opt_27-opt_9-opt_21-opt_26,5,861.854
ip_13,ip_26,ip_13_ip_26_p9,opt_13,opt_26,opt_13-opt_16-opt_4-opt_3-opt_9-opt_26,5,862.190
ip_13,ip_27,ip_13_ip_27_p0,opt_13,opt_27,opt_13-opt_27,1,335.496
ip_13,ip_27,ip_13_ip_27_p1,opt_13,opt_27,opt_13-opt_4-opt_27,2,335.509
ip_13,ip_27,ip_13_ip_27_p2,opt_13,opt_27,opt_13-opt_16-opt_27,2,337.249
ip_13,ip_27,ip_13_ip_27_p3,opt_13,opt_27,opt_13-opt_16-opt_4-opt_27,3,344.270
ip_13,ip_27,ip_13_ip_27_p4,opt_13,opt_27,opt_13-opt_4-opt_16-opt_27,3,368.624
ip_13,ip_27,ip_13_ip_27_p5,opt_13,opt_27,opt_13-opt_4-opt_3-opt_27,3,385.574
ip_13,ip_27,ip_13_ip_27_p6,opt_13,opt_27,opt_13-opt_16-opt_3-opt_27,3,388.693
ip_13,ip_27,ip_13_ip_27_p7,opt_13,opt_27,opt_13-opt_16-opt_4-opt_3-opt_27,4,394.335
ip_13,ip_27,ip_13_ip_27_p8,opt_13,opt_27,opt_13-opt_4-opt_16-opt_3-opt_27,4,420.068
ip_13,ip_27,ip_13_ip_27_p9,opt_13,opt_27,opt_13-opt_14-opt_3-opt_27,3,450.756
ip_13,ip_28,ip_13_ip_28_p0,opt_13,opt_28,opt_13-opt_27-opt_11-opt_28,3,785.640
ip_13,ip_28,ip_13_ip_28_p1,opt_13,opt_28,opt_13-opt_4-opt_27-opt_11-opt_28,4,785.653
ip_13,ip_28,ip_13_ip_28_p2,opt_13,opt_28,opt_13-opt_16-opt_27-opt_11-opt_28,4,787.393
ip_13,ip_28,ip_13_ip_28_p3,opt_13,opt_28,opt_13-opt_16-opt_4-opt_27-opt_11-opt_28,5,794.414
ip_13,ip_28,ip_13_ip_28_p4,opt_13,opt_28,opt_13-opt_4-opt_16-opt_27-opt_11-opt_28,5,818.768
ip_13,ip_28,ip_13_ip_28_p5,opt_13,opt_28,opt_13-opt_4-opt_3-opt_11-opt_28,4,834.086
ip_13,ip_28,ip_13_ip_28_p6,opt_13,opt_28,opt_13-opt_4-opt_3-opt_27-opt_11-opt_28,5,835.718
ip_13,ip_28,ip_13_ip_28_p7,opt_13,opt_28,opt_13-opt_16-opt_3-opt_11-opt_28,4,837.205
ip_13,ip_28,ip_13_ip_28_p8,opt_13,opt_28,opt_13-opt_16-opt_3-opt_27-opt_11-opt_28,5,838.837
ip_13,ip_28,ip_13_ip_28_p9,opt_13,opt_28,opt_13-opt_16-opt_4-opt_3-opt_11-opt_28,5,842.847
ip_13,ip_29,ip_13_ip_29_p0,opt_13,opt_29,opt_13-opt_4-opt_3-opt_29,3,583.525
ip_13,ip_29,ip_13_ip_29_p1,opt_13,opt_29,opt_13-opt_16-opt_3-opt_29,3,586.644
ip_13,ip_29,ip_13_ip_29_p2,opt_13,opt_29,opt_13-opt_16-opt_4-opt_3-opt_29,4,592.286
ip_13,ip_29,ip_13_ip_29_p3,opt_13,opt_29,opt_13-opt_27-opt_29,2,593.037
ip_13,ip_29,ip_13_ip_29_p4,opt_13,opt_29,opt_13-opt_4-opt_27-opt_29,3,593.050
ip_13,ip_29,ip_13_ip_29_p5,opt_13,opt_29,opt_13-opt_16-opt_27-opt_29,3,594.790
ip_13,ip_29,ip_13_ip_29_p6,opt_13,opt_29,opt_13-opt_27-opt_3-opt_29,3,596.517
ip_13,ip_29,ip_13_ip_29_p7,opt_13,opt_29,opt_13-opt_4-opt_27-opt_3-opt_29,4,596.530
ip_13,ip_29,ip_13_ip_29_p8,opt_13,opt_29,opt_13-opt_16-opt_27-opt_3-opt_29,4,598.270
ip_13,ip_29,ip_13_ip_29_p9,opt_13,opt_29,opt_13-opt_16-opt_4-opt_27-opt_29,4,601.811
ip_13,ip_30,ip_13_ip_30_p0,opt_13,opt_30,opt_13-opt_30,1,91.769
ip_13,ip_30,ip_13_ip_30_p1,opt_13,opt_30,opt_13-opt_16-opt_30,2,221.972
ip_13,ip_30,ip_13_ip_30_p2,opt_13,opt_30,opt_13-opt_4-opt_30,2,250.980
ip_13,ip_30,ip_13_ip_30_p3,opt_13,opt_30,opt_13-opt_4-opt_16-opt_30,3,253.347
ip_13,ip_30,ip_13_ip_30_p4,opt_13,opt_30,opt_13-opt_16-opt_4-opt_30,3,259.741
ip_13,ip_30,ip_13_ip_30_p5,opt_13,opt_30,opt_13-opt_18-opt_30,2,323.600
ip_13,ip_30,ip_13_ip_30_p6,opt_13,opt_30,opt_13-opt_14-opt_30,2,323.682
ip_13,ip_30,ip_13_ip_30_p7,opt_13,opt_30,opt_13-opt_14-opt_16-opt_30,3,378.735
ip_13,ip_30,ip_13_ip_30_p8,opt_13,opt_30,opt_13-opt_14-opt_4-opt_30,3,383.619
ip_13,ip_30,ip_13_ip_30_p9,opt_13,opt_30,opt_13-opt_14-opt_4-opt_16-opt_30,4,385.986
ip_13,ip_31,ip_13_ip_31_p0,opt_13,opt_31,opt_13-opt_14-opt_6-opt_31,3,551.120
ip_13,ip_31,ip_13_ip_31_p1,opt_13,opt_31,opt_13-opt_14-opt_6-opt_15-opt_31,4,558.655
ip_13,ip_31,ip_13_ip_31_p2,opt_13,opt_31,opt_13-opt_16-opt_31,2,563.303
ip_13,ip_31,ip_13_ip_31_p3,opt_13,opt_31,opt_13-opt_4-opt_16-opt_31,3,594.678
ip_13,ip_31,ip_13_ip_31_p4,opt_13,opt_31,opt_13-opt_4-opt_14-opt_6-opt_31,4,623.865
ip_13,ip_31,ip_13_ip_31_p5,opt_13,opt_31,opt_13-opt_16-opt_14-opt_6-opt_31,4,625.375
ip_13,ip_31,ip_13_ip_31_p6,opt_13,opt_31,opt_13-opt_4-opt_14-opt_6-opt_15-opt_31,5,631.400
ip_13,ip_31,ip_13_ip_31_p7,opt_13,opt_31,opt_13-opt_16-opt_4-opt_14-opt_6-opt_31,5,632.626
ip_13,ip_31,ip_13_ip_31_p8,opt_13,opt_31,opt_13-opt_16-opt_14-opt_6-opt_15-opt_31,5,632.910
ip_13,ip_31,ip_13_ip_31_p9,opt_13,opt_31,opt_13-opt_16-opt_4-opt_14-opt_6-opt_15-opt_31,6,640.161
ip_14,ip_15,ip_14_ip_15_p0,opt_14,opt_15,opt_14-opt_6-opt_15,2,415.006
ip_14,ip_15,ip_14_ip_15_p1,opt_14,opt_15,opt_14-opt_6-opt_31-opt_15,3,461.599
ip_14,ip_15,ip_14_ip_15_p2,opt_14,opt_15,opt_14-opt_16-opt_31-opt_15,3,630.545
ip_14,ip_15,ip_14_ip_15_p3,opt_14,opt_15,opt_14-opt_4-opt_16-opt_31-opt_15,4,637.796
ip_14,ip_15,ip_14_ip_15_p4,opt_14,opt_15,opt_14-opt_8-opt_6-opt_15,3,649.824
ip_14,ip_15,ip_14_ip_15_p5,opt_14,opt_15,opt_14-opt_0-opt_8-opt_6-opt_15,4,689.529
ip_14,ip_15,ip_14_ip_15_p6,opt_14,opt_15,opt_14-opt_8-opt_6-opt_31-opt_15,4,696.417
ip_14,ip_15,ip_14_ip_15_p7,opt_14,opt_15,opt_14-opt_3-opt_29-opt_15,3,700.165
ip_14,ip_15,ip_14_ip_15_p8,opt_14,opt_15,opt_14-opt_13-opt_16-opt_31-opt_15,4,706.952
ip_14,ip_15,ip_14_ip_15_p9,opt_14,opt_15,opt_14-opt_6-opt_29-opt_15,3,717.006
ip_14,ip_16,ip_14_ip_16_p0,opt_14,opt_16,opt_14-opt_16,1,115.509
ip_14,ip_16,ip_14_ip_16_p1,opt_14,opt_16,opt_14-opt_4-opt_16,2,122.760
ip_14,ip_16,ip_14_ip_16_p2,opt_14,opt_16,opt_14-opt_13-opt_16,2,191.916
ip_14,ip_16,ip_14_ip_16_p3,opt_14,opt_16,opt_14-opt_13-opt_4-opt_16,3,223.291
ip_14,ip_16,ip_14_ip_16_p4,opt_14,opt_16,opt_14-opt_4-opt_13-opt_16,3,264.661
ip_14,ip_16,ip_14_ip_16_p5,opt_14,opt_16,opt_14-opt_30-opt_16,2,353.738
ip_14,ip_16,ip_14_ip_16_p6,opt_14,opt_16,opt_14-opt_13-opt_30-opt_16,3,354.995
ip_14,ip_16,ip_14_ip_16_p7,opt_14,opt_16,opt_14-opt_18-opt_16,2,372.328
ip_14,ip_16,ip_14_ip_16_p8,opt_14,opt_16,opt_14-opt_30-opt_13-opt_16,3,374.197
ip_14,ip_16,ip_14_ip_16_p9,opt_14,opt_16,opt_14-opt_18-opt_13-opt_16,3,381.867
ip_14,ip_17,ip_14_ip_17_p0,opt_14,opt_17,opt_14-opt_3-opt_9-opt_17,3,743.087
ip_14,ip_17,ip_14_ip_17_p1,opt_14,opt_17,opt_14-opt_3-opt_27-opt_9-opt_17,4,784.071
ip_14,ip_17,ip_14_ip_17_p2,opt_14,opt_17,opt_14-opt_4-opt_27-opt_9-opt_17,4,801.463
ip_14,ip_17,ip_14_ip_17_p3,opt_14,opt_17,opt_14-opt_4-opt_3-opt_9-opt_17,4,810.544
ip_14,ip_17,ip_14_ip_17_p4,opt_14,opt_17,opt_14-opt_4-opt_27-opt_3-opt_9-opt_17,5,823.549
ip_14,ip_17,ip_14_ip_17_p5,opt_14,opt_17,opt_14-opt_16-opt_27-opt_9-opt_17,4,827.327
ip_14,ip_17,ip_14_ip_17_p6,opt_14,opt_17,opt_14-opt_16-opt_4-opt_27-opt_9-opt_17,5,834.348
ip_14,ip_17,ip_14_ip_17_p7,opt_14,opt_17,opt_14-opt_4-opt_16-opt_27-opt_9-opt_17,5,834.578
ip_14,ip_17,ip_14_ip_17_p8,opt_14,opt_17,opt_14-opt_16-opt_3-opt_9-opt_17,4,837.787
ip_14,ip_17,ip_14_ip_17_p9,opt_14,opt_17,opt_14-opt_3-opt_11-opt_17,3,839.220
ip_14,ip_18,ip_14_ip_18_p0,opt_14,opt_18,opt_14-opt_18,1,160.124
ip_14,ip_18,ip_14_ip_18_p1,opt_14,opt_18,opt_14-opt_13-opt_18,2,262.997
ip_14,ip_18,ip_14_ip_18_p2,opt_14,opt_18,opt_14-opt_4-opt_18,2,317.394
ip_14,ip_18,ip_14_ip_18_p3,opt_14,opt_18,opt_14-opt_16-opt_18,2,327.713
ip_14,ip_18,ip_14_ip_18_p4,opt_14,opt_18,opt_14-opt_4-opt_16-opt_18,3,334.964
ip_14,ip_18,ip_14_ip_18_p5,opt_14,opt_18,opt_14-opt_4-opt_13-opt_18,3,335.742
ip_14,ip_18,ip_14_ip_18_p6,opt_14,opt_18,opt_14-opt_16-opt_13-opt_18,3,337.252
ip_14,ip_18,ip_14_ip_18_p7,opt_14,opt_18,opt_14-opt_4-opt_16-opt_13-opt_18,4,344.503
ip_14,ip_18,ip_14_ip_18_p8,opt_14,opt_18,opt_14-opt_0-opt_18,2,345.554
ip_14,ip_18,ip_14_ip_18_p9,opt_14,opt_18,opt_14-opt_16-opt_4-opt_18,3,350.279
ip_14,ip_19,ip_14_ip_19_p0,opt_14,opt_19,opt_14-opt_3-opt_9-opt_19,3,869.252
ip_14,ip_19,ip_14_ip_19_p1,opt_14,opt_19,opt_14-opt_3-opt_9-opt_17-opt_19,4,875.391
ip_14,ip_19,ip_14_ip_19_p2,opt_14,opt_19,opt_14-opt_7-opt_19,2,884.948
ip_14,ip_19,ip_14_ip_19_p3,opt_14,opt_19,opt_14-opt_7-opt_10-opt_19,3,893.922
ip_14,ip_19,ip_14_ip_19_p4,opt_14,opt_19,opt_14-opt_7-opt_20-opt_19,3,900.166
ip_14,ip_19,ip_14_ip_19_p5,opt_14,opt_19,opt_14-opt_7-opt_20-opt_10-opt_19,4,900.956
ip_14,ip_19,ip_14_ip_19_p6,opt_14,opt_19,opt_14-opt_3-opt_27-opt_9-opt_19,4,910.236
ip_14,ip_19,ip_14_ip_19_p7,opt_14,opt_19,opt_14-opt_3-opt_27-opt_9-opt_17-opt_19,5,916.375
ip_14,ip_19,ip_14_ip_19_p8,opt_14,opt_19,opt_14-opt_4-opt_27-opt_9-opt_19,4,927.628
ip_14,ip_19,ip_14_ip_19_p9,opt_14,opt_19,opt_14-opt_4-opt_27-opt_9-opt_17-opt_19,5,933.767
ip_14,ip_20,ip_14_ip_20_p0,opt_14,opt_20,opt_14-opt_7-opt_20,2,730.165
ip_14,ip_20,ip_14_ip_20_p1,opt_14,opt_20,opt_14-opt_7-opt_24-opt_20,3,792.873
ip_14,ip_20,ip_14_ip_20_p2,opt_14,opt_20,opt_14-opt_7-opt_25-opt_20,3,843.791
ip_14,ip_20,ip_14_ip_20_p3,opt_14,opt_20,opt_14-opt_3-opt_11-opt_20,3,846.572
ip_14,ip_20,ip_14_ip_20_p4,opt_14,opt_20,opt_14-opt_3-opt_27-opt_11-opt_20,4,848.204
ip_14,ip_20,ip_14_ip_20_p5,opt_14,opt_20,opt_14-opt_7-opt_25-opt_24-opt_20,4,860.905
ip_14,ip_20,ip_14_ip_20_p6,opt_14,opt_20,opt_14-opt_4-opt_27-opt_11-opt_20,4,865.596
ip_14,ip_20,ip_14_ip_20_p7,opt_14,opt_20,opt_14-opt_7-opt_10-opt_20,3,881.485
ip_14,ip_20,ip_14_ip_20_p8,opt_14,opt_20,opt_14-opt_16-opt_27-opt_11-opt_20,4,891.460
ip_14,ip_20,ip_14_ip_20_p9,opt_14,opt_20,opt_14-opt_16-opt_4-opt_27-opt_11-opt_20,5,898.481
ip_14,ip_21,ip_14_ip_21_p0,opt_14,opt_21,opt_14-opt_3-opt_9-opt_21,3,720.985
ip_14,ip_21,ip_14_ip_21_p1,opt_14,opt_21,opt_14-opt_3-opt_27-opt_9-opt_21,4,761.969
ip_14,ip_21,ip_14_ip_21_p2,opt_14,opt_21,opt_14-opt_4-opt_27-opt_9-opt_21,4,779.361
ip_14,ip_21,ip_14_ip_21_p3,opt_14,opt_21,opt_14-opt_4-opt_3-opt_9-opt_21,4,788.442
ip_14,ip_21,ip_14_ip_21_p4,opt_14,opt_21,opt_14-opt_4-opt_27-opt_3-opt_9-opt_21,5,801.447
ip_14,ip_21,ip_14_ip_21_p5,opt_14,opt_21,opt_14-opt_16-opt_27-opt_9-opt_21,4,805.225
ip_14,ip_21,ip_14_ip_21_p6,opt_14,opt_21,opt_14-opt_16-opt_4-opt_27-opt_9-opt_21,5,812.246
ip_14,ip_21,ip_14_ip_21_p7,opt_14,opt_21,opt_14-opt_4-opt_16-opt_27-opt_9-opt_21,5,812.476
ip_14,ip_21,ip_14_ip_21_p8,opt_14,opt_21,opt_14-opt_16-opt_3-opt_9-opt_21,4,815.685
ip_14,ip_21,ip_14_ip_21_p9,opt_14,opt_21,opt_14-opt_16-opt_4-opt_3-opt_9-opt_21,5,821.327
ip_14,ip_22,ip_14_ip_22_p0,opt_14,opt_22,opt_14-opt_2-opt_22,2,775.903
ip_14,ip_22,ip_14_ip_22_p1,opt_14,opt_22,opt_14-opt_3-opt_2-opt_22,3,844.622
ip_14,ip_22,ip_14_ip_22_p2,opt_14,opt_22,opt_14-opt_2-opt_12-opt_22,3,901.619
ip_14,ip_22,ip_14_ip_22_p3,opt_14,opt_22,opt_14-opt_4-opt_3-opt_2-opt_22,4,912.079
ip_14,ip_22,ip_14_ip_22_p4,opt_14,opt_22,opt_14-opt_4-opt_27-opt_3-opt_2-opt_22,5,925.084
ip_14,ip_22,ip_14_ip_22_p5,opt_14,opt_22,opt_14-opt_2-opt_23-opt_22,3,938.467
ip_14,ip_22,ip_14_ip_22_p6,opt_14,opt_22,opt_14-opt_16-opt_3-opt_2-opt_22,4,939.322
ip_14,ip_22,ip_14_ip_22_p7,opt_14,opt_22,opt_14-opt_16-opt_4-opt_3-opt_2-opt_22,5,944.964
ip_14,ip_22,ip_14_ip_22_p8,opt_14,opt_22,opt_14-opt_6-opt_31-opt_23-opt_22,4,946.523
ip_14,ip_22,ip_14_ip_22_p9,opt_14,opt_22,opt_14-opt_4-opt_16-opt_3-opt_2-opt_22,5,946.573
ip_14,ip_23,ip_14_ip_23_p0,opt_14,opt_23,opt_14-opt_2-opt_23,2,760.185
ip_14,ip_23,ip_14_ip_23_p1,opt_14,opt_23,opt_14-opt_6-opt_31-opt_23,3,768.241
ip_14,ip_23,ip_14_ip_23_p2,opt_14,opt_23,opt_14-opt_6-opt_15-opt_31-opt_23,4,775.776
ip_14,ip_23,ip_14_ip_23_p3,opt_14,opt_23,opt_14-opt_4-opt_23,2,804.743
ip_14,ip_23,ip_14_ip_23_p4,opt_14,opt_23,opt_14-opt_3-opt_2-opt_23,3,828.904
ip_14,ip_23,ip_14_ip_23_p5,opt_14,opt_23,opt_14-opt_16-opt_4-opt_23,3,837.628
ip_14,ip_23,ip_14_ip_23_p6,opt_14,opt_23,opt_14-opt_3-opt_29-opt_23,3,854.030
ip_14,ip_23,ip_14_ip_23_p7,opt_14,opt_23,opt_14-opt_3-opt_27-opt_23,3,867.985
ip_14,ip_23,ip_14_ip_23_p8,opt_14,opt_23,opt_14-opt_6-opt_29-opt_23,3,870.871
ip_14,ip_23,ip_14_ip_23_p9,opt_14,opt_23,opt_14-opt_4-opt_27-opt_23,3,885.377
ip_14,ip_24,ip_14_ip_24_p0,opt_14,opt_24,opt_14-opt_7-opt_24,2,705.467
ip_14,ip_24,ip_14_ip_24_p1,opt_14,opt_24,opt_14-opt_7-opt_25-opt_24,3,773.499
ip_14,ip_24,ip_14_ip_24_p2,opt_14,opt_24,opt_14-opt_7-opt_20-opt_24,3,817.571
ip_14,ip_24,ip_14_ip_24_p3,opt_14,opt_24,opt_14-opt_3-opt_11-opt_24,3,882.103
ip_14,ip_24,ip_14_ip_24_p4,opt_14,opt_24,opt_14-opt_3-opt_27-opt_11-opt_24,4,883.735
ip_14,ip_24,ip_14_ip_24_p5,opt_14,opt_24,opt_14-opt_3-opt_27-opt_7-opt_24,4,900.287
ip_14,ip_24,ip_14_ip_24_p6,opt_14,opt_24,opt_14-opt_4-opt_27-opt_11-opt_24,4,901.127
ip_14,ip_24,ip_14_ip_24_p7,opt_14,opt_24,opt_14-opt_3-opt_11-opt_7-opt_24,4,902.243
ip_14,ip_24,ip_14_ip_24_p8,opt_14,opt_24,opt_14-opt_3-opt_27-opt_11-opt_7-opt_24,5,903.875
ip_14,ip_24,ip_14_ip_24_p9,opt_14,opt_24,opt_14-opt_4-opt_27-opt_7-opt_24,4,917.679
ip_14,ip_25,ip_14_ip_25_p0,opt_14,opt_25,opt_14-opt_7-opt_25,2,673.377
ip_14,ip_25,ip_14_ip_25_p1,opt_14,opt_25,opt_14-opt_7-opt_24-opt_25,3,805.589
ip_14,ip_25,ip_14_ip_25_p2,opt_14,opt_25,opt_14-opt_3-opt_11-opt_25,3,867.875
ip_14,ip_25,ip_14_ip_25_p3,opt_14,opt_25,opt_14-opt_3-opt_27-opt_7-opt_25,4,868.197
ip_14,ip_25,ip_14_ip_25_p4,opt_14,opt_25,opt_14-opt_3-opt_27-opt_11-opt_25,4,869.507
ip_14,ip_25,ip_14_ip_25_p5,opt_14,opt_25,opt_14-opt_3-opt_11-opt_7-opt_25,4,870.153
ip_14,ip_25,ip_14_ip_25_p6,opt_14,opt_25,opt_14-opt_3-opt_27-opt_11-opt_7-opt_25,5,871.785
ip_14,ip_25,ip_14_ip_25_p7,opt_14,opt_25,opt_14-opt_4-opt_27-opt_7-opt_25,4,885.589
ip_14,ip_25,ip_14_ip_25_p8,opt_14,opt_25,opt_14-opt_4-opt_27-opt_11-opt_25,4,886.899
ip_14,ip_25,ip_14_ip_25_p9,opt_14,opt_25,opt_14-opt_4-opt_27-opt_11-opt_7-opt_25,5,889.177
ip_14,ip_26,ip_14_ip_26_p0,opt_14,opt_26,opt_14-opt_3-opt_9-opt_26,3,802.026
ip_14,ip_26,ip_14_ip_26_p1,opt_14,opt_26,opt_14-opt_3-opt_9-opt_21-opt_26,4,817.792
ip_14,ip_26,ip_14_ip_26_p2,opt_14,opt_26,opt_14-opt_3-opt_27-opt_9-opt_26,4,843.010
ip_14,ip_26,ip_14_ip_26_p3,opt_14,opt_26,opt_14-opt_3-opt_27-opt_9-opt_21-opt_26,5,858.776
ip_14,ip_26,ip_14_ip_26_p4,opt_14,opt_26,opt_14-opt_4-opt_27-opt_9-opt_26,4,860.402
ip_14,ip_26,ip_14_ip_26_p5,opt_14,opt_26,opt_14-opt_2-opt_12-opt_26,3,863.404
ip_14,ip_26,ip_14_ip_26_p6,opt_14,opt_26,opt_14-opt_4-opt_3-opt_9-opt_26,4,869.483
ip_14,ip_26,ip_14_ip_26_p7,opt_14,opt_26,opt_14-opt_4-opt_27-opt_9-opt_21-opt_26,5,876.168
ip_14,ip_26,ip_14_ip_26_p8,opt_14,opt_26,opt_14-opt_4-opt_27-opt_3-opt_9-opt_26,5,882.488
ip_14,ip_26,ip_14_ip_26_p9,opt_14,opt_26,opt_14-opt_4-opt_3-opt_9-opt_21-opt_26,5,885.249
ip_14,ip_27,ip_14_ip_27_p0,opt_14,opt_27,opt_14-opt_3-opt_27,2,334.171
ip_14,ip_27,ip_14_ip_27_p1,opt_14,opt_27,opt_14-opt_4-opt_27,2,351.563
ip_14,ip_27,ip_14_ip_27_p2,opt_14,opt_27,opt_14-opt_16-opt_27,2,377.427
ip_14,ip_27,ip_14_ip_27_p3,opt_14,opt_27,opt_14-opt_16-opt_4-opt_27,3,384.448
ip_14,ip_27,ip_14_ip_27_p4,opt_14,opt_27,opt_14-opt_4-opt_16-opt_27,3,384.678
ip_14,ip_27,ip_14_ip_27_p5,opt_14,opt_27,opt_14-opt_4-opt_3-opt_27,3,401.628
ip_14,ip_27,ip_14_ip_27_p6,opt_14,opt_27,opt_14-opt_16-opt_3-opt_27,3,428.871
ip_14,ip_27,ip_14_ip_27_p7,opt_14,opt_27,opt_14-opt_16-opt_4-opt_3-opt_27,4,434.513
ip_14,ip_27,ip_14_ip_27_p8,opt_14,opt_27,opt_14-opt_4-opt_16-opt_3-opt_27,4,436.122
ip_14,ip_27,ip_14_ip_27_p9,opt_14,opt_27,opt_14-opt_13-opt_27,2,452.081
ip_14,ip_28,ip_14_ip_28_p0,opt_14,opt_28,opt_14-opt_7-opt_28,2,767.730
ip_14,ip_28,ip_14_ip_28_p1,opt_14,opt_28,opt_14-opt_3-opt_11-opt_28,3,782.683
ip_14,ip_28,ip_14_ip_28_p2,opt_14,opt_28,opt_14-opt_3-opt_27-opt_11-opt_28,4,784.315
ip_14,ip_28,ip_14_ip_28_p3,opt_14,opt_28,opt_14-opt_4-opt_27-opt_11-opt_28,4,801.707
ip_14,ip_28,ip_14_ip_28_p4,opt_14,opt_28,opt_14-opt_16-opt_27-opt_11-opt_28,4,827.571
ip_14,ip_28,ip_14_ip_28_p5,opt_14,opt_28,opt_14-opt_16-opt_4-opt_27-opt_11-opt_28,5,834.592
ip_14,ip_28,ip_14_ip_28_p6,opt_14,opt_28,opt_14-opt_4-opt_16-opt_27-opt_11-opt_28,5,834.822
ip_14,ip_28,ip_14_ip_28_p7,opt_14,opt_28,opt_14-opt_4-opt_3-opt_11-opt_28,4,850.140
ip_14,ip_28,ip_14_ip_28_p8,opt_14,opt_28,opt_14-opt_4-opt_3-opt_27-opt_11-opt_28,5,851.772
ip_14,ip_28,ip_14_ip_28_p9,opt_14,opt_28,opt_14-opt_4-opt_27-opt_3-opt_11-opt_28,5,863.145
ip_14,ip_29,ip_14_ip_29_p0,opt_14,opt_29,opt_14-opt_3-opt_29,2,532.122
ip_14,ip_29,ip_14_ip_29_p1,opt_14,opt_29,opt_14-opt_6-opt_29,2,548.963
ip_14,ip_29,ip_14_ip_29_p2,opt_14,opt_29,opt_14-opt_6-opt_15-opt_29,3,583.049
ip_14,ip_29,ip_14_ip_29_p3,opt_14,opt_29,opt_14-opt_3-opt_27-opt_29,3,591.712
ip_14,ip_29,ip_14_ip_29_p4,opt_14,opt_29,opt_14-opt_4-opt_3-opt_29,3,599.579
ip_14,ip_29,ip_14_ip_29_p5,opt_14,opt_29,opt_14-opt_4-opt_27-opt_29,3,609.104
ip_14,ip_29,ip_14_ip_29_p6,opt_14,opt_29,opt_14-opt_4-opt_27-opt_3-opt_29,4,612.584
ip_14,ip_29,ip_14_ip_29_p7,opt_14,opt_29,opt_14-opt_6-opt_31-opt_29,3,613.753
ip_14,ip_29,ip_14_ip_29_p8,opt_14,opt_29,opt_14-opt_6-opt_15-opt_31-opt_29,4,621.288
ip_14,ip_29,ip_14_ip_29_p9,opt_14,opt_29,opt_14-opt_16-opt_3-opt_29,3,626.822
ip_14,ip_30,ip_14_ip_30_p0,opt_14,opt_30,opt_14-opt_30,1,207.097
ip_14,ip_30,ip_14_ip_30_p1,opt_14,opt_30,opt_14-opt_13-opt_30,2,208.354
ip_14,ip_30,ip_14_ip_30_p2,opt_14,opt_30,opt_14-opt_16-opt_30,2,262.150
ip_14,ip_30,ip_14_ip_30_p3,opt_14,opt_30,opt_14-opt_4-opt_30,2,267.034
ip_14,ip_30,ip_14_ip_30_p4,opt_14,opt_30,opt_14-opt_4-opt_16-opt_30,3,269.401
ip_14,ip_30,ip_14_ip_30_p5,opt_14,opt_30,opt_14-opt_4-opt_13-opt_30,3,281.099
ip_14,ip_30,ip_14_ip_30_p6,opt_14,opt_30,opt_14-opt_16-opt_13-opt_30,3,282.609
ip_14,ip_30,ip_14_ip_30_p7,opt_14,opt_30,opt_14-opt_4-opt_16-opt_13-opt_30,4,289.860
ip_14,ip_30,ip_14_ip_30_p8,opt_14,opt_30,opt_14-opt_16-opt_4-opt_30,3,299.919
ip_14,ip_30,ip_14_ip_30_p9,opt_14,opt_30,opt_14-opt_16-opt_4-opt_13-opt_30,4,313.984
ip_14,ip_31,ip_14_ip_31_p0,opt_14,opt_31,opt_14-opt_6-opt_31,2,434.535
ip_14,ip_31,ip_14_ip_31_p1,opt_14,opt_31,opt_14-opt_6-opt_15-opt_31,3,442.070
ip_14,ip_31,ip_14_ip_31_p2,opt_14,opt_31,opt_14-opt_16-opt_31,2,603.481
ip_14,ip_31,ip_14_ip_31_p3,opt_14,opt_31,opt_14-opt_4-opt_16-opt_31,3,610.732
ip_14,ip_31,ip_14_ip_31_p4,opt_14,opt_31,opt_14-opt_8-opt_6-opt_31,3,669.353
ip_14,ip_31,ip_14_ip_31_p5,opt_14,opt_31,opt_14-opt_8-opt_6-opt_15-opt_31,4,676.888
ip_14,ip_31,ip_14_ip_31_p6,opt_14,opt_31,opt_14-opt_13-opt_16-opt_31,3,679.888
ip_14,ip_31,ip_14_ip_31_p7,opt_14,opt_31,opt_14-opt_0-opt_8-opt_6-opt_31,4,709.058
ip_14,ip_31,ip_14_ip_31_p8,opt_14,opt_31,opt_14-opt_13-opt_4-opt_16-opt_31,4,711.263
ip_14,ip_31,ip_14_ip_31_p9,opt_14,opt_31,opt_14-opt_3-opt_29-opt_31,3,711.340
ip_15,ip_16,ip_15_ip_16_p0,opt_15,opt_16,opt_15-opt_31-opt_16,2,515.036
ip_15,ip_16,ip_15_ip_16_p1,opt_15,opt_16,opt_15-opt_6-opt_14-opt_16,3,530.515
ip_15,ip_16,ip_15_ip_16_p2,opt_15,opt_16,opt_15-opt_6-opt_14-opt_4-opt_16,4,537.766
ip_15,ip_16,ip_15_ip_16_p3,opt_15,opt_16,opt_15-opt_31-opt_6-opt_14-opt_16,4,577.108
ip_15,ip_16,ip_15_ip_16_p4,opt_15,opt_16,opt_15-opt_31-opt_6-opt_14-opt_4-opt_16,5,584.359
ip_15,ip_16,ip_15_ip_16_p5,opt_15,opt_16,opt_15-opt_6-opt_14-opt_13-opt_16,4,606.922
ip_15,ip_16,ip_15_ip_16_p6,opt_15,opt_16,opt_15-opt_6-opt_14-opt_13-opt_4-opt_16,5,638.297
ip_15,ip_16,ip_15_ip_16_p7,opt_15,opt_16,opt_15-opt_31-opt_6-opt_14-opt_13-opt_16,5,653.515
ip_15,ip_16,ip_15_ip_16_p8,opt_15,opt_16,opt_15-opt_29-opt_3-opt_16,3,679.356
ip_15,ip_16,ip_15_ip_16_p9,opt_15,opt_16,opt_15-opt_6-opt_14-opt_4-opt_13-opt_16,5,679.667
ip_15,ip_17,ip_15_ip_17_p0,opt_15,opt_17,opt_15-opt_29-opt_3-opt_9-opt_17,4,837.980
ip_15,ip_17,ip_15_ip_17_p1,opt_15,opt_17,opt_15-opt_29-opt_2-opt_9-opt_17,4,859.554
ip_15,ip_17,ip_15_ip_17_p2,opt_15,opt_17,opt_15-opt_29-opt_12-opt_9-opt_17,4,869.550
ip_15,ip_17,ip_15_ip_17_p3,opt_15,opt_17,opt_15-opt_29-opt_27-opt_9-opt_17,4,875.484
ip_15,ip_17,ip_15_ip_17_p4,opt_15,opt_17,opt_15-opt_31-opt_29-opt_3-opt_9-opt_17,5,876.219
ip_15,ip_17,ip_15_ip_17_p5,opt_15,opt_17,opt_15-opt_29-opt_3-opt_27-opt_9-opt_17,5,878.964
ip_15,ip_17,ip_15_ip_17_p6,opt_15,opt_17,opt_15-opt_29-opt_2-opt_12-opt_9-opt_17,5,891.782
ip_15,ip_17,ip_15_ip_17_p7,opt_15,opt_17,opt_15-opt_29-opt_27-opt_3-opt_9-opt_17,5,897.570
ip_15,ip_17,ip_15_ip_17_p8,opt_15,opt_17,opt_15-opt_31-opt_29-opt_2-opt_9-opt_17,5,897.793
ip_15,ip_17,ip_15_ip_17_p9,opt_15,opt_17,opt_15-opt_31-opt_29-opt_12-opt_9-opt_17,5,907.789
ip_15,ip_18,ip_15_ip_18_p0,opt_15,opt_18,opt_15-opt_6-opt_14-opt_18,3,575.130
ip_15,ip_18,ip_15_ip_18_p1,opt_15,opt_18,opt_15-opt_6-opt_8-opt_18,3,614.808
ip_15,ip_18,ip_15_ip_18_p2,opt_15,opt_18,opt_15-opt_6-opt_8-opt_0-opt_18,4,615.559
ip_15,ip_18,ip_15_ip_18_p3,opt_15,opt_18,opt_15-opt_31-opt_6-opt_14-opt_18,4,621.723
ip_15,ip_18,ip_15_ip_18_p4,opt_15,opt_18,opt_15-opt_31-opt_6-opt_8-opt_18,4,661.401
ip_15,ip_18,ip_15_ip_18_p5,opt_15,opt_18,opt_15-opt_31-opt_6-opt_8-opt_0-opt_18,5,662.152
ip_15,ip_18,ip_15_ip_18_p6,opt_15,opt_18,opt_15-opt_6-opt_14-opt_13-opt_18,4,678.003
ip_15,ip_18,ip_15_ip_18_p7,opt_15,opt_18,opt_15-opt_31-opt_6-opt_14-opt_13-opt_18,5,724.596
ip_15,ip_18,ip_15_ip_18_p8,opt_15,opt_18,opt_15-opt_31-opt_16-opt_18,3,727.240
ip_15,ip_18,ip_15_ip_18_p9,opt_15,opt_18,opt_15-opt_6-opt_14-opt_4-opt_18,4,732.400
ip_15,ip_19,ip_15_ip_19_p0,opt_15,opt_19,opt_15-opt_29-opt_3-opt_9-opt_19,4,964.145
ip_15,ip_19,ip_15_ip_19_p1,opt_15,opt_19,opt_15-opt_29-opt_3-opt_9-opt_17-opt_19,5,970.284
ip_15,ip_19,ip_15_ip_19_p2,opt_15,opt_19,opt_15-opt_29-opt_2-opt_9-opt_19,4,985.719
ip_15,ip_19,ip_15_ip_19_p3,opt_15,opt_19,opt_15-opt_29-opt_12-opt_19,3,988.496
ip_15,ip_19,ip_15_ip_19_p4,opt_15,opt_19,opt_15-opt_29-opt_2-opt_9-opt_17-opt_19,5,991.858
ip_15,ip_19,ip_15_ip_19_p5,opt_15,opt_19,opt_15-opt_29-opt_12-opt_9-opt_19,4,995.715
ip_15,ip_19,ip_15_ip_19_p6,opt_15,opt_19,opt_15-opt_29-opt_27-opt_9-opt_19,4,1001.649
ip_15,ip_19,ip_15_ip_19_p7,opt_15,opt_19,opt_15-opt_29-opt_12-opt_9-opt_17-opt_19,5,1001.854
ip_15,ip_19,ip_15_ip_19_p8,opt_15,opt_19,opt_15-opt_31-opt_29-opt_3-opt_9-opt_19,5,1002.384
ip_15,ip_19,ip_15_ip_19_p9,opt_15,opt_19,opt_15-opt_29-opt_3-opt_27-opt_9-opt_19,5,1005.129
ip_15,ip_20,ip_15_ip_20_p0,opt_15,opt_20,opt_15-opt_29-opt_27-opt_11-opt_20,4,939.617
ip_15,ip_20,ip_15_ip_20_p1,opt_15,opt_20,opt_15-opt_29-opt_3-opt_11-opt_20,4,941.465
ip_15,ip_20,ip_15_ip_20_p2,opt_15,opt_20,opt_15-opt_29-opt_3-opt_27-opt_11-opt_20,5,943.097
ip_15,ip_20,ip_15_ip_20_p3,opt_15,opt_20,opt_15-opt_31-opt_29-opt_27-opt_11-opt_20,5,977.856
ip_15,ip_20,ip_15_ip_20_p4,opt_15,opt_20,opt_15-opt_31-opt_29-opt_3-opt_11-opt_20,5,979.704
ip_15,ip_20,ip_15_ip_20_p5,opt_15,opt_20,opt_15-opt_31-opt_29-opt_3-opt_27-opt_11-opt_20,6,981.336
ip_15,ip_20,ip_15_ip_20_p6,opt_15,opt_20,opt_15-opt_29-opt_27-opt_3-opt_11-opt_20,5,1001.055
ip_15,ip_20,ip_15_ip_20_p7,opt_15,opt_20,opt_15-opt_29-opt_27-opt_7-opt_20,4,1016.398
ip_15,ip_20,ip_15_ip_20_p8,opt_15,opt_20,opt_15-opt_29-opt_3-opt_27-opt_7-opt_20,5,1019.878
ip_15,ip_20,ip_15_ip_20_p9,opt_15,opt_20,opt_15-opt_29-opt_27-opt_11-opt_7-opt_20,5,1019.986
ip_15,ip_21,ip_15_ip_21_p0,opt_15,opt_21,opt_15-opt_29-opt_12-opt_21,3,679.432
ip_15,ip_21,ip_15_ip_21_p1,opt_15,opt_21,opt_15-opt_29-opt_2-opt_12-opt_21,4,701.664
ip_15,ip_21,ip_15_ip_21_p2,opt_15,opt_21,opt_15-opt_31-opt_29-opt_12-opt_21,4,717.671
ip_15,ip_21,ip_15_ip_21_p3,opt_15,opt_21,opt_15-opt_31-opt_29-opt_2-opt_12-opt_21,5,739.903
ip_15,ip_21,ip_15_ip_21_p4,opt_15,opt_21,opt_15-opt_29-opt_12-opt_26-opt_21,4,782.957
ip_15,ip_21,ip_15_ip_21_p5,opt_15,opt_21,opt_15-opt_29-opt_2-opt_12-opt_26-opt_21,5,805.189
ip_15,ip_21,ip_15_ip_21_p6,opt_15,opt_21,opt_15-opt_29-opt_3-opt_9-opt_21,4,815.878
ip_15,ip_21,ip_15_ip_21_p7,opt_15,opt_21,opt_15-opt_31-opt_29-opt_12-opt_26-opt_21,5,821.196
ip_15,ip_21,ip_15_ip_21_p8,opt_15,opt_21,opt_15-opt_29-opt_2-opt_9-opt_21,4,837.452
ip_15,ip_21,ip_15_ip_21_p9,opt_15,opt_21,opt_15-opt_6-opt_29-opt_12-opt_21,4,839.906
ip_15,ip_22,ip_15_ip_22_p0,opt_15,opt_22,opt_15-opt_31-opt_23-opt_22,3,539.052
ip_15,ip_22,ip_15_ip_22_p1,opt_15,opt_22,opt_15-opt_29-opt_2-opt_22,3,620.881
ip_15,ip_22,ip_15_ip_22_p2,opt_15,opt_22,opt_15-opt_31-opt_29-opt_2-opt_22,4,659.120
ip_15,ip_22,ip_15_ip_22_p3,opt_15,opt_22,opt_15-opt_29-opt_23-opt_22,3,668.233
ip_15,ip_22,ip_15_ip_22_p4,opt_15,opt_22,opt_15-opt_31-opt_29-opt_23-opt_22,4,706.472
ip_15,ip_22,ip_15_ip_22_p5,opt_15,opt_22,opt_15-opt_29-opt_12-opt_22,3,724.365
ip_15,ip_22,ip_15_ip_22_p6,opt_15,opt_22,opt_15-opt_6-opt_31-opt_23-opt_22,4,726.077
ip_15,ip_22,ip_15_ip_22_p7,opt_15,opt_22,opt_15-opt_29-opt_2-opt_12-opt_22,4,746.597
ip_15,ip_22,ip_15_ip_22_p8,opt_15,opt_22,opt_15-opt_31-opt_29-opt_12-opt_22,4,762.604
ip_15,ip_22,ip_15_ip_22_p9,opt_15,opt_22,opt_15-opt_6-opt_29-opt_2-opt_22,4,781.355
ip_15,ip_23,ip_15_ip_23_p0,opt_15,opt_23,opt_15-opt_31-opt_23,2,360.770
ip_15,ip_23,ip_15_ip_23_p1,opt_15,opt_23,opt_15-opt_29-opt_23,2,489.951
ip_15,ip_23,ip_15_ip_23_p2,opt_15,opt_23,opt_15-opt_31-opt_29-opt_23,3,528.190
ip_15,ip_23,ip_15_ip_23_p3,opt_15,opt_23,opt_15-opt_6-opt_31-opt_23,3,547.795
ip_15,ip_23,ip_15_ip_23_p4,opt_15,opt_23,opt_15-opt_29-opt_2-opt_23,3,605.163
ip_15,ip_23,ip_15_ip_23_p5,opt_15,opt_23,opt_15-opt_31-opt_29-opt_2-opt_23,4,643.402
ip_15,ip_23,ip_15_ip_23_p6,opt_15,opt_23,opt_15-opt_6-opt_29-opt_23,3,650.425
ip_15,ip_23,ip_15_ip_23_p7,opt_15,opt_23,opt_15-opt_29-opt_31-opt_23,3,680.967
ip_15,ip_23,ip_15_ip_23_p8,opt_15,opt_23,opt_15-opt_31-opt_6-opt_29-opt_23,4,697.018
ip_15,ip_23,ip_15_ip_23_p9,opt_15,opt_23,opt_15-opt_6-opt_31-opt_29-opt_23,4,715.215
ip_15,ip_24,ip_15_ip_24_p0,opt_15,opt_24,opt_15-opt_29-opt_27-opt_11-opt_24,4,975.148
ip_15,ip_24,ip_15_ip_24_p1,opt_15,opt_24,opt_15-opt_29-opt_3-opt_11-opt_24,4,976.996
ip_15,ip_24,ip_15_ip_24_p2,opt_15,opt_24,opt_15-opt_29-opt_3-opt_27-opt_11-opt_24,5,978.628
ip_15,ip_24,ip_15_ip_24_p3,opt_15,opt_24,opt_15-opt_29-opt_27-opt_7-opt_24,4,991.700
ip_15,ip_24,ip_15_ip_24_p4,opt_15,opt_24,opt_15-opt_29-opt_3-opt_27-opt_7-opt_24,5,995.180
ip_15,ip_24,ip_15_ip_24_p5,opt_15,opt_24,opt_15-opt_29-opt_27-opt_11-opt_7-opt_24,5,995.288
ip_15,ip_24,ip_15_ip_24_p6,opt_15,opt_24,opt_15-opt_29-opt_3-opt_11-opt_7-opt_24,5,997.136
ip_15,ip_24,ip_15_ip_24_p7,opt_15,opt_24,opt_15-opt_29-opt_3-opt_27-opt_11-opt_7-opt_24,6,998.768
ip_15,ip_24,ip_15_ip_24_p8,opt_15,opt_24,opt_15-opt_31-opt_29-opt_27-opt_11-opt_24,5,1013.387
ip_15,ip_24,ip_15_ip_24_p9,opt_15,opt_24,opt_15-opt_31-opt_29-opt_3-opt_11-opt_24,5,1015.235
ip_15,ip_25,ip_15_ip_25_p0,opt_15,opt_25,opt_15-opt_29-opt_25,2,958.903
ip_15,ip_25,ip_15_ip_25_p1,opt_15,opt_25,opt_15-opt_29-opt_27-opt_7-opt_25,4,959.610
ip_15,ip_25,ip_15_ip_25_p2,opt_15,opt_25,opt_15-opt_29-opt_27-opt_11-opt_25,4,960.920
ip_15,ip_25,ip_15_ip_25_p3,opt_15,opt_25,opt_15-opt_29-opt_3-opt_11-opt_25,4,962.768
ip_15,ip_25,ip_15_ip_25_p4,opt_15,opt_25,opt_15-opt_29-opt_3-opt_27-opt_7-opt_25,5,963.090
ip_15,ip_25,ip_15_ip_25_p5,opt_15,opt_25,opt_15-opt_29-opt_27-opt_11-opt_7-opt_25,5,963.198
ip_15,ip_25,ip_15_ip_25_p6,opt_15,opt_25,opt_15-opt_29-opt_3-opt_27-opt_11-opt_25,5,964.400
ip_15,ip_25,ip_15_ip_25_p7,opt_15,opt_25,opt_15-opt_29-opt_3-opt_11-opt_7-opt_25,5,965.046
ip_15,ip_25,ip_15_ip_25_p8,opt_15,opt_25,opt_15-opt_29-opt_3-opt_27-opt_11-opt_7-opt_25,6,966.678
ip_15,ip_25,ip_15_ip_25_p9,opt_15,opt_25,opt_15-opt_31-opt_29-opt_25,3,997.142
ip_15,ip_26,ip_15_ip_26_p0,opt_15,opt_26,opt_15-opt_29-opt_12-opt_26,3,686.150
ip_15,ip_26,ip_15_ip_26_p1,opt_15,opt_26,opt_15-opt_29-opt_2-opt_12-opt_26,4,708.382
ip_15,ip_26,ip_15_ip_26_p2,opt_15,opt_26,opt_15-opt_31-opt_29-opt_12-opt_26,4,724.389
ip_15,ip_26,ip_15_ip_26_p3,opt_15,opt_26,opt_15-opt_31-opt_29-opt_2-opt_12-opt_26,5,746.621
ip_15,ip_26,ip_15_ip_26_p4,opt_15,opt_26,opt_15-opt_29-opt_12-opt_21-opt_26,4,776.239
ip_15,ip_26,ip_15_ip_26_p5,opt_15,opt_26,opt_15-opt_29-opt_2-opt_12-opt_21-opt_26,5,798.471
ip_15,ip_26,ip_15_ip_26_p6,opt_15,opt_26,opt_15-opt_31-opt_29-opt_12-opt_21-opt_26,5,814.478
ip_15,ip_26,ip_15_ip_26_p7,opt_15,opt_26,opt_15-opt_31-opt_29-opt_2-opt_12-opt_21-opt_26,6,836.710
ip_15,ip_26,ip_15_ip_26_p8,opt_15,opt_26,opt_15-opt_6-opt_29-opt_12-opt_26,4,846.624
ip_15,ip_26,ip_15_ip_26_p9,opt_15,opt_26,opt_15-opt_6-opt_29-opt_2-opt_12-opt_26,5,868.856
ip_15,ip_27,ip_15_ip_27_p0,opt_15,opt_27,opt_15-opt_29-opt_27,2,425.584
ip_15,ip_27,ip_15_ip_27_p1,opt_15,opt_27,opt_15-opt_29-opt_3-opt_27,3,429.064
ip_15,ip_27,ip_15_ip_27_p2,opt_15,opt_27,opt_15-opt_31-opt_29-opt_27,3,463.823
ip_15,ip_27,ip_15_ip_27_p3,opt_15,opt_27,opt_15-opt_31-opt_29-opt_3-opt_27,4,467.303
ip_15,ip_27,ip_15_ip_27_p4,opt_15,opt_27,opt_15-opt_6-opt_29-opt_27,3,586.058
ip_15,ip_27,ip_15_ip_27_p5,opt_15,opt_27,opt_15-opt_6-opt_29-opt_3-opt_27,4,589.538
ip_15,ip_27,ip_15_ip_27_p6,opt_15,opt_27,opt_15-opt_31-opt_6-opt_29-opt_27,4,632.651
ip_15,ip_27,ip_15_ip_27_p7,opt_15,opt_27,opt_15-opt_31-opt_6-opt_29-opt_3-opt_27,5,636.131
ip_15,ip_27,ip_15_ip_27_p8,opt_15,opt_27,opt_15-opt_6-opt_31-opt_29-opt_27,4,650.848
ip_15,ip_27,ip_15_ip_27_p9,opt_15,opt_27,opt_15-opt_6-opt_31-opt_29-opt_3-opt_27,5,654.328
ip_15,ip_28,ip_15_ip_28_p0,opt_15,opt_28,opt_15-opt_29-opt_27-opt_11-opt_28,4,875.728
ip_15,ip_28,ip_15_ip_28_p1,opt_15,opt_28,opt_15-opt_29-opt_3-opt_11-opt_28,4,877.576
ip_15,ip_28,ip_15_ip_28_p2,opt_15,opt_28,opt_15-opt_29-opt_3-opt_27-opt_11-opt_28,5,879.208
ip_15,ip_28,ip_15_ip_28_p3,opt_15,opt_28,opt_15-opt_31-opt_29-opt_27-opt_11-opt_28,5,913.967
ip_15,ip_28,ip_15_ip_28_p4,opt_15,opt_28,opt_15-opt_31-opt_29-opt_3-opt_11-opt_28,5,915.815
ip_15,ip_28,ip_15_ip_28_p5,opt_15,opt_28,opt_15-opt_31-opt_29-opt_3-opt_27-opt_11-opt_28,6,917.447
ip_15,ip_28,ip_15_ip_28_p6,opt_15,opt_28,opt_15-opt_29-opt_27-opt_3-opt_11-opt_28,5,937.166
ip_15,ip_28,ip_15_ip_28_p7,opt_15,opt_28,opt_15-opt_31-opt_29-opt_27-opt_3-opt_11-opt_28,6,975.405
ip_15,ip_28,ip_15_ip_28_p8,opt_15,opt_28,opt_15-opt_6-opt_29-opt_27-opt_11-opt_28,5,1036.202
ip_15,ip_28,ip_15_ip_28_p9,opt_15,opt_28,opt_15-opt_6-opt_29-opt_3-opt_11-opt_28,5,1038.050
ip_15,ip_29,ip_15_ip_29_p0,opt_15,opt_29,opt_15-opt_29,1,168.043
ip_15,ip_29,ip_15_ip_29_p1,opt_15,opt_29,opt_15-opt_31-opt_29,2,206.282
ip_15,ip_29,ip_15_ip_29_p2,opt_15,opt_29,opt_15-opt_6-opt_29,2,328.517
ip_15,ip_29,ip_15_ip_29_p3,opt_15,opt_29,opt_15-opt_31-opt_6-opt_29,3,375.110
ip_15,ip_29,ip_15_ip_29_p4,opt_15,opt_29,opt_15-opt_6-opt_31-opt_29,3,393.307
ip_15,ip_29,ip_15_ip_29_p5,opt_15,opt_29,opt_15-opt_31-opt_23-opt_29,3,682.678
ip_15,ip_29,ip_15_ip_29_p6,opt_15,opt_29,opt_15-opt_31-opt_23-opt_2-opt_29,4,797.890
ip_15,ip_29,ip_15_ip_29_p7,opt_15,opt_29,opt_15-opt_6-opt_31-opt_23-opt_29,4,869.703
ip_15,ip_29,ip_15_ip_29_p8,opt_15,opt_29,opt_15-opt_6-opt_14-opt_3-opt_29,4,947.128
ip_15,ip_29,ip_15_ip_29_p9,opt_15,opt_29,opt_15-opt_31-opt_23-opt_12-opt_29,4,966.098
ip_15,ip_30,ip_15_ip_30_p0,opt_15,opt_30,opt_15-opt_6-opt_14-opt_30,3,622.103
ip_15,ip_30,ip_15_ip_30_p1,opt_15,opt_30,opt_15-opt_6-opt_14-opt_13-opt_30,4,623.360
ip_15,ip_30,ip_15_ip_30_p2,opt_15,opt_30,opt_15-opt_31-opt_16-opt_30,3,661.677
ip_15,ip_30,ip_15_ip_30_p3,opt_15,opt_30,opt_15-opt_31-opt_6-opt_14-opt_30,4,668.696
ip_15,ip_30,ip_15_ip_30_p4,opt_15,opt_30,opt_15-opt_31-opt_6-opt_14-opt_13-opt_30,5,669.953
ip_15,ip_30,ip_15_ip_30_p5,opt_15,opt_30,opt_15-opt_6-opt_14-opt_16-opt_30,4,677.156
ip_15,ip_30,ip_15_ip_30_p6,opt_15,opt_30,opt_15-opt_6-opt_14-opt_4-opt_30,4,682.040
ip_15,ip_30,ip_15_ip_30_p7,opt_15,opt_30,opt_15-opt_31-opt_16-opt_13-opt_30,4,682.136
ip_15,ip_30,ip_15_ip_30_p8,opt_15,opt_30,opt_15-opt_6-opt_14-opt_4-opt_16-opt_30,5,684.407
ip_15,ip_30,ip_15_ip_30_p9,opt_15,opt_30,opt_15-opt_6-opt_14-opt_4-opt_13-opt_30,5,696.105
ip_15,ip_31,ip_15_ip_31_p0,opt_15,opt_31,opt_15-opt_31,1,27.064
ip_15,ip_31,ip_15_ip_31_p1,opt_15,opt_31,opt_15-opt_6-opt_31,2,214.089
ip_15,ip_31,ip_15_ip_31_p2,opt_15,opt_31,opt_15-opt_29-opt_31,2,347.261
ip_15,ip_31,ip_15_ip_31_p3,opt_15,opt_31,opt_15-opt_6-opt_29-opt_31,3,507.735
ip_15,ip_31,ip_15_ip_31_p4,opt_15,opt_31,opt_15-opt_29-opt_6-opt_31,3,516.089
ip_15,ip_31,ip_15_ip_31_p5,opt_15,opt_31,opt_15-opt_29-opt_23-opt_31,3,823.657
ip_15,ip_31,ip_15_ip_31_p6,opt_15,opt_31,opt_15-opt_29-opt_2-opt_23-opt_31,4,938.869
ip_15,ip_31,ip_15_ip_31_p7,opt_15,opt_31,opt_15-opt_6-opt_29-opt_23-opt_31,4,984.131
ip_15,ip_31,ip_15_ip_31_p8,opt_15,opt_31,opt_15-opt_6-opt_14-opt_16-opt_31,4,1018.487
ip_15,ip_31,ip_15_ip_31_p9,opt_15,opt_31,opt_15-opt_6-opt_14-opt_4-opt_16-opt_31,5,1025.738
ip_16,ip_17,ip_16_ip_17_p0,opt_16,opt_17,opt_16-opt_27-opt_9-opt_17,3,711.818
ip_16,ip_17,ip_16_ip_17_p1,opt_16,opt_17,opt_16-opt_4-opt_27-opt_9-opt_17,4,718.839
ip_16,ip_17,ip_16_ip_17_p2,opt_16,opt_17,opt_16-opt_3-opt_9-opt_17,3,722.278
ip_16,ip_17,ip_16_ip_17_p3,opt_16,opt_17,opt_16-opt_4-opt_3-opt_9-opt_17,4,727.920
ip_16,ip_17,ip_16_ip_17_p4,opt_16,opt_17,opt_16-opt_27-opt_3-opt_9-opt_17,4,733.904
ip_16,ip_17,ip_16_ip_17_p5,opt_16,opt_17,opt_16-opt_4-opt_27-opt_3-opt_9-opt_17,5,740.925
ip_16,ip_17,ip_16_ip_17_p6,opt_16,opt_17,opt_16-opt_3-opt_27-opt_9-opt_17,4,763.262
ip_16,ip_17,ip_16_ip_17_p7,opt_16,opt_17,opt_16-opt_27-opt_11-opt_17,3,768.599
ip_16,ip_17,ip_16_ip_17_p8,opt_16,opt_17,opt_16-opt_4-opt_3-opt_27-opt_9-opt_17,5,768.904
ip_16,ip_17,ip_16_ip_17_p9,opt_16,opt_17,opt_16-opt_4-opt_27-opt_11-opt_17,4,775.620
ip_16,ip_18,ip_16_ip_18_p0,opt_16,opt_18,opt_16-opt_18,1,212.204
ip_16,ip_18,ip_16_ip_18_p1,opt_16,opt_18,opt_16-opt_13-opt_18,2,221.743
ip_16,ip_18,ip_16_ip_18_p2,opt_16,opt_18,opt_16-opt_4-opt_18,2,234.770
ip_16,ip_18,ip_16_ip_18_p3,opt_16,opt_18,opt_16-opt_4-opt_13-opt_18,3,253.118
ip_16,ip_18,ip_16_ip_18_p4,opt_16,opt_18,opt_16-opt_14-opt_18,2,275.633
ip_16,ip_18,ip_16_ip_18_p5,opt_16,opt_18,opt_16-opt_4-opt_14-opt_18,3,282.884
ip_16,ip_18,ip_16_ip_18_p6,opt_16,opt_18,opt_16-opt_30-opt_18,2,323.829
ip_16,ip_18,ip_16_ip_18_p7,opt_16,opt_18,opt_16-opt_13-opt_30-opt_18,3,344.288
ip_16,ip_18,ip_16_ip_18_p8,opt_16,opt_18,opt_16-opt_13-opt_14-opt_18,3,352.040
ip_16,ip_18,ip_16_ip_18_p9,opt_16,opt_18,opt_16-opt_4-opt_30-opt_18,3,361.598
ip_16,ip_19,ip_16_ip_19_p0,opt_16,opt_19,opt_16-opt_27-opt_9-opt_19,3,837.983
ip_16,ip_19,ip_16_ip_19_p1,opt_16,opt_19,opt_16-opt_27-opt_9-opt_17-opt_19,4,844.122
ip_16,ip_19,ip_16_ip_19_p2,opt_16,opt_19,opt_16-opt_4-opt_27-opt_9-opt_19,4,845.004
ip_16,ip_19,ip_16_ip_19_p3,opt_16,opt_19,opt_16-opt_3-opt_9-opt_19,3,848.443
ip_16,ip_19,ip_16_ip_19_p4,opt_16,opt_19,opt_16-opt_4-opt_27-opt_9-opt_17-opt_19,5,851.143
ip_16,ip_19,ip_16_ip_19_p5,opt_16,opt_19,opt_16-opt_4-opt_3-opt_9-opt_19,4,854.085
ip_16,ip_19,ip_16_ip_19_p6,opt_16,opt_19,opt_16-opt_3-opt_9-opt_17-opt_19,4,854.582
ip_16,ip_19,ip_16_ip_19_p7,opt_16,opt_19,opt_16-opt_27-opt_3-opt_9-opt_19,4,860.069
ip_16,ip_19,ip_16_ip_19_p8,opt_16,opt_19,opt_16-opt_4-opt_3-opt_9-opt_17-opt_19,5,860.224
ip_16,ip_19,ip_16_ip_19_p9,opt_16,opt_19,opt_16-opt_27-opt_3-opt_9-opt_17-opt_19,5,866.208
ip_16,ip_20,ip_16_ip_20_p0,opt_16,opt_20,opt_16-opt_27-opt_11-opt_20,3,775.951
ip_16,ip_20,ip_16_ip_20_p1,opt_16,opt_20,opt_16-opt_4-opt_27-opt_11-opt_20,4,782.972
ip_16,ip_20,ip_16_ip_20_p2,opt_16,opt_20,opt_16-opt_3-opt_11-opt_20,3,825.763
ip_16,ip_20,ip_16_ip_20_p3,opt_16,opt_20,opt_16-opt_3-opt_27-opt_11-opt_20,4,827.395
ip_16,ip_20,ip_16_ip_20_p4,opt_16,opt_20,opt_16-opt_4-opt_3-opt_11-opt_20,4,831.405
ip_16,ip_20,ip_16_ip_20_p5,opt_16,opt_20,opt_16-opt_4-opt_3-opt_27-opt_11-opt_20,5,833.037
ip_16,ip_20,ip_16_ip_20_p6,opt_16,opt_20,opt_16-opt_27-opt_3-opt_11-opt_20,4,837.389
ip_16,ip_20,ip_16_ip_20_p7,opt_16,opt_20,opt_16-opt_4-opt_27-opt_3-opt_11-opt_20,5,844.410
ip_16,ip_20,ip_16_ip_20_p8,opt_16,opt_20,opt_16-opt_14-opt_7-opt_20,3,845.674
ip_16,ip_20,ip_16_ip_20_p9,opt_16,opt_20,opt_16-opt_27-opt_7-opt_20,3,852.732
ip_16,ip_21,ip_16_ip_21_p0,opt_16,opt_21,opt_16-opt_27-opt_9-opt_21,3,689.716
ip_16,ip_21,ip_16_ip_21_p1,opt_16,opt_21,opt_16-opt_4-opt_27-opt_9-opt_21,4,696.737
ip_16,ip_21,ip_16_ip_21_p2,opt_16,opt_21,opt_16-opt_3-opt_9-opt_21,3,700.176
ip_16,ip_21,ip_16_ip_21_p3,opt_16,opt_21,opt_16-opt_4-opt_3-opt_9-opt_21,4,705.818
ip_16,ip_21,ip_16_ip_21_p4,opt_16,opt_21,opt_16-opt_27-opt_3-opt_9-opt_21,4,711.802
ip_16,ip_21,ip_16_ip_21_p5,opt_16,opt_21,opt_16-opt_4-opt_27-opt_3-opt_9-opt_21,5,718.823
ip_16,ip_21,ip_16_ip_21_p6,opt_16,opt_21,opt_16-opt_3-opt_27-opt_9-opt_21,4,741.160
ip_16,ip_21,ip_16_ip_21_p7,opt_16,opt_21,opt_16-opt_4-opt_3-opt_27-opt_9-opt_21,5,746.802
ip_16,ip_21,ip_16_ip_21_p8,opt_16,opt_21,opt_16-opt_12-opt_21,2,801.369
ip_16,ip_21,ip_16_ip_21_p9,opt_16,opt_21,opt_16-opt_14-opt_3-opt_9-opt_21,4,836.494
ip_16,ip_22,ip_16_ip_22_p0,opt_16,opt_22,opt_16-opt_3-opt_2-opt_22,3,823.813
ip_16,ip_22,ip_16_ip_22_p1,opt_16,opt_22,opt_16-opt_4-opt_3-opt_2-opt_22,4,829.455
ip_16,ip_22,ip_16_ip_22_p2,opt_16,opt_22,opt_16-opt_27-opt_3-opt_2-opt_22,4,835.439
ip_16,ip_22,ip_16_ip_22_p3,opt_16,opt_22,opt_16-opt_4-opt_27-opt_3-opt_2-opt_22,5,842.460
ip_16,ip_22,ip_16_ip_22_p4,opt_16,opt_22,opt_16-opt_12-opt_22,2,846.302
ip_16,ip_22,ip_16_ip_22_p5,opt_16,opt_22,opt_16-opt_14-opt_2-opt_22,3,891.412
ip_16,ip_22,ip_16_ip_22_p6,opt_16,opt_22,opt_16-opt_4-opt_14-opt_2-opt_22,4,898.663
ip_16,ip_22,ip_16_ip_22_p7,opt_16,opt_22,opt_16-opt_4-opt_23-opt_22,3,900.401
ip_16,ip_22,ip_16_ip_22_p8,opt_16,opt_22,opt_16-opt_12-opt_2-opt_22,3,937.476
ip_16,ip_22,ip_16_ip_22_p9,opt_16,opt_22,opt_16-opt_3-opt_2-opt_12-opt_22,4,949.529
ip_16,ip_23,ip_16_ip_23_p0,opt_16,opt_23,opt_16-opt_4-opt_23,2,722.119
ip_16,ip_23,ip_16_ip_23_p1,opt_16,opt_23,opt_16-opt_27-opt_23,2,795.732
ip_16,ip_23,ip_16_ip_23_p2,opt_16,opt_23,opt_16-opt_4-opt_27-opt_23,3,802.753
ip_16,ip_23,ip_16_ip_23_p3,opt_16,opt_23,opt_16-opt_3-opt_2-opt_23,3,808.095
ip_16,ip_23,ip_16_ip_23_p4,opt_16,opt_23,opt_16-opt_4-opt_3-opt_2-opt_23,4,813.737
ip_16,ip_23,ip_16_ip_23_p5,opt_16,opt_23,opt_16-opt_27-opt_3-opt_2-opt_23,4,819.721
ip_16,ip_23,ip_16_ip_23_p6,opt_16,opt_23,opt_16-opt_31-opt_23,2,821.678
ip_16,ip_23,ip_16_ip_23_p7,opt_16,opt_23,opt_16-opt_4-opt_27-opt_3-opt_2-opt_23,5,826.742
ip_16,ip_23,ip_16_ip_23_p8,opt_16,opt_23,opt_16-opt_3-opt_29-opt_23,3,833.221
ip_16,ip_23,ip_16_ip_23_p9,opt_16,opt_23,opt_16-opt_4-opt_3-opt_29-opt_23,4,838.863
ip_16,ip_24,ip_16_ip_24_p0,opt_16,opt_24,opt_16-opt_27-opt_11-opt_24,3,811.482
ip_16,ip_24,ip_16_ip_24_p1,opt_16,opt_24,opt_16-opt_4-opt_27-opt_11-opt_24,4,818.503
ip_16,ip_24,ip_16_ip_24_p2,opt_16,opt_24,opt_16-opt_14-opt_7-opt_24,3,820.976
ip_16,ip_24,ip_16_ip_24_p3,opt_16,opt_24,opt_16-opt_27-opt_7-opt_24,3,828.034
ip_16,ip_24,ip_16_ip_24_p4,opt_16,opt_24,opt_16-opt_4-opt_14-opt_7-opt_24,4,828.227
ip_16,ip_24,ip_16_ip_24_p5,opt_16,opt_24,opt_16-opt_27-opt_11-opt_7-opt_24,4,831.622
ip_16,ip_24,ip_16_ip_24_p6,opt_16,opt_24,opt_16-opt_4-opt_27-opt_7-opt_24,4,835.055
ip_16,ip_24,ip_16_ip_24_p7,opt_16,opt_24,opt_16-opt_4-opt_27-opt_11-opt_7-opt_24,5,838.643
ip_16,ip_24,ip_16_ip_24_p8,opt_16,opt_24,opt_16-opt_3-opt_11-opt_24,3,861.294
ip_16,ip_24,ip_16_ip_24_p9,opt_16,opt_24,opt_16-opt_3-opt_27-opt_11-opt_24,4,862.926
ip_16,ip_25,ip_16_ip_25_p0,opt_16,opt_25,opt_16-opt_14-opt_7-opt_25,3,788.886
ip_16,ip_25,ip_16_ip_25_p1,opt_16,opt_25,opt_16-opt_27-opt_7-opt_25,3,795.944
ip_16,ip_25,ip_16_ip_25_p2,opt_16,opt_25,opt_16-opt_4-opt_14-opt_7-opt_25,4,796.137
ip_16,ip_25,ip_16_ip_25_p3,opt_16,opt_25,opt_16-opt_27-opt_11-opt_25,3,797.254
ip_16,ip_25,ip_16_ip_25_p4,opt_16,opt_25,opt_16-opt_27-opt_11-opt_7-opt_25,4,799.532
ip_16,ip_25,ip_16_ip_25_p5,opt_16,opt_25,opt_16-opt_4-opt_27-opt_7-opt_25,4,802.965
ip_16,ip_25,ip_16_ip_25_p6,opt_16,opt_25,opt_16-opt_4-opt_27-opt_11-opt_25,4,804.275
ip_16,ip_25,ip_16_ip_25_p7,opt_16,opt_25,opt_16-opt_4-opt_27-opt_11-opt_7-opt_25,5,806.553
ip_16,ip_25,ip_16_ip_25_p8,opt_16,opt_25,opt_16-opt_3-opt_11-opt_25,3,847.066
ip_16,ip_25,ip_16_ip_25_p9,opt_16,opt_25,opt_16-opt_3-opt_27-opt_7-opt_25,4,847.388
ip_16,ip_26,ip_16_ip_26_p0,opt_16,opt_26,opt_16-opt_27-opt_9-opt_26,3,770.757
ip_16,ip_26,ip_16_ip_26_p1,opt_16,opt_26,opt_16-opt_4-opt_27-opt_9-opt_26,4,777.778
ip_16,ip_26,ip_16_ip_26_p2,opt_16,opt_26,opt_16-opt_3-opt_9-opt_26,3,781.217
ip_16,ip_26,ip_16_ip_26_p3,opt_16,opt_26,opt_16-opt_27-opt_9-opt_21-opt_26,4,786.523
ip_16,ip_26,ip_16_ip_26_p4,opt_16,opt_26,opt_16-opt_4-opt_3-opt_9-opt_26,4,786.859
ip_16,ip_26,ip_16_ip_26_p5,opt_16,opt_26,opt_16-opt_27-opt_3-opt_9-opt_26,4,792.843
ip_16,ip_26,ip_16_ip_26_p6,opt_16,opt_26,opt_16-opt_4-opt_27-opt_9-opt_21-opt_26,5,793.544
ip_16,ip_26,ip_16_ip_26_p7,opt_16,opt_26,opt_16-opt_3-opt_9-opt_21-opt_26,4,796.983
ip_16,ip_26,ip_16_ip_26_p8,opt_16,opt_26,opt_16-opt_4-opt_27-opt_3-opt_9-opt_26,5,799.864
ip_16,ip_26,ip_16_ip_26_p9,opt_16,opt_26,opt_16-opt_4-opt_3-opt_9-opt_21-opt_26,5,802.625
ip_16,ip_27,ip_16_ip_27_p0,opt_16,opt_27,opt_16-opt_27,1,261.918
ip_16,ip_27,ip_16_ip_27_p1,opt_16,opt_27,opt_16-opt_4-opt_27,2,268.939
ip_16,ip_27,ip_16_ip_27_p2,opt_16,opt_27,opt_16-opt_3-opt_27,2,313.362
ip_16,ip_27,ip_16_ip_27_p3,opt_16,opt_27,opt_16-opt_4-opt_3-opt_27,3,319.004
ip_16,ip_27,ip_16_ip_27_p4,opt_16,opt_27,opt_16-opt_13-opt_27,2,410.827
ip_16,ip_27,ip_16_ip_27_p5,opt_16,opt_27,opt_16-opt_13-opt_4-opt_27,3,410.840
ip_16,ip_27,ip_16_ip_27_p6,opt_16,opt_27,opt_16-opt_4-opt_13-opt_27,3,442.202
ip_16,ip_27,ip_16_ip_27_p7,opt_16,opt_27,opt_16-opt_14-opt_3-opt_27,3,449.680
ip_16,ip_27,ip_16_ip_27_p8,opt_16,opt_27,opt_16-opt_4-opt_14-opt_3-opt_27,4,456.931
ip_16,ip_27,ip_16_ip_27_p9,opt_16,opt_27,opt_16-opt_13-opt_4-opt_3-opt_27,4,460.905
ip_16,ip_28,ip_16_ip_28_p0,opt_16,opt_28,opt_16-opt_27-opt_11-opt_28,3,712.062
ip_16,ip_28,ip_16_ip_28_p1,opt_16,opt_28,opt_16-opt_4-opt_27-opt_11-opt_28,4,719.083
ip_16,ip_28,ip_16_ip_28_p2,opt_16,opt_28,opt_16-opt_3-opt_11-opt_28,3,761.874
ip_16,ip_28,ip_16_ip_28_p3,opt_16,opt_28,opt_16-opt_3-opt_27-opt_11-opt_28,4,763.506
ip_16,ip_28,ip_16_ip_28_p4,opt_16,opt_28,opt_16-opt_4-opt_3-opt_11-opt_28,4,767.516
ip_16,ip_28,ip_16_ip_28_p5,opt_16,opt_28,opt_16-opt_4-opt_3-opt_27-opt_11-opt_28,5,769.148
ip_16,ip_28,ip_16_ip_28_p6,opt_16,opt_28,opt_16-opt_27-opt_3-opt_11-opt_28,4,773.500
ip_16,ip_28,ip_16_ip_28_p7,opt_16,opt_28,opt_16-opt_4-opt_27-opt_3-opt_11-opt_28,5,780.521
ip_16,ip_28,ip_16_ip_28_p8,opt_16,opt_28,opt_16-opt_13-opt_27-opt_11-opt_28,4,860.971
ip_16,ip_28,ip_16_ip_28_p9,opt_16,opt_28,opt_16-opt_13-opt_4-opt_27-opt_11-opt_28,5,860.984
ip_16,ip_29,ip_16_ip_29_p0,opt_16,opt_29,opt_16-opt_3-opt_29,2,511.313
ip_16,ip_29,ip_16_ip_29_p1,opt_16,opt_29,opt_16-opt_4-opt_3-opt_29,3,516.955
ip_16,ip_29,ip_16_ip_29_p2,opt_16,opt_29,opt_16-opt_27-opt_29,2,519.459
ip_16,ip_29,ip_16_ip_29_p3,opt_16,opt_29,opt_16-opt_27-opt_3-opt_29,3,522.939
ip_16,ip_29,ip_16_ip_29_p4,opt_16,opt_29,opt_16-opt_4-opt_27-opt_29,3,526.480
ip_16,ip_29,ip_16_ip_29_p5,opt_16,opt_29,opt_16-opt_4-opt_27-opt_3-opt_29,4,529.960
ip_16,ip_29,ip_16_ip_29_p6,opt_16,opt_29,opt_16-opt_3-opt_27-opt_29,3,570.903
ip_16,ip_29,ip_16_ip_29_p7,opt_16,opt_29,opt_16-opt_4-opt_3-opt_27-opt_29,4,576.545
ip_16,ip_29,ip_16_ip_29_p8,opt_16,opt_29,opt_16-opt_14-opt_3-opt_29,3,647.631
ip_16,ip_29,ip_16_ip_29_p9,opt_16,opt_29,opt_16-opt_4-opt_14-opt_3-opt_29,4,654.882
ip_16,ip_30,ip_16_ip_30_p0,opt_16,opt_30,opt_16-opt_30,1,146.641
ip_16,ip_30,ip_16_ip_30_p1,opt_16,opt_30,opt_16-opt_13-opt_30,2,167.100
ip_16,ip_30,ip_16_ip_30_p2,opt_16,opt_30,opt_16-opt_4-opt_30,2,184.410
ip_16,ip_30,ip_16_ip_30_p3,opt_16,opt_30,opt_16-opt_4-opt_13-opt_30,3,198.475
ip_16,ip_30,ip_16_ip_30_p4,opt_16,opt_30,opt_16-opt_14-opt_30,2,322.606
ip_16,ip_30,ip_16_ip_30_p5,opt_16,opt_30,opt_16-opt_14-opt_13-opt_30,3,323.863
ip_16,ip_30,ip_16_ip_30_p6,opt_16,opt_30,opt_16-opt_13-opt_4-opt_30,3,326.311
ip_16,ip_30,ip_16_ip_30_p7,opt_16,opt_30,opt_16-opt_4-opt_14-opt_30,3,329.857
ip_16,ip_30,ip_16_ip_30_p8,opt_16,opt_30,opt_16-opt_4-opt_14-opt_13-opt_30,4,331.114
ip_16,ip_30,ip_16_ip_30_p9,opt_16,opt_30,opt_16-opt_14-opt_4-opt_30,3,382.543
ip_16,ip_31,ip_16_ip_31_p0,opt_16,opt_31,opt_16-opt_31,1,487.972
ip_16,ip_31,ip_16_ip_31_p1,opt_16,opt_31,opt_16-opt_14-opt_6-opt_31,3,550.044
ip_16,ip_31,ip_16_ip_31_p2,opt_16,opt_31,opt_16-opt_4-opt_14-opt_6-opt_31,4,557.295
ip_16,ip_31,ip_16_ip_31_p3,opt_16,opt_31,opt_16-opt_14-opt_6-opt_15-opt_31,4,557.579
ip_16,ip_31,ip_16_ip_31_p4,opt_16,opt_31,opt_16-opt_4-opt_14-opt_6-opt_15-opt_31,5,564.830
ip_16,ip_31,ip_16_ip_31_p5,opt_16,opt_31,opt_16-opt_13-opt_14-opt_6-opt_31,4,626.451
ip_16,ip_31,ip_16_ip_31_p6,opt_16,opt_31,opt_16-opt_13-opt_14-opt_6-opt_15-opt_31,5,633.986
ip_16,ip_31,ip_16_ip_31_p7,opt_16,opt_31,opt_16-opt_4-opt_13-opt_14-opt_6-opt_31,5,657.826
ip_16,ip_31,ip_16_ip_31_p8,opt_16,opt_31,opt_16-opt_4-opt_13-opt_14-opt_6-opt_15-opt_31,6,665.361
ip_16,ip_31,ip_16_ip_31_p9,opt_16,opt_31,opt_16-opt_3-opt_29-opt_31,3,690.531
ip_17,ip_18,ip_17_ip_18_p0,opt_17,opt_18,opt_17-opt_9-opt_3-opt_18,3,900.923
ip_17,ip_18,ip_17_ip_18_p1,opt_17,opt_18,opt_17-opt_9-opt_3-opt_14-opt_18,4,903.211
ip_17,ip_18,ip_17_ip_18_p2,opt_17,opt_18,opt_17-opt_9-opt_27-opt_4-opt_18,4,913.473
ip_17,ip_18,ip_17_ip_18_p3,opt_17,opt_18,opt_17-opt_9-opt_3-opt_4-opt_18,4,922.554
ip_17,ip_18,ip_17_ip_18_p4,opt_17,opt_18,opt_17-opt_9-opt_27-opt_16-opt_18,4,924.022
ip_17,ip_18,ip_17_ip_18_p5,opt_17,opt_18,opt_17-opt_9-opt_27-opt_4-opt_16-opt_18,5,931.043
ip_17,ip_18,ip_17_ip_18_p6,opt_17,opt_18,opt_17-opt_9-opt_27-opt_13-opt_18,4,931.808
ip_17,ip_18,ip_17_ip_18_p7,opt_17,opt_18,opt_17-opt_9-opt_27-opt_4-opt_13-opt_18,5,931.821
ip_17,ip_18,ip_17_ip_18_p8,opt_17,opt_18,opt_17-opt_9-opt_27-opt_16-opt_13-opt_18,5,933.561
ip_17,ip_18,ip_17_ip_18_p9,opt_17,opt_18,opt_17-opt_9-opt_3-opt_16-opt_18,4,934.482
ip_17,ip_19,ip_17_ip_19_p0,opt_17,opt_19,opt_17-opt_19,1,132.304
ip_17,ip_19,ip_17_ip_19_p1,opt_17,opt_19,opt_17-opt_10-opt_19,2,277.098
ip_17,ip_19,ip_17_ip_19_p2,opt_17,opt_19,opt_17-opt_20-opt_19,2,411.587
ip_17,ip_19,ip_17_ip_19_p3,opt_17,opt_19,opt_17-opt_20-opt_10-opt_19,3,412.377
ip_17,ip_19,ip_17_ip_19_p4,opt_17,opt_19,opt_17-opt_10-opt_20-opt_19,3,434.662
ip_17,ip_19,ip_17_ip_19_p5,opt_17,opt_19,opt_17-opt_9-opt_19,2,543.701
ip_17,ip_19,ip_17_ip_19_p6,opt_17,opt_19,opt_17-opt_24-opt_19,2,581.631
ip_17,ip_19,ip_17_ip_19_p7,opt_17,opt_19,opt_17-opt_24-opt_10-opt_19,3,581.665
ip_17,ip_19,ip_17_ip_19_p8,opt_17,opt_19,opt_17-opt_20-opt_24-opt_19,3,583.289
ip_17,ip_19,ip_17_ip_19_p9,opt_17,opt_19,opt_17-opt_20-opt_24-opt_10-opt_19,4,583.323
ip_17,ip_20,ip_17_ip_20_p0,opt_17,opt_20,opt_17-opt_20,1,241.586
ip_17,ip_20,ip_17_ip_20_p1,opt_17,opt_20,opt_17-opt_10-opt_20,2,264.661
ip_17,ip_20,ip_17_ip_20_p2,opt_17,opt_20,opt_17-opt_19-opt_20,2,302.305
ip_17,ip_20,ip_17_ip_20_p3,opt_17,opt_20,opt_17-opt_19-opt_10-opt_20,3,303.095
ip_17,ip_20,ip_17_ip_20_p4,opt_17,opt_20,opt_17-opt_24-opt_20,2,414.740
ip_17,ip_20,ip_17_ip_20_p5,opt_17,opt_20,opt_17-opt_10-opt_24-opt_20,3,435.607
ip_17,ip_20,ip_17_ip_20_p6,opt_17,opt_20,opt_17-opt_10-opt_19-opt_20,3,447.099
ip_17,ip_20,ip_17_ip_20_p7,opt_17,opt_20,opt_17-opt_19-opt_24-opt_20,3,474.007
ip_17,ip_20,ip_17_ip_20_p8,opt_17,opt_20,opt_17-opt_19-opt_10-opt_24-opt_20,4,474.041
ip_17,ip_20,ip_17_ip_20_p9,opt_17,opt_20,opt_17-opt_11-opt_20,2,528.826
ip_17,ip_21,ip_17_ip_21_p0,opt_17,opt_21,opt_17-opt_21,1,304.612
ip_17,ip_21,ip_17_ip_21_p1,opt_17,opt_21,opt_17-opt_9-opt_21,2,395.434
ip_17,ip_21,ip_17_ip_21_p2,opt_17,opt_21,opt_17-opt_26-opt_21,2,498.190
ip_17,ip_21,ip_17_ip_21_p3,opt_17,opt_21,opt_17-opt_9-opt_26-opt_21,3,573.282
ip_17,ip_21,ip_17_ip_21_p4,opt_17,opt_21,opt_17-opt_9-opt_12-opt_21,3,623.278
ip_17,ip_21,ip_17_ip_21_p5,opt_17,opt_21,opt_17-opt_19-opt_9-opt_21,3,653.903
ip_17,ip_21,ip_17_ip_21_p6,opt_17,opt_21,opt_17-opt_19-opt_26-opt_21,3,710.793
ip_17,ip_21,ip_17_ip_21_p7,opt_17,opt_21,opt_17-opt_9-opt_12-opt_26-opt_21,4,726.803
ip_17,ip_21,ip_17_ip_21_p8,opt_17,opt_21,opt_17-opt_20-opt_21,2,782.092
ip_17,ip_21,ip_17_ip_21_p9,opt_17,opt_21,opt_17-opt_10-opt_19-opt_9-opt_21,4,798.697
ip_17,ip_22,ip_17_ip_22_p0,opt_17,opt_22,opt_17-opt_9-opt_12-opt_22,3,668.211
ip_17,ip_22,ip_17_ip_22_p1,opt_17,opt_22,opt_17-opt_9-opt_2-opt_22,3,727.157
ip_17,ip_22,ip_17_ip_22_p2,opt_17,opt_22,opt_17-opt_9-opt_12-opt_2-opt_22,4,759.385
ip_17,ip_22,ip_17_ip_22_p3,opt_17,opt_22,opt_17-opt_21-opt_12-opt_22,3,782.705
ip_17,ip_22,ip_17_ip_22_p4,opt_17,opt_22,opt_17-opt_9-opt_2-opt_12-opt_22,4,852.873
ip_17,ip_22,ip_17_ip_22_p5,opt_17,opt_22,opt_17-opt_9-opt_21-opt_12-opt_22,4,873.527
ip_17,ip_22,ip_17_ip_22_p6,opt_17,opt_22,opt_17-opt_21-opt_12-opt_2-opt_22,4,873.879
ip_17,ip_22,ip_17_ip_22_p7,opt_17,opt_22,opt_17-opt_26-opt_12-opt_22,3,886.194
ip_17,ip_22,ip_17_ip_22_p8,opt_17,opt_22,opt_17-opt_21-opt_26-opt_12-opt_22,4,886.230
ip_17,ip_22,ip_17_ip_22_p9,opt_17,opt_22,opt_17-opt_9-opt_2-opt_23-opt_22,4,889.721
ip_17,ip_23,ip_17_ip_23_p0,opt_17,opt_23,opt_17-opt_9-opt_2-opt_23,3,711.439
ip_17,ip_23,ip_17_ip_23_p1,opt_17,opt_23,opt_17-opt_9-opt_12-opt_23,3,717.217
ip_17,ip_23,ip_17_ip_23_p2,opt_17,opt_23,opt_17-opt_9-opt_12-opt_2-opt_23,4,743.667
ip_17,ip_23,ip_17_ip_23_p3,opt_17,opt_23,opt_17-opt_21-opt_12-opt_23,3,831.711
ip_17,ip_23,ip_17_ip_23_p4,opt_17,opt_23,opt_17-opt_9-opt_12-opt_22-opt_23,4,846.493
ip_17,ip_23,ip_17_ip_23_p5,opt_17,opt_23,opt_17-opt_21-opt_12-opt_2-opt_23,4,858.161
ip_17,ip_23,ip_17_ip_23_p6,opt_17,opt_23,opt_17-opt_9-opt_2-opt_12-opt_23,4,901.879
ip_17,ip_23,ip_17_ip_23_p7,opt_17,opt_23,opt_17-opt_9-opt_2-opt_22-opt_23,4,905.439
ip_17,ip_23,ip_17_ip_23_p8,opt_17,opt_23,opt_17-opt_9-opt_21-opt_12-opt_23,4,922.533
ip_17,ip_23,ip_17_ip_23_p9,opt_17,opt_23,opt_17-opt_26-opt_12-opt_23,3,935.200
ip_17,ip_24,ip_17_ip_24_p0,opt_17,opt_24,opt_17-opt_24,1,327.334
ip_17,ip_24,ip_17_ip_24_p1,opt_17,opt_24,opt_17-opt_20-opt_24,2,328.992
ip_17,ip_24,ip_17_ip_24_p2,opt_17,opt_24,opt_17-opt_10-opt_24,2,348.201
ip_17,ip_24,ip_17_ip_24_p3,opt_17,opt_24,opt_17-opt_10-opt_20-opt_24,3,352.067
ip_17,ip_24,ip_17_ip_24_p4,opt_17,opt_24,opt_17-opt_19-opt_24,2,386.601
ip_17,ip_24,ip_17_ip_24_p5,opt_17,opt_24,opt_17-opt_19-opt_10-opt_24,3,386.635
ip_17,ip_24,ip_17_ip_24_p6,opt_17,opt_24,opt_17-opt_19-opt_20-opt_24,3,389.711
ip_17,ip_24,ip_17_ip_24_p7,opt_17,opt_24,opt_17-opt_19-opt_10-opt_20-opt_24,4,390.501
ip_17,ip_24,ip_17_ip_24_p8,opt_17,opt_24,opt_17-opt_20-opt_10-opt_24,3,483.480
ip_17,ip_24,ip_17_ip_24_p9,opt_17,opt_24,opt_17-opt_20-opt_7-opt_24,3,495.032
ip_17,ip_25,ip_17_ip_25_p0,opt_17,opt_25,opt_17-opt_20-opt_25,2,412.000
ip_17,ip_25,ip_17_ip_25_p1,opt_17,opt_25,opt_17-opt_24-opt_25,2,427.456
ip_17,ip_25,ip_17_ip_25_p2,opt_17,opt_25,opt_17-opt_20-opt_24-opt_25,3,429.114
ip_17,ip_25,ip_17_ip_25_p3,opt_17,opt_25,opt_17-opt_10-opt_25,2,435.050
ip_17,ip_25,ip_17_ip_25_p4,opt_17,opt_25,opt_17-opt_10-opt_20-opt_25,3,435.075
ip_17,ip_25,ip_17_ip_25_p5,opt_17,opt_25,opt_17-opt_10-opt_24-opt_25,3,448.323
ip_17,ip_25,ip_17_ip_25_p6,opt_17,opt_25,opt_17-opt_10-opt_20-opt_24-opt_25,4,452.189
ip_17,ip_25,ip_17_ip_25_p7,opt_17,opt_25,opt_17-opt_20-opt_7-opt_25,3,462.942
ip_17,ip_25,ip_17_ip_25_p8,opt_17,opt_25,opt_17-opt_19-opt_20-opt_25,3,472.719
ip_17,ip_25,ip_17_ip_25_p9,opt_17,opt_25,opt_17-opt_19-opt_10-opt_25,3,473.484
ip_17,ip_26,ip_17_ip_26_p0,opt_17,opt_26,opt_17-opt_26,1,401.383
ip_17,ip_26,ip_17_ip_26_p1,opt_17,opt_26,opt_17-opt_21-opt_26,2,401.419
ip_17,ip_26,ip_17_ip_26_p2,opt_17,opt_26,opt_17-opt_9-opt_26,2,476.475
ip_17,ip_26,ip_17_ip_26_p3,opt_17,opt_26,opt_17-opt_9-opt_21-opt_26,3,492.241
ip_17,ip_26,ip_17_ip_26_p4,opt_17,opt_26,opt_17-opt_19-opt_26,2,613.986
ip_17,ip_26,ip_17_ip_26_p5,opt_17,opt_26,opt_17-opt_9-opt_12-opt_26,3,629.996
ip_17,ip_26,ip_17_ip_26_p6,opt_17,opt_26,opt_17-opt_9-opt_12-opt_21-opt_26,4,720.085
ip_17,ip_26,ip_17_ip_26_p7,opt_17,opt_26,opt_17-opt_19-opt_9-opt_26,3,734.944
ip_17,ip_26,ip_17_ip_26_p8,opt_17,opt_26,opt_17-opt_21-opt_12-opt_26,3,744.490
ip_17,ip_26,ip_17_ip_26_p9,opt_17,opt_26,opt_17-opt_19-opt_9-opt_21-opt_26,4,750.710
ip_17,ip_27,ip_17_ip_27_p0,opt_17,opt_27,opt_17-opt_9-opt_27,2,449.900
ip_17,ip_27,ip_17_ip_27_p1,opt_17,opt_27,opt_17-opt_9-opt_3-opt_27,3,471.986
ip_17,ip_27,ip_17_ip_27_p2,opt_17,opt_27,opt_17-opt_11-opt_27,2,506.681
ip_17,ip_27,ip_17_ip_27_p3,opt_17,opt_27,opt_17-opt_11-opt_3-opt_27,3,568.119
ip_17,ip_27,ip_17_ip_27_p4,opt_17,opt_27,opt_17-opt_19-opt_9-opt_27,3,708.369
ip_17,ip_27,ip_17_ip_27_p5,opt_17,opt_27,opt_17-opt_10-opt_11-opt_27,3,722.696
ip_17,ip_27,ip_17_ip_27_p6,opt_17,opt_27,opt_17-opt_19-opt_9-opt_3-opt_27,4,730.455
ip_17,ip_27,ip_17_ip_27_p7,opt_17,opt_27,opt_17-opt_21-opt_9-opt_27,3,732.410
ip_17,ip_27,ip_17_ip_27_p8,opt_17,opt_27,opt_17-opt_21-opt_9-opt_3-opt_27,4,754.496
ip_17,ip_27,ip_17_ip_27_p9,opt_17,opt_27,opt_17-opt_20-opt_11-opt_27,3,755.619
ip_17,ip_28,ip_17_ip_28_p0,opt_17,opt_28,opt_17-opt_11-opt_28,2,464.937
ip_17,ip_28,ip_17_ip_28_p1,opt_17,opt_28,opt_17-opt_20-opt_7-opt_28,3,557.295
ip_17,ip_28,ip_17_ip_28_p2,opt_17,opt_28,opt_17-opt_10-opt_28,2,560.966
ip_17,ip_28,ip_17_ip_28_p3,opt_17,opt_28,opt_17-opt_10-opt_7-opt_28,3,573.336
ip_17,ip_28,ip_17_ip_28_p4,opt_17,opt_28,opt_17-opt_10-opt_20-opt_7-opt_28,4,580.370
ip_17,ip_28,ip_17_ip_28_p5,opt_17,opt_28,opt_17-opt_19-opt_10-opt_28,3,599.400
ip_17,ip_28,ip_17_ip_28_p6,opt_17,opt_28,opt_17-opt_19-opt_7-opt_28,3,602.796
ip_17,ip_28,ip_17_ip_28_p7,opt_17,opt_28,opt_17-opt_19-opt_10-opt_7-opt_28,4,611.770
ip_17,ip_28,ip_17_ip_28_p8,opt_17,opt_28,opt_17-opt_24-opt_28,2,613.867
ip_17,ip_28,ip_17_ip_28_p9,opt_17,opt_28,opt_17-opt_20-opt_24-opt_28,3,615.525
ip_17,ip_29,ip_17_ip_29_p0,opt_17,opt_29,opt_17-opt_9-opt_3-opt_29,3,669.937
ip_17,ip_29,ip_17_ip_29_p1,opt_17,opt_29,opt_17-opt_9-opt_2-opt_29,3,691.511
ip_17,ip_29,ip_17_ip_29_p2,opt_17,opt_29,opt_17-opt_9-opt_12-opt_29,3,701.507
ip_17,ip_29,ip_17_ip_29_p3,opt_17,opt_29,opt_17-opt_9-opt_27-opt_29,3,707.441
ip_17,ip_29,ip_17_ip_29_p4,opt_17,opt_29,opt_17-opt_9-opt_27-opt_3-opt_29,4,710.921
ip_17,ip_29,ip_17_ip_29_p5,opt_17,opt_29,opt_17-opt_9-opt_12-opt_2-opt_29,4,723.739
ip_17,ip_29,ip_17_ip_29_p6,opt_17,opt_29,opt_17-opt_9-opt_3-opt_27-opt_29,4,729.527
ip_17,ip_29,ip_17_ip_29_p7,opt_17,opt_29,opt_17-opt_11-opt_27-opt_29,3,764.222
ip_17,ip_29,ip_17_ip_29_p8,opt_17,opt_29,opt_17-opt_11-opt_3-opt_29,3,766.070
ip_17,ip_29,ip_17_ip_29_p9,opt_17,opt_29,opt_17-opt_11-opt_27-opt_3-opt_29,4,767.702
ip_17,ip_30,ip_17_ip_30_p0,opt_17,opt_30,opt_17-opt_9-opt_27-opt_16-opt_30,4,858.459
ip_17,ip_30,ip_17_ip_30_p1,opt_17,opt_30,opt_17-opt_9-opt_27-opt_4-opt_30,4,863.113
ip_17,ip_30,ip_17_ip_30_p2,opt_17,opt_30,opt_17-opt_9-opt_27-opt_4-opt_16-opt_30,5,865.480
ip_17,ip_30,ip_17_ip_30_p3,opt_17,opt_30,opt_17-opt_9-opt_3-opt_16-opt_30,4,868.919
ip_17,ip_30,ip_17_ip_30_p4,opt_17,opt_30,opt_17-opt_9-opt_3-opt_4-opt_30,4,872.194
ip_17,ip_30,ip_17_ip_30_p5,opt_17,opt_30,opt_17-opt_9-opt_3-opt_4-opt_16-opt_30,5,874.561
ip_17,ip_30,ip_17_ip_30_p6,opt_17,opt_30,opt_17-opt_9-opt_27-opt_13-opt_30,4,877.165
ip_17,ip_30,ip_17_ip_30_p7,opt_17,opt_30,opt_17-opt_9-opt_27-opt_4-opt_13-opt_30,5,877.178
ip_17,ip_30,ip_17_ip_30_p8,opt_17,opt_30,opt_17-opt_9-opt_27-opt_16-opt_13-opt_30,5,878.918
ip_17,ip_30,ip_17_ip_30_p9,opt_17,opt_30,opt_17-opt_9-opt_3-opt_27-opt_16-opt_30,5,880.545
ip_17,ip_31,ip_17_ip_31_p0,opt_17,opt_31,opt_17-opt_9-opt_3-opt_29-opt_31,4,849.155
ip_17,ip_31,ip_17_ip_31_p1,opt_17,opt_31,opt_17-opt_9-opt_3-opt_29-opt_15-opt_31,5,865.044
ip_17,ip_31,ip_17_ip_31_p2,opt_17,opt_31,opt_17-opt_9-opt_2-opt_29-opt_31,4,870.729
ip_17,ip_31,ip_17_ip_31_p3,opt_17,opt_31,opt_17-opt_9-opt_12-opt_29-opt_31,4,880.725
ip_17,ip_31,ip_17_ip_31_p4,opt_17,opt_31,opt_17-opt_9-opt_2-opt_29-opt_15-opt_31,5,886.618
ip_17,ip_31,ip_17_ip_31_p5,opt_17,opt_31,opt_17-opt_9-opt_27-opt_29-opt_31,4,886.659
ip_17,ip_31,ip_17_ip_31_p6,opt_17,opt_31,opt_17-opt_9-opt_27-opt_3-opt_29-opt_31,5,890.139
ip_17,ip_31,ip_17_ip_31_p7,opt_17,opt_31,opt_17-opt_9-opt_12-opt_29-opt_15-opt_31,5,896.614
ip_17,ip_31,ip_17_ip_31_p8,opt_17,opt_31,opt_17-opt_9-opt_27-opt_29-opt_15-opt_31,5,902.548
ip_17,ip_31,ip_17_ip_31_p9,opt_17,opt_31,opt_17-opt_9-opt_12-opt_2-opt_29-opt_31,5,902.957
ip_18,ip_19,ip_18_ip_19_p0,opt_18,opt_19,opt_18-opt_3-opt_9-opt_19,3,1027.088
ip_18,ip_19,ip_18_ip_19_p1,opt_18,opt_19,opt_18-opt_14-opt_3-opt_9-opt_19,4,1029.376
ip_18,ip_19,ip_18_ip_19_p2,opt_18,opt_19,opt_18-opt_3-opt_9-opt_17-opt_19,4,1033.227
ip_18,ip_19,ip_18_ip_19_p3,opt_18,opt_19,opt_18-opt_14-opt_3-opt_9-opt_17-opt_19,5,1035.515
ip_18,ip_19,ip_18_ip_19_p4,opt_18,opt_19,opt_18-opt_4-opt_27-opt_9-opt_19,4,1039.638
ip_18,ip_19,ip_18_ip_19_p5,opt_18,opt_19,opt_18-opt_14-opt_7-opt_19,3,1045.072
ip_18,ip_19,ip_18_ip_19_p6,opt_18,opt_19,opt_18-opt_4-opt_27-opt_9-opt_17-opt_19,5,1045.777
ip_18,ip_19,ip_18_ip_19_p7,opt_18,opt_19,opt_18-opt_4-opt_3-opt_9-opt_19,4,1048.719
ip_18,ip_19,ip_18_ip_19_p8,opt_18,opt_19,opt_18-opt_16-opt_27-opt_9-opt_19,4,1050.187
ip_18,ip_19,ip_18_ip_19_p9,opt_18,opt_19,opt_18-opt_14-opt_7-opt_10-opt_19,4,1054.046
ip_18,ip_20,ip_18_ip_20_p0,opt_18,opt_20,opt_18-opt_14-opt_7-opt_20,3,890.289
ip_18,ip_20,ip_18_ip_20_p1,opt_18,opt_20,opt_18-opt_14-opt_7-opt_24-opt_20,4,952.997
ip_18,ip_20,ip_18_ip_20_p2,opt_18,opt_20,opt_18-opt_4-opt_27-opt_11-opt_20,4,977.606
ip_18,ip_20,ip_18_ip_20_p3,opt_18,opt_20,opt_18-opt_16-opt_27-opt_11-opt_20,4,988.155
ip_18,ip_20,ip_18_ip_20_p4,opt_18,opt_20,opt_18-opt_13-opt_14-opt_7-opt_20,4,993.162
ip_18,ip_20,ip_18_ip_20_p5,opt_18,opt_20,opt_18-opt_16-opt_4-opt_27-opt_11-opt_20,5,995.176
ip_18,ip_20,ip_18_ip_20_p6,opt_18,opt_20,opt_18-opt_13-opt_27-opt_11-opt_20,4,995.941
ip_18,ip_20,ip_18_ip_20_p7,opt_18,opt_20,opt_18-opt_13-opt_4-opt_27-opt_11-opt_20,5,995.954
ip_18,ip_20,ip_18_ip_20_p8,opt_18,opt_20,opt_18-opt_13-opt_16-opt_27-opt_11-opt_20,5,997.694
ip_18,ip_20,ip_18_ip_20_p9,opt_18,opt_20,opt_18-opt_14-opt_7-opt_25-opt_20,4,1003.915
ip_18,ip_21,ip_18_ip_21_p0,opt_18,opt_21,opt_18-opt_21,1,871.956
ip_18,ip_21,ip_18_ip_21_p1,opt_18,opt_21,opt_18-opt_3-opt_9-opt_21,3,878.821
ip_18,ip_21,ip_18_ip_21_p2,opt_18,opt_21,opt_18-opt_14-opt_3-opt_9-opt_21,4,881.109
ip_18,ip_21,ip_18_ip_21_p3,opt_18,opt_21,opt_18-opt_4-opt_27-opt_9-opt_21,4,891.371
ip_18,ip_21,ip_18_ip_21_p4,opt_18,opt_21,opt_18-opt_4-opt_3-opt_9-opt_21,4,900.452
ip_18,ip_21,ip_18_ip_21_p5,opt_18,opt_21,opt_18-opt_16-opt_27-opt_9-opt_21,4,901.920
ip_18,ip_21,ip_18_ip_21_p6,opt_18,opt_21,opt_18-opt_16-opt_4-opt_27-opt_9-opt_21,5,908.941
ip_18,ip_21,ip_18_ip_21_p7,opt_18,opt_21,opt_18-opt_13-opt_27-opt_9-opt_21,4,909.706
ip_18,ip_21,ip_18_ip_21_p8,opt_18,opt_21,opt_18-opt_13-opt_4-opt_27-opt_9-opt_21,5,909.719
ip_18,ip_21,ip_18_ip_21_p9,opt_18,opt_21,opt_18-opt_13-opt_16-opt_27-opt_9-opt_21,5,911.459
ip_18,ip_22,ip_18_ip_22_p0,opt_18,opt_22,opt_18-opt_14-opt_2-opt_22,3,936.027
ip_18,ip_22,ip_18_ip_22_p1,opt_18,opt_22,opt_18-opt_3-opt_2-opt_22,3,1002.458
ip_18,ip_22,ip_18_ip_22_p2,opt_18,opt_22,opt_18-opt_14-opt_3-opt_2-opt_22,4,1004.746
ip_18,ip_22,ip_18_ip_22_p3,opt_18,opt_22,opt_18-opt_4-opt_3-opt_2-opt_22,4,1024.089
ip_18,ip_22,ip_18_ip_22_p4,opt_18,opt_22,opt_18-opt_16-opt_3-opt_2-opt_22,4,1036.017
ip_18,ip_22,ip_18_ip_22_p5,opt_18,opt_22,opt_18-opt_4-opt_27-opt_3-opt_2-opt_22,5,1037.094
ip_18,ip_22,ip_18_ip_22_p6,opt_18,opt_22,opt_18-opt_13-opt_14-opt_2-opt_22,4,1038.900
ip_18,ip_22,ip_18_ip_22_p7,opt_18,opt_22,opt_18-opt_16-opt_4-opt_3-opt_2-opt_22,5,1041.659
ip_18,ip_22,ip_18_ip_22_p8,opt_18,opt_22,opt_18-opt_13-opt_4-opt_3-opt_2-opt_22,5,1042.437
ip_18,ip_22,ip_18_ip_22_p9,opt_18,opt_22,opt_18-opt_13-opt_16-opt_3-opt_2-opt_22,5,1045.556
ip_18,ip_23,ip_18_ip_23_p0,opt_18,opt_23,opt_18-opt_4-opt_23,2,916.753
ip_18,ip_23,ip_18_ip_23_p1,opt_18,opt_23,opt_18-opt_14-opt_2-opt_23,3,920.309
ip_18,ip_23,ip_18_ip_23_p2,opt_18,opt_23,opt_18-opt_14-opt_6-opt_31-opt_23,4,928.365
ip_18,ip_23,ip_18_ip_23_p3,opt_18,opt_23,opt_18-opt_16-opt_4-opt_23,3,934.323
ip_18,ip_23,ip_18_ip_23_p4,opt_18,opt_23,opt_18-opt_13-opt_4-opt_23,3,935.101
ip_18,ip_23,ip_18_ip_23_p5,opt_18,opt_23,opt_18-opt_14-opt_6-opt_15-opt_31-opt_23,5,935.900
ip_18,ip_23,ip_18_ip_23_p6,opt_18,opt_23,opt_18-opt_13-opt_16-opt_4-opt_23,4,943.862
ip_18,ip_23,ip_18_ip_23_p7,opt_18,opt_23,opt_18-opt_14-opt_4-opt_23,3,964.867
ip_18,ip_23,ip_18_ip_23_p8,opt_18,opt_23,opt_18-opt_8-opt_6-opt_31-opt_23,4,968.043
ip_18,ip_23,ip_18_ip_23_p9,opt_18,opt_23,opt_18-opt_0-opt_8-opt_6-opt_31-opt_23,5,968.794
ip_18,ip_24,ip_18_ip_24_p0,opt_18,opt_24,opt_18-opt_14-opt_7-opt_24,3,865.591
ip_18,ip_24,ip_18_ip_24_p1,opt_18,opt_24,opt_18-opt_14-opt_7-opt_25-opt_24,4,933.623
ip_18,ip_24,ip_18_ip_24_p2,opt_18,opt_24,opt_18-opt_13-opt_14-opt_7-opt_24,4,968.464
ip_18,ip_24,ip_18_ip_24_p3,opt_18,opt_24,opt_18-opt_14-opt_7-opt_20-opt_24,4,977.695
ip_18,ip_24,ip_18_ip_24_p4,opt_18,opt_24,opt_18-opt_4-opt_27-opt_11-opt_24,4,1013.137
ip_18,ip_24,ip_18_ip_24_p5,opt_18,opt_24,opt_18-opt_4-opt_14-opt_7-opt_24,4,1022.861
ip_18,ip_24,ip_18_ip_24_p6,opt_18,opt_24,opt_18-opt_16-opt_27-opt_11-opt_24,4,1023.686
ip_18,ip_24,ip_18_ip_24_p7,opt_18,opt_24,opt_18-opt_4-opt_27-opt_7-opt_24,4,1029.689
ip_18,ip_24,ip_18_ip_24_p8,opt_18,opt_24,opt_18-opt_16-opt_4-opt_27-opt_11-opt_24,5,1030.707
ip_18,ip_24,ip_18_ip_24_p9,opt_18,opt_24,opt_18-opt_13-opt_27-opt_11-opt_24,4,1031.472
ip_18,ip_25,ip_18_ip_25_p0,opt_18,opt_25,opt_18-opt_14-opt_7-opt_25,3,833.501
ip_18,ip_25,ip_18_ip_25_p1,opt_18,opt_25,opt_18-opt_13-opt_14-opt_7-opt_25,4,936.374
ip_18,ip_25,ip_18_ip_25_p2,opt_18,opt_25,opt_18-opt_14-opt_7-opt_24-opt_25,4,965.713
ip_18,ip_25,ip_18_ip_25_p3,opt_18,opt_25,opt_18-opt_4-opt_14-opt_7-opt_25,4,990.771
ip_18,ip_25,ip_18_ip_25_p4,opt_18,opt_25,opt_18-opt_4-opt_27-opt_7-opt_25,4,997.599
ip_18,ip_25,ip_18_ip_25_p5,opt_18,opt_25,opt_18-opt_4-opt_27-opt_11-opt_25,4,998.909
ip_18,ip_25,ip_18_ip_25_p6,opt_18,opt_25,opt_18-opt_16-opt_14-opt_7-opt_25,4,1001.090
ip_18,ip_25,ip_18_ip_25_p7,opt_18,opt_25,opt_18-opt_4-opt_27-opt_11-opt_7-opt_25,5,1001.187
ip_18,ip_25,ip_18_ip_25_p8,opt_18,opt_25,opt_18-opt_16-opt_27-opt_7-opt_25,4,1008.148
ip_18,ip_25,ip_18_ip_25_p9,opt_18,opt_25,opt_18-opt_16-opt_4-opt_14-opt_7-opt_25,5,1008.341
ip_18,ip_26,ip_18_ip_26_p0,opt_18,opt_26,opt_18-opt_3-opt_9-opt_26,3,959.862
ip_18,ip_26,ip_18_ip_26_p1,opt_18,opt_26,opt_18-opt_14-opt_3-opt_9-opt_26,4,962.150
ip_18,ip_26,ip_18_ip_26_p2,opt_18,opt_26,opt_18-opt_21-opt_26,2,968.763
ip_18,ip_26,ip_18_ip_26_p3,opt_18,opt_26,opt_18-opt_4-opt_27-opt_9-opt_26,4,972.412
ip_18,ip_26,ip_18_ip_26_p4,opt_18,opt_26,opt_18-opt_3-opt_9-opt_21-opt_26,4,975.628
ip_18,ip_26,ip_18_ip_26_p5,opt_18,opt_26,opt_18-opt_14-opt_3-opt_9-opt_21-opt_26,5,977.916
ip_18,ip_26,ip_18_ip_26_p6,opt_18,opt_26,opt_18-opt_4-opt_3-opt_9-opt_26,4,981.493
ip_18,ip_26,ip_18_ip_26_p7,opt_18,opt_26,opt_18-opt_16-opt_27-opt_9-opt_26,4,982.961
ip_18,ip_26,ip_18_ip_26_p8,opt_18,opt_26,opt_18-opt_4-opt_27-opt_9-opt_21-opt_26,5,988.178
ip_18,ip_26,ip_18_ip_26_p9,opt_18,opt_26,opt_18-opt_16-opt_4-opt_27-opt_9-opt_26,5,989.982
ip_18,ip_27,ip_18_ip_27_p0,opt_18,opt_27,opt_18-opt_4-opt_27,2,463.573
ip_18,ip_27,ip_18_ip_27_p1,opt_18,opt_27,opt_18-opt_16-opt_27,2,474.122
ip_18,ip_27,ip_18_ip_27_p2,opt_18,opt_27,opt_18-opt_16-opt_4-opt_27,3,481.143
ip_18,ip_27,ip_18_ip_27_p3,opt_18,opt_27,opt_18-opt_13-opt_27,2,481.908
ip_18,ip_27,ip_18_ip_27_p4,opt_18,opt_27,opt_18-opt_13-opt_4-opt_27,3,481.921
ip_18,ip_27,ip_18_ip_27_p5,opt_18,opt_27,opt_18-opt_13-opt_16-opt_27,3,483.661
ip_18,ip_27,ip_18_ip_27_p6,opt_18,opt_27,opt_18-opt_13-opt_16-opt_4-opt_27,4,490.682
ip_18,ip_27,ip_18_ip_27_p7,opt_18,opt_27,opt_18-opt_3-opt_27,2,492.007
ip_18,ip_27,ip_18_ip_27_p8,opt_18,opt_27,opt_18-opt_14-opt_3-opt_27,3,494.295
ip_18,ip_27,ip_18_ip_27_p9,opt_18,opt_27,opt_18-opt_4-opt_16-opt_27,3,496.688
ip_18,ip_28,ip_18_ip_28_p0,opt_18,opt_28,opt_18-opt_4-opt_27-opt_11-opt_28,4,913.717
ip_18,ip_28,ip_18_ip_28_p1,opt_18,opt_28,opt_18-opt_16-opt_27-opt_11-opt_28,4,924.266
ip_18,ip_28,ip_18_ip_28_p2,opt_18,opt_28,opt_18-opt_14-opt_7-opt_28,3,927.854
ip_18,ip_28,ip_18_ip_28_p3,opt_18,opt_28,opt_18-opt_16-opt_4-opt_27-opt_11-opt_28,5,931.287
ip_18,ip_28,ip_18_ip_28_p4,opt_18,opt_28,opt_18-opt_13-opt_27-opt_11-opt_28,4,932.052
ip_18,ip_28,ip_18_ip_28_p5,opt_18,opt_28,opt_18-opt_13-opt_4-opt_27-opt_11-opt_28,5,932.065
ip_18,ip_28,ip_18_ip_28_p6,opt_18,opt_28,opt_18-opt_13-opt_16-opt_27-opt_11-opt_28,5,933.805
ip_18,ip_28,ip_18_ip_28_p7,opt_18,opt_28,opt_18-opt_3-opt_11-opt_28,3,940.519
ip_18,ip_28,ip_18_ip_28_p8,opt_18,opt_28,opt_18-opt_13-opt_16-opt_4-opt_27-opt_11-opt_28,6,940.826
ip_18,ip_28,ip_18_ip_28_p9,opt_18,opt_28,opt_18-opt_3-opt_27-opt_11-opt_28,4,942.151
ip_18,ip_29,ip_18_ip_29_p0,opt_18,opt_29,opt_18-opt_3-opt_29,2,689.958
ip_18,ip_29,ip_18_ip_29_p1,opt_18,opt_29,opt_18-opt_14-opt_3-opt_29,3,692.246
ip_18,ip_29,ip_18_ip_29_p2,opt_18,opt_29,opt_18-opt_14-opt_6-opt_29,3,709.087
ip_18,ip_29,ip_18_ip_29_p3,opt_18,opt_29,opt_18-opt_4-opt_3-opt_29,3,711.589
ip_18,ip_29,ip_18_ip_29_p4,opt_18,opt_29,opt_18-opt_4-opt_27-opt_29,3,721.114
ip_18,ip_29,ip_18_ip_29_p5,opt_18,opt_29,opt_18-opt_16-opt_3-opt_29,3,723.517
ip_18,ip_29,ip_18_ip_29_p6,opt_18,opt_29,opt_18-opt_4-opt_27-opt_3-opt_29,4,724.594
ip_18,ip_29,ip_18_ip_29_p7,opt_18,opt_29,opt_18-opt_16-opt_4-opt_3-opt_29,4,729.159
ip_18,ip_29,ip_18_ip_29_p8,opt_18,opt_29,opt_18-opt_13-opt_4-opt_3-opt_29,4,729.937
ip_18,ip_29,ip_18_ip_29_p9,opt_18,opt_29,opt_18-opt_16-opt_27-opt_29,3,731.663
ip_18,ip_30,ip_18_ip_30_p0,opt_18,opt_30,opt_18-opt_30,1,177.188
ip_18,ip_30,ip_18_ip_30_p1,opt_18,opt_30,opt_18-opt_13-opt_30,2,238.181
ip_18,ip_30,ip_18_ip_30_p2,opt_18,opt_30,opt_18-opt_16-opt_30,2,358.845
ip_18,ip_30,ip_18_ip_30_p3,opt_18,opt_30,opt_18-opt_14-opt_30,2,367.221
ip_18,ip_30,ip_18_ip_30_p4,opt_18,opt_30,opt_18-opt_13-opt_16-opt_30,3,368.384
ip_18,ip_30,ip_18_ip_30_p5,opt_18,opt_30,opt_18-opt_14-opt_13-opt_30,3,368.478
ip_18,ip_30,ip_18_ip_30_p6,opt_18,opt_30,opt_18-opt_4-opt_30,2,379.044
ip_18,ip_30,ip_18_ip_30_p7,opt_18,opt_30,opt_18-opt_16-opt_13-opt_30,3,379.304
ip_18,ip_30,ip_18_ip_30_p8,opt_18,opt_30,opt_18-opt_4-opt_16-opt_30,3,381.411
ip_18,ip_30,ip_18_ip_30_p9,opt_18,opt_30,opt_18-opt_4-opt_13-opt_30,3,393.109
ip_18,ip_31,ip_18_ip_31_p0,opt_18,opt_31,opt_18-opt_14-opt_6-opt_31,3,594.659
ip_18,ip_31,ip_18_ip_31_p1,opt_18,opt_31,opt_18-opt_14-opt_6-opt_15-opt_31,4,602.194
ip_18,ip_31,ip_18_ip_31_p2,opt_18,opt_31,opt_18-opt_8-opt_6-opt_31,3,634.337
ip_18,ip_31,ip_18_ip_31_p3,opt_18,opt_31,opt_18-opt_0-opt_8-opt_6-opt_31,4,635.088
ip_18,ip_31,ip_18_ip_31_p4,opt_18,opt_31,opt_18-opt_8-opt_6-opt_15-opt_31,4,641.872
ip_18,ip_31,ip_18_ip_31_p5,opt_18,opt_31,opt_18-opt_0-opt_8-opt_6-opt_15-opt_31,5,642.623
ip_18,ip_31,ip_18_ip_31_p6,opt_18,opt_31,opt_18-opt_13-opt_14-opt_6-opt_31,4,697.532
ip_18,ip_31,ip_18_ip_31_p7,opt_18,opt_31,opt_18-opt_16-opt_31,2,700.176
ip_18,ip_31,ip_18_ip_31_p8,opt_18,opt_31,opt_18-opt_13-opt_14-opt_6-opt_15-opt_31,5,705.067
ip_18,ip_31,ip_18_ip_31_p9,opt_18,opt_31,opt_18-opt_13-opt_16-opt_31,3,709.715
ip_19,ip_20,ip_19_ip_20_p0,opt_19,opt_20,opt_19-opt_20,1,170.001
ip_19,ip_20,ip_19_ip_20_p1,opt_19,opt_20,opt_19-opt_10-opt_20,2,170.791
ip_19,ip_20,ip_19_ip_20_p2,opt_19,opt_20,opt_19-opt_24-opt_20,2,341.703
ip_19,ip_20,ip_19_ip_20_p3,opt_19,opt_20,opt_19-opt_10-opt_24-opt_20,3,341.737
ip_19,ip_20,ip_19_ip_20_p4,opt_19,opt_20,opt_19-opt_17-opt_20,2,373.890
ip_19,ip_20,ip_19_ip_20_p5,opt_19,opt_20,opt_19-opt_17-opt_10-opt_20,3,396.965
ip_19,ip_20,ip_19_ip_20_p6,opt_19,opt_20,opt_19-opt_7-opt_20,2,432.927
ip_19,ip_20,ip_19_ip_20_p7,opt_19,opt_20,opt_19-opt_10-opt_7-opt_20,3,441.901
ip_19,ip_20,ip_19_ip_20_p8,opt_19,opt_20,opt_19-opt_7-opt_24-opt_20,3,495.635
ip_19,ip_20,ip_19_ip_20_p9,opt_19,opt_20,opt_19-opt_24-opt_10-opt_20,3,496.191
ip_19,ip_21,ip_19_ip_21_p0,opt_19,opt_21,opt_19-opt_17-opt_21,2,436.916
ip_19,ip_21,ip_19_ip_21_p1,opt_19,opt_21,opt_19-opt_9-opt_21,2,521.599
ip_19,ip_21,ip_19_ip_21_p2,opt_19,opt_21,opt_19-opt_17-opt_9-opt_21,3,527.738
ip_19,ip_21,ip_19_ip_21_p3,opt_19,opt_21,opt_19-opt_26-opt_21,2,578.489
ip_19,ip_21,ip_19_ip_21_p4,opt_19,opt_21,opt_19-opt_10-opt_17-opt_21,3,581.710
ip_19,ip_21,ip_19_ip_21_p5,opt_19,opt_21,opt_19-opt_17-opt_26-opt_21,3,630.494
ip_19,ip_21,ip_19_ip_21_p6,opt_19,opt_21,opt_19-opt_10-opt_17-opt_9-opt_21,4,672.532
ip_19,ip_21,ip_19_ip_21_p7,opt_19,opt_21,opt_19-opt_9-opt_26-opt_21,3,699.447
ip_19,ip_21,ip_19_ip_21_p8,opt_19,opt_21,opt_19-opt_17-opt_9-opt_26-opt_21,4,705.586
ip_19,ip_21,ip_19_ip_21_p9,opt_19,opt_21,opt_19-opt_20-opt_21,2,710.507
ip_19,ip_22,ip_19_ip_22_p0,opt_19,opt_22,opt_19-opt_12-opt_22,2,787.157
ip_19,ip_22,ip_19_ip_22_p1,opt_19,opt_22,opt_19-opt_9-opt_12-opt_22,3,794.376
ip_19,ip_22,ip_19_ip_22_p2,opt_19,opt_22,opt_19-opt_17-opt_9-opt_12-opt_22,4,800.515
ip_19,ip_22,ip_19_ip_22_p3,opt_19,opt_22,opt_19-opt_9-opt_2-opt_22,3,853.322
ip_19,ip_22,ip_19_ip_22_p4,opt_19,opt_22,opt_19-opt_17-opt_9-opt_2-opt_22,4,859.461
ip_19,ip_22,ip_19_ip_22_p5,opt_19,opt_22,opt_19-opt_12-opt_2-opt_22,3,878.331
ip_19,ip_22,ip_19_ip_22_p6,opt_19,opt_22,opt_19-opt_9-opt_12-opt_2-opt_22,4,885.550
ip_19,ip_22,ip_19_ip_22_p7,opt_19,opt_22,opt_19-opt_17-opt_9-opt_12-opt_2-opt_22,5,891.689
ip_19,ip_22,ip_19_ip_22_p8,opt_19,opt_22,opt_19-opt_17-opt_21-opt_12-opt_22,4,915.009
ip_19,ip_22,ip_19_ip_22_p9,opt_19,opt_22,opt_19-opt_10-opt_17-opt_9-opt_12-opt_22,5,945.309
ip_19,ip_23,ip_19_ip_23_p0,opt_19,opt_23,opt_19-opt_12-opt_23,2,836.163
ip_19,ip_23,ip_19_ip_23_p1,opt_19,opt_23,opt_19-opt_9-opt_2-opt_23,3,837.604
ip_19,ip_23,ip_19_ip_23_p2,opt_19,opt_23,opt_19-opt_9-opt_12-opt_23,3,843.382
ip_19,ip_23,ip_19_ip_23_p3,opt_19,opt_23,opt_19-opt_17-opt_9-opt_2-opt_23,4,843.743
ip_19,ip_23,ip_19_ip_23_p4,opt_19,opt_23,opt_19-opt_17-opt_9-opt_12-opt_23,4,849.521
ip_19,ip_23,ip_19_ip_23_p5,opt_19,opt_23,opt_19-opt_12-opt_2-opt_23,3,862.613
ip_19,ip_23,ip_19_ip_23_p6,opt_19,opt_23,opt_19-opt_9-opt_12-opt_2-opt_23,4,869.832
ip_19,ip_23,ip_19_ip_23_p7,opt_19,opt_23,opt_19-opt_17-opt_9-opt_12-opt_2-opt_23,5,875.971
ip_19,ip_23,ip_19_ip_23_p8,opt_19,opt_23,opt_19-opt_17-opt_21-opt_12-opt_23,4,964.015
ip_19,ip_23,ip_19_ip_23_p9,opt_19,opt_23,opt_19-opt_12-opt_22-opt_23,3,965.439
ip_19,ip_24,ip_19_ip_24_p0,opt_19,opt_24,opt_19-opt_24,1,254.297
ip_19,ip_24,ip_19_ip_24_p1,opt_19,opt_24,opt_19-opt_10-opt_24,2,254.331
ip_19,ip_24,ip_19_ip_24_p2,opt_19,opt_24,opt_19-opt_20-opt_24,2,257.407
ip_19,ip_24,ip_19_ip_24_p3,opt_19,opt_24,opt_19-opt_10-opt_20-opt_24,3,258.197
ip_19,ip_24,ip_19_ip_24_p4,opt_19,opt_24,opt_19-opt_7-opt_24,2,408.229
ip_19,ip_24,ip_19_ip_24_p5,opt_19,opt_24,opt_19-opt_20-opt_10-opt_24,3,411.895
ip_19,ip_24,ip_19_ip_24_p6,opt_19,opt_24,opt_19-opt_10-opt_7-opt_24,3,417.203
ip_19,ip_24,ip_19_ip_24_p7,opt_19,opt_24,opt_19-opt_20-opt_7-opt_24,3,423.447
ip_19,ip_24,ip_19_ip_24_p8,opt_19,opt_24,opt_19-opt_10-opt_20-opt_7-opt_24,4,424.237
ip_19,ip_24,ip_19_ip_24_p9,opt_19,opt_24,opt_19-opt_20-opt_25-opt_24,3,440.537
ip_19,ip_25,ip_19_ip_25_p0,opt_19,opt_25,opt_19-opt_20-opt_25,2,340.415
ip_19,ip_25,ip_19_ip_25_p1,opt_19,opt_25,opt_19-opt_10-opt_25,2,341.180
ip_19,ip_25,ip_19_ip_25_p2,opt_19,opt_25,opt_19-opt_10-opt_20-opt_25,3,341.205
ip_19,ip_25,ip_19_ip_25_p3,opt_19,opt_25,opt_19-opt_24-opt_25,2,354.419
ip_19,ip_25,ip_19_ip_25_p4,opt_19,opt_25,opt_19-opt_10-opt_24-opt_25,3,354.453
ip_19,ip_25,ip_19_ip_25_p5,opt_19,opt_25,opt_19-opt_20-opt_24-opt_25,3,357.529
ip_19,ip_25,ip_19_ip_25_p6,opt_19,opt_25,opt_19-opt_10-opt_20-opt_24-opt_25,4,358.319
ip_19,ip_25,ip_19_ip_25_p7,opt_19,opt_25,opt_19-opt_7-opt_25,2,376.139
ip_19,ip_25,ip_19_ip_25_p8,opt_19,opt_25,opt_19-opt_10-opt_7-opt_25,3,385.113
ip_19,ip_25,ip_19_ip_25_p9,opt_19,opt_25,opt_19-opt_20-opt_7-opt_25,3,391.357
ip_19,ip_26,ip_19_ip_26_p0,opt_19,opt_26,opt_19-opt_26,1,481.682
ip_19,ip_26,ip_19_ip_26_p1,opt_19,opt_26,opt_19-opt_17-opt_26,2,533.687
ip_19,ip_26,ip_19_ip_26_p2,opt_19,opt_26,opt_19-opt_17-opt_21-opt_26,3,533.723
ip_19,ip_26,ip_19_ip_26_p3,opt_19,opt_26,opt_19-opt_9-opt_26,2,602.640
ip_19,ip_26,ip_19_ip_26_p4,opt_19,opt_26,opt_19-opt_17-opt_9-opt_26,3,608.779
ip_19,ip_26,ip_19_ip_26_p5,opt_19,opt_26,opt_19-opt_9-opt_21-opt_26,3,618.406
ip_19,ip_26,ip_19_ip_26_p6,opt_19,opt_26,opt_19-opt_17-opt_9-opt_21-opt_26,4,624.545
ip_19,ip_26,ip_19_ip_26_p7,opt_19,opt_26,opt_19-opt_10-opt_17-opt_26,3,678.481
ip_19,ip_26,ip_19_ip_26_p8,opt_19,opt_26,opt_19-opt_10-opt_17-opt_21-opt_26,4,678.517
ip_19,ip_26,ip_19_ip_26_p9,opt_19,opt_26,opt_19-opt_12-opt_26,2,748.942
ip_19,ip_27,ip_19_ip_27_p0,opt_19,opt_27,opt_19-opt_9-opt_27,2,576.065
ip_19,ip_27,ip_19_ip_27_p1,opt_19,opt_27,opt_19-opt_17-opt_9-opt_27,3,582.204
ip_19,ip_27,ip_19_ip_27_p2,opt_19,opt_27,opt_19-opt_9-opt_3-opt_27,3,598.151
ip_19,ip_27,ip_19_ip_27_p3,opt_19,opt_27,opt_19-opt_17-opt_9-opt_3-opt_27,4,604.290
ip_19,ip_27,ip_19_ip_27_p4,opt_19,opt_27,opt_19-opt_10-opt_11-opt_27,3,628.826
ip_19,ip_27,ip_19_ip_27_p5,opt_19,opt_27,opt_19-opt_17-opt_11-opt_27,3,638.985
ip_19,ip_27,ip_19_ip_27_p6,opt_19,opt_27,opt_19-opt_20-opt_11-opt_27,3,684.034
ip_19,ip_27,ip_19_ip_27_p7,opt_19,opt_27,opt_19-opt_10-opt_20-opt_11-opt_27,4,684.824
ip_19,ip_27,ip_19_ip_27_p8,opt_19,opt_27,opt_19-opt_10-opt_11-opt_3-opt_27,4,690.264
ip_19,ip_27,ip_19_ip_27_p9,opt_19,opt_27,opt_19-opt_17-opt_11-opt_3-opt_27,4,700.423
ip_19,ip_28,ip_19_ip_28_p0,opt_19,opt_28,opt_19-opt_10-opt_28,2,467.096
ip_19,ip_28,ip_19_ip_28_p1,opt_19,opt_28,opt_19-opt_7-opt_28,2,470.492
ip_19,ip_28,ip_19_ip_28_p2,opt_19,opt_28,opt_19-opt_10-opt_7-opt_28,3,479.466
ip_19,ip_28,ip_19_ip_28_p3,opt_19,opt_28,opt_19-opt_20-opt_7-opt_28,3,485.710
ip_19,ip_28,ip_19_ip_28_p4,opt_19,opt_28,opt_19-opt_10-opt_20-opt_7-opt_28,4,486.500
ip_19,ip_28,ip_19_ip_28_p5,opt_19,opt_28,opt_19-opt_24-opt_28,2,540.830
ip_19,ip_28,ip_19_ip_28_p6,opt_19,opt_28,opt_19-opt_10-opt_24-opt_28,3,540.864
ip_19,ip_28,ip_19_ip_28_p7,opt_19,opt_28,opt_19-opt_20-opt_24-opt_28,3,543.940
ip_19,ip_28,ip_19_ip_28_p8,opt_19,opt_28,opt_19-opt_10-opt_20-opt_24-opt_28,4,544.730
ip_19,ip_28,ip_19_ip_28_p9,opt_19,opt_28,opt_19-opt_24-opt_7-opt_28,3,545.308
ip_19,ip_29,ip_19_ip_29_p0,opt_19,opt_29,opt_19-opt_9-opt_3-opt_29,3,796.102
ip_19,ip_29,ip_19_ip_29_p1,opt_19,opt_29,opt_19-opt_17-opt_9-opt_3-opt_29,4,802.241
ip_19,ip_29,ip_19_ip_29_p2,opt_19,opt_29,opt_19-opt_9-opt_2-opt_29,3,817.676
ip_19,ip_29,ip_19_ip_29_p3,opt_19,opt_29,opt_19-opt_12-opt_29,2,820.453
ip_19,ip_29,ip_19_ip_29_p4,opt_19,opt_29,opt_19-opt_17-opt_9-opt_2-opt_29,4,823.815
ip_19,ip_29,ip_19_ip_29_p5,opt_19,opt_29,opt_19-opt_9-opt_12-opt_29,3,827.672
ip_19,ip_29,ip_19_ip_29_p6,opt_19,opt_29,opt_19-opt_9-opt_27-opt_29,3,833.606
ip_19,ip_29,ip_19_ip_29_p7,opt_19,opt_29,opt_19-opt_17-opt_9-opt_12-opt_29,4,833.811
ip_19,ip_29,ip_19_ip_29_p8,opt_19,opt_29,opt_19-opt_9-opt_27-opt_3-opt_29,4,837.086
ip_19,ip_29,ip_19_ip_29_p9,opt_19,opt_29,opt_19-opt_17-opt_9-opt_27-opt_29,4,839.745
ip_19,ip_30,ip_19_ip_30_p0,opt_19,opt_30,opt_19-opt_9-opt_27-opt_16-opt_30,4,984.624
ip_19,ip_30,ip_19_ip_30_p1,opt_19,opt_30,opt_19-opt_9-opt_27-opt_4-opt_30,4,989.278
ip_19,ip_30,ip_19_ip_30_p2,opt_19,opt_30,opt_19-opt_17-opt_9-opt_27-opt_16-opt_30,5,990.763
ip_19,ip_30,ip_19_ip_30_p3,opt_19,opt_30,opt_19-opt_9-opt_27-opt_4-opt_16-opt_30,5,991.645
ip_19,ip_30,ip_19_ip_30_p4,opt_19,opt_30,opt_19-opt_9-opt_3-opt_16-opt_30,4,995.084
ip_19,ip_30,ip_19_ip_30_p5,opt_19,opt_30,opt_19-opt_17-opt_9-opt_27-opt_4-opt_30,5,995.417
ip_19,ip_30,ip_19_ip_30_p6,opt_19,opt_30,opt_19-opt_17-opt_9-opt_27-opt_4-opt_16-opt_30,6,997.784
ip_19,ip_30,ip_19_ip_30_p7,opt_19,opt_30,opt_19-opt_9-opt_3-opt_4-opt_30,4,998.359
ip_19,ip_30,ip_19_ip_30_p8,opt_19,opt_30,opt_19-opt_9-opt_3-opt_4-opt_16-opt_30,5,1000.726
ip_19,ip_30,ip_19_ip_30_p9,opt_19,opt_30,opt_19-opt_17-opt_9-opt_3-opt_16-opt_30,5,1001.223
ip_19,ip_31,ip_19_ip_31_p0,opt_19,opt_31,opt_19-opt_9-opt_3-opt_29-opt_31,4,975.320
ip_19,ip_31,ip_19_ip_31_p1,opt_19,opt_31,opt_19-opt_17-opt_9-opt_3-opt_29-opt_31,5,981.459
ip_19,ip_31,ip_19_ip_31_p2,opt_19,opt_31,opt_19-opt_9-opt_3-opt_29-opt_15-opt_31,5,991.209
ip_19,ip_31,ip_19_ip_31_p3,opt_19,opt_31,opt_19-opt_9-opt_2-opt_29-opt_31,4,996.894
ip_19,ip_31,ip_19_ip_31_p4,opt_19,opt_31,opt_19-opt_17-opt_9-opt_3-opt_29-opt_15-opt_31,6,997.348
ip_19,ip_31,ip_19_ip_31_p5,opt_19,opt_31,opt_19-opt_12-opt_29-opt_31,3,999.671
ip_19,ip_31,ip_19_ip_31_p6,opt_19,opt_31,opt_19-opt_17-opt_9-opt_2-opt_29-opt_31,5,1003.033
ip_19,ip_31,ip_19_ip_31_p7,opt_19,opt_31,opt_19-opt_9-opt_12-opt_29-opt_31,4,1006.890
ip_19,ip_31,ip_19_ip_31_p8,opt_19,opt_31,opt_19-opt_9-opt_2-opt_29-opt_15-opt_31,5,1012.783
ip_19,ip_31,ip_19_ip_31_p9,opt_19,opt_31,opt_19-opt_9-opt_27-opt_29-opt_31,4,1012.824
ip_20,ip_21,ip_20_ip_21_p0,opt_20,opt_21,opt_20-opt_21,1,540.506
ip_20,ip_21,ip_20_ip_21_p1,opt_20,opt_21,opt_20-opt_17-opt_21,2,546.198
ip_20,ip_21,ip_20_ip_21_p2,opt_20,opt_21,opt_20-opt_10-opt_17-opt_21,3,569.273
ip_20,ip_21,ip_20_ip_21_p3,opt_20,opt_21,opt_20-opt_19-opt_17-opt_21,3,606.917
ip_20,ip_21,ip_20_ip_21_p4,opt_20,opt_21,opt_20-opt_10-opt_19-opt_17-opt_21,4,607.707
ip_20,ip_21,ip_20_ip_21_p5,opt_20,opt_21,opt_20-opt_17-opt_9-opt_21,3,637.020
ip_20,ip_21,ip_20_ip_21_p6,opt_20,opt_21,opt_20-opt_10-opt_17-opt_9-opt_21,4,660.095
ip_20,ip_21,ip_20_ip_21_p7,opt_20,opt_21,opt_20-opt_19-opt_9-opt_21,3,691.600
ip_20,ip_21,ip_20_ip_21_p8,opt_20,opt_21,opt_20-opt_10-opt_19-opt_9-opt_21,4,692.390
ip_20,ip_21,ip_20_ip_21_p9,opt_20,opt_21,opt_20-opt_19-opt_17-opt_9-opt_21,4,697.739
ip_20,ip_22,ip_20_ip_22_p0,opt_20,opt_22,opt_20-opt_17-opt_9-opt_12-opt_22,4,909.797
ip_20,ip_22,ip_20_ip_22_p1,opt_20,opt_22,opt_20-opt_10-opt_17-opt_9-opt_12-opt_22,5,932.872
ip_20,ip_22,ip_20_ip_22_p2,opt_20,opt_22,opt_20-opt_19-opt_12-opt_22,3,957.158
ip_20,ip_22,ip_20_ip_22_p3,opt_20,opt_22,opt_20-opt_10-opt_19-opt_12-opt_22,4,957.948
ip_20,ip_22,ip_20_ip_22_p4,opt_20,opt_22,opt_20-opt_19-opt_9-opt_12-opt_22,4,964.377
ip_20,ip_22,ip_20_ip_22_p5,opt_20,opt_22,opt_20-opt_10-opt_19-opt_9-opt_12-opt_22,5,965.167
ip_20,ip_22,ip_20_ip_22_p6,opt_20,opt_22,opt_20-opt_17-opt_9-opt_2-opt_22,4,968.743
ip_20,ip_22,ip_20_ip_22_p7,opt_20,opt_22,opt_20-opt_19-opt_17-opt_9-opt_12-opt_22,5,970.516
ip_20,ip_22,ip_20_ip_22_p8,opt_20,opt_22,opt_20-opt_10-opt_19-opt_17-opt_9-opt_12-opt_22,6,971.306
ip_20,ip_22,ip_20_ip_22_p9,opt_20,opt_22,opt_20-opt_10-opt_17-opt_9-opt_2-opt_22,5,991.818
ip_20,ip_23,ip_20_ip_23_p0,opt_20,opt_23,opt_20-opt_17-opt_9-opt_2-opt_23,4,953.025
ip_20,ip_23,ip_20_ip_23_p1,opt_20,opt_23,opt_20-opt_17-opt_9-opt_12-opt_23,4,958.803
ip_20,ip_23,ip_20_ip_23_p2,opt_20,opt_23,opt_20-opt_10-opt_17-opt_9-opt_2-opt_23,5,976.100
ip_20,ip_23,ip_20_ip_23_p3,opt_20,opt_23,opt_20-opt_10-opt_17-opt_9-opt_12-opt_23,5,981.878
ip_20,ip_23,ip_20_ip_23_p4,opt_20,opt_23,opt_20-opt_17-opt_9-opt_12-opt_2-opt_23,5,985.253
ip_20,ip_23,ip_20_ip_23_p5,opt_20,opt_23,opt_20-opt_19-opt_12-opt_23,3,1006.164
ip_20,ip_23,ip_20_ip_23_p6,opt_20,opt_23,opt_20-opt_10-opt_19-opt_12-opt_23,4,1006.954
ip_20,ip_23,ip_20_ip_23_p7,opt_20,opt_23,opt_20-opt_19-opt_9-opt_2-opt_23,4,1007.605
ip_20,ip_23,ip_20_ip_23_p8,opt_20,opt_23,opt_20-opt_10-opt_17-opt_9-opt_12-opt_2-opt_23,6,1008.328
ip_20,ip_23,ip_20_ip_23_p9,opt_20,opt_23,opt_20-opt_10-opt_19-opt_9-opt_2-opt_23,5,1008.395
ip_20,ip_24,ip_20_ip_24_p0,opt_20,opt_24,opt_20-opt_24,1,87.406
ip_20,ip_24,ip_20_ip_24_p1,opt_20,opt_24,opt_20-opt_10-opt_24,2,241.894
ip_20,ip_24,ip_20_ip_24_p2,opt_20,opt_24,opt_20-opt_7-opt_24,2,253.446
ip_20,ip_24,ip_20_ip_24_p3,opt_20,opt_24,opt_20-opt_25-opt_24,2,270.536
ip_20,ip_24,ip_20_ip_24_p4,opt_20,opt_24,opt_20-opt_7-opt_25-opt_24,3,321.478
ip_20,ip_24,ip_20_ip_24_p5,opt_20,opt_24,opt_20-opt_25-opt_7-opt_24,3,367.072
ip_20,ip_24,ip_20_ip_24_p6,opt_20,opt_24,opt_20-opt_10-opt_7-opt_24,3,404.766
ip_20,ip_24,ip_20_ip_24_p7,opt_20,opt_24,opt_20-opt_19-opt_24,2,424.298
ip_20,ip_24,ip_20_ip_24_p8,opt_20,opt_24,opt_20-opt_19-opt_10-opt_24,3,424.332
ip_20,ip_24,ip_20_ip_24_p9,opt_20,opt_24,opt_20-opt_10-opt_19-opt_24,3,425.088
ip_20,ip_25,ip_20_ip_25_p0,opt_20,opt_25,opt_20-opt_25,1,170.414
ip_20,ip_25,ip_20_ip_25_p1,opt_20,opt_25,opt_20-opt_24-opt_25,2,187.528
ip_20,ip_25,ip_20_ip_25_p2,opt_20,opt_25,opt_20-opt_7-opt_25,2,221.356
ip_20,ip_25,ip_20_ip_25_p3,opt_20,opt_25,opt_20-opt_24-opt_7-opt_25,3,284.064
ip_20,ip_25,ip_20_ip_25_p4,opt_20,opt_25,opt_20-opt_10-opt_25,2,328.743
ip_20,ip_25,ip_20_ip_25_p5,opt_20,opt_25,opt_20-opt_10-opt_24-opt_25,3,342.016
ip_20,ip_25,ip_20_ip_25_p6,opt_20,opt_25,opt_20-opt_7-opt_24-opt_25,3,353.568
ip_20,ip_25,ip_20_ip_25_p7,opt_20,opt_25,opt_20-opt_10-opt_7-opt_25,3,372.676
ip_20,ip_25,ip_20_ip_25_p8,opt_20,opt_25,opt_20-opt_10-opt_24-opt_7-opt_25,4,438.552
ip_20,ip_25,ip_20_ip_25_p9,opt_20,opt_25,opt_20-opt_24-opt_10-opt_25,3,499.689
ip_20,ip_26,ip_20_ip_26_p0,opt_20,opt_26,opt_20-opt_21-opt_26,2,637.313
ip_20,ip_26,ip_20_ip_26_p1,opt_20,opt_26,opt_20-opt_17-opt_26,2,642.969
ip_20,ip_26,ip_20_ip_26_p2,opt_20,opt_26,opt_20-opt_17-opt_21-opt_26,3,643.005
ip_20,ip_26,ip_20_ip_26_p3,opt_20,opt_26,opt_20-opt_19-opt_26,2,651.683
ip_20,ip_26,ip_20_ip_26_p4,opt_20,opt_26,opt_20-opt_10-opt_19-opt_26,3,652.473
ip_20,ip_26,ip_20_ip_26_p5,opt_20,opt_26,opt_20-opt_10-opt_17-opt_26,3,666.044
ip_20,ip_26,ip_20_ip_26_p6,opt_20,opt_26,opt_20-opt_10-opt_17-opt_21-opt_26,4,666.080
ip_20,ip_26,ip_20_ip_26_p7,opt_20,opt_26,opt_20-opt_19-opt_17-opt_26,3,703.688
ip_20,ip_26,ip_20_ip_26_p8,opt_20,opt_26,opt_20-opt_19-opt_17-opt_21-opt_26,4,703.724
ip_20,ip_26,ip_20_ip_26_p9,opt_20,opt_26,opt_20-opt_10-opt_19-opt_17-opt_26,4,704.478
ip_20,ip_27,ip_20_ip_27_p0,opt_20,opt_27,opt_20-opt_11-opt_27,2,514.033
ip_20,ip_27,ip_20_ip_27_p1,opt_20,opt_27,opt_20-opt_11-opt_3-opt_27,3,575.471
ip_20,ip_27,ip_20_ip_27_p2,opt_20,opt_27,opt_20-opt_7-opt_27,2,590.814
ip_20,ip_27,ip_20_ip_27_p3,opt_20,opt_27,opt_20-opt_7-opt_11-opt_27,3,594.402
ip_20,ip_27,ip_20_ip_27_p4,opt_20,opt_27,opt_20-opt_10-opt_11-opt_27,3,616.389
ip_20,ip_27,ip_20_ip_27_p5,opt_20,opt_27,opt_20-opt_24-opt_11-opt_27,3,636.970
ip_20,ip_27,ip_20_ip_27_p6,opt_20,opt_27,opt_20-opt_24-opt_7-opt_27,3,653.522
ip_20,ip_27,ip_20_ip_27_p7,opt_20,opt_27,opt_20-opt_7-opt_11-opt_3-opt_27,4,655.840
ip_20,ip_27,ip_20_ip_27_p8,opt_20,opt_27,opt_20-opt_24-opt_7-opt_11-opt_27,4,657.110
ip_20,ip_27,ip_20_ip_27_p9,opt_20,opt_27,opt_20-opt_10-opt_11-opt_3-opt_27,4,677.827
ip_20,ip_28,ip_20_ip_28_p0,opt_20,opt_28,opt_20-opt_7-opt_28,2,315.709
ip_20,ip_28,ip_20_ip_28_p1,opt_20,opt_28,opt_20-opt_24-opt_28,2,373.939
ip_20,ip_28,ip_20_ip_28_p2,opt_20,opt_28,opt_20-opt_24-opt_7-opt_28,3,378.417
ip_20,ip_28,ip_20_ip_28_p3,opt_20,opt_28,opt_20-opt_25-opt_28,2,378.859
ip_20,ip_28,ip_20_ip_28_p4,opt_20,opt_28,opt_20-opt_24-opt_25-opt_28,3,395.973
ip_20,ip_28,ip_20_ip_28_p5,opt_20,opt_28,opt_20-opt_25-opt_7-opt_28,3,429.335
ip_20,ip_28,ip_20_ip_28_p6,opt_20,opt_28,opt_20-opt_7-opt_25-opt_28,3,429.801
ip_20,ip_28,ip_20_ip_28_p7,opt_20,opt_28,opt_20-opt_24-opt_25-opt_7-opt_28,4,446.449
ip_20,ip_28,ip_20_ip_28_p8,opt_20,opt_28,opt_20-opt_10-opt_28,2,454.659
ip_20,ip_28,ip_20_ip_28_p9,opt_20,opt_28,opt_20-opt_5-opt_28,2,466.139
ip_20,ip_29,ip_20_ip_29_p0,opt_20,opt_29,opt_20-opt_11-opt_27-opt_29,3,771.574
ip_20,ip_29,ip_20_ip_29_p1,opt_20,opt_29,opt_20-opt_11-opt_3-opt_29,3,773.422
ip_20,ip_29,ip_20_ip_29_p2,opt_20,opt_29,opt_20-opt_11-opt_27-opt_3-opt_29,4,775.054
ip_20,ip_29,ip_20_ip_29_p3,opt_20,opt_29,opt_20-opt_11-opt_3-opt_27-opt_29,4,833.012
ip_20,ip_29,ip_20_ip_29_p4,opt_20,opt_29,opt_20-opt_7-opt_27-opt_29,3,848.355
ip_20,ip_29,ip_20_ip_29_p5,opt_20,opt_29,opt_20-opt_7-opt_27-opt_3-opt_29,4,851.835
ip_20,ip_29,ip_20_ip_29_p6,opt_20,opt_29,opt_20-opt_7-opt_11-opt_27-opt_29,4,851.943
ip_20,ip_29,ip_20_ip_29_p7,opt_20,opt_29,opt_20-opt_7-opt_11-opt_3-opt_29,4,853.791
ip_20,ip_29,ip_20_ip_29_p8,opt_20,opt_29,opt_20-opt_7-opt_11-opt_27-opt_3-opt_29,5,855.423
ip_20,ip_29,ip_20_ip_29_p9,opt_20,opt_29,opt_20-opt_10-opt_11-opt_27-opt_29,4,873.930
ip_20,ip_30,ip_20_ip_30_p0,opt_20,opt_30,opt_20-opt_11-opt_27-opt_16-opt_30,4,922.592
ip_20,ip_30,ip_20_ip_30_p1,opt_20,opt_30,opt_20-opt_11-opt_27-opt_4-opt_30,4,927.246
ip_20,ip_30,ip_20_ip_30_p2,opt_20,opt_30,opt_20-opt_11-opt_27-opt_4-opt_16-opt_30,5,929.613
ip_20,ip_30,ip_20_ip_30_p3,opt_20,opt_30,opt_20-opt_7-opt_14-opt_30,3,937.262
ip_20,ip_30,ip_20_ip_30_p4,opt_20,opt_30,opt_20-opt_7-opt_14-opt_13-opt_30,4,938.519
ip_20,ip_30,ip_20_ip_30_p5,opt_20,opt_30,opt_20-opt_11-opt_27-opt_13-opt_30,4,941.298
ip_20,ip_30,ip_20_ip_30_p6,opt_20,opt_30,opt_20-opt_11-opt_27-opt_4-opt_13-opt_30,5,941.311
ip_20,ip_30,ip_20_ip_30_p7,opt_20,opt_30,opt_20-opt_11-opt_27-opt_16-opt_13-opt_30,5,943.051
ip_20,ip_30,ip_20_ip_30_p8,opt_20,opt_30,opt_20-opt_11-opt_27-opt_4-opt_16-opt_13-opt_30,6,950.072
ip_20,ip_30,ip_20_ip_30_p9,opt_20,opt_30,opt_20-opt_11-opt_27-opt_16-opt_4-opt_30,5,960.361
ip_20,ip_31,ip_20_ip_31_p0,opt_20,opt_31,opt_20-opt_11-opt_27-opt_29-opt_31,4,950.792
ip_20,ip_31,ip_20_ip_31_p1,opt_20,opt_31,opt_20-opt_11-opt_3-opt_29-opt_31,4,952.640
ip_20,ip_31,ip_20_ip_31_p2,opt_20,opt_31,opt_20-opt_11-opt_27-opt_3-opt_29-opt_31,5,954.272
ip_20,ip_31,ip_20_ip_31_p3,opt_20,opt_31,opt_20-opt_11-opt_27-opt_29-opt_15-opt_31,5,966.681
ip_20,ip_31,ip_20_ip_31_p4,opt_20,opt_31,opt_20-opt_11-opt_3-opt_29-opt_15-opt_31,5,968.529
ip_20,ip_31,ip_20_ip_31_p5,opt_20,opt_31,opt_20-opt_11-opt_27-opt_3-opt_29-opt_15-opt_31,6,970.161
ip_20,ip_31,ip_20_ip_31_p6,opt_20,opt_31,opt_20-opt_11-opt_3-opt_27-opt_29-opt_31,5,1012.230
ip_20,ip_31,ip_20_ip_31_p7,opt_20,opt_31,opt_20-opt_7-opt_27-opt_29-opt_31,4,1027.573
ip_20,ip_31,ip_20_ip_31_p8,opt_20,opt_31,opt_20-opt_11-opt_3-opt_27-opt_29-opt_15-opt_31,6,1028.119
ip_20,ip_31,ip_20_ip_31_p9,opt_20,opt_31,opt_20-opt_7-opt_27-opt_3-opt_29-opt_31,5,1031.053
ip_21,ip_22,ip_21_ip_22_p0,opt_21,opt_22,opt_21-opt_12-opt_22,2,478.093
ip_21,ip_22,ip_21_ip_22_p1,opt_21,opt_22,opt_21-opt_12-opt_2-opt_22,3,569.267
ip_21,ip_22,ip_21_ip_22_p2,opt_21,opt_22,opt_21-opt_26-opt_12-opt_22,3,581.618
ip_21,ip_22,ip_21_ip_22_p3,opt_21,opt_22,opt_21-opt_9-opt_12-opt_22,3,646.109
ip_21,ip_22,ip_21_ip_22_p4,opt_21,opt_22,opt_21-opt_26-opt_12-opt_2-opt_22,4,672.792
ip_21,ip_22,ip_21_ip_22_p5,opt_21,opt_22,opt_21-opt_9-opt_2-opt_22,3,705.055
ip_21,ip_22,ip_21_ip_22_p6,opt_21,opt_22,opt_21-opt_12-opt_23-opt_22,3,705.381
ip_21,ip_22,ip_21_ip_22_p7,opt_21,opt_22,opt_21-opt_12-opt_2-opt_23-opt_22,4,731.831
ip_21,ip_22,ip_21_ip_22_p8,opt_21,opt_22,opt_21-opt_9-opt_12-opt_2-opt_22,4,737.283
ip_21,ip_22,ip_21_ip_22_p9,opt_21,opt_22,opt_21-opt_26-opt_12-opt_23-opt_22,4,808.906
ip_21,ip_23,ip_21_ip_23_p0,opt_21,opt_23,opt_21-opt_12-opt_23,2,527.099
ip_21,ip_23,ip_21_ip_23_p1,opt_21,opt_23,opt_21-opt_12-opt_2-opt_23,3,553.549
ip_21,ip_23,ip_21_ip_23_p2,opt_21,opt_23,opt_21-opt_26-opt_12-opt_23,3,630.624
ip_21,ip_23,ip_21_ip_23_p3,opt_21,opt_23,opt_21-opt_12-opt_22-opt_23,3,656.375
ip_21,ip_23,ip_21_ip_23_p4,opt_21,opt_23,opt_21-opt_26-opt_12-opt_2-opt_23,4,657.074
ip_21,ip_23,ip_21_ip_23_p5,opt_21,opt_23,opt_21-opt_9-opt_2-opt_23,3,689.337
ip_21,ip_23,ip_21_ip_23_p6,opt_21,opt_23,opt_21-opt_9-opt_12-opt_23,3,695.115
ip_21,ip_23,ip_21_ip_23_p7,opt_21,opt_23,opt_21-opt_9-opt_12-opt_2-opt_23,4,721.565
ip_21,ip_23,ip_21_ip_23_p8,opt_21,opt_23,opt_21-opt_12-opt_2-opt_22-opt_23,4,747.549
ip_21,ip_23,ip_21_ip_23_p9,opt_21,opt_23,opt_21-opt_26-opt_12-opt_22-opt_23,4,759.900
ip_21,ip_24,ip_21_ip_24_p0,opt_21,opt_24,opt_21-opt_24,1,627.752
ip_21,ip_24,ip_21_ip_24_p1,opt_21,opt_24,opt_21-opt_20-opt_24,2,627.912
ip_21,ip_24,ip_21_ip_24_p2,opt_21,opt_24,opt_21-opt_17-opt_24,2,631.946
ip_21,ip_24,ip_21_ip_24_p3,opt_21,opt_24,opt_21-opt_17-opt_20-opt_24,3,633.604
ip_21,ip_24,ip_21_ip_24_p4,opt_21,opt_24,opt_21-opt_17-opt_10-opt_24,3,652.813
ip_21,ip_24,ip_21_ip_24_p5,opt_21,opt_24,opt_21-opt_17-opt_10-opt_20-opt_24,4,656.679
ip_21,ip_24,ip_21_ip_24_p6,opt_21,opt_24,opt_21-opt_17-opt_19-opt_24,3,691.213
ip_21,ip_24,ip_21_ip_24_p7,opt_21,opt_24,opt_21-opt_17-opt_19-opt_10-opt_24,4,691.247
ip_21,ip_24,ip_21_ip_24_p8,opt_21,opt_24,opt_21-opt_17-opt_19-opt_20-opt_24,4,694.323
ip_21,ip_24,ip_21_ip_24_p9,opt_21,opt_24,opt_21-opt_17-opt_19-opt_10-opt_20-opt_24,5,695.113
ip_21,ip_25,ip_21_ip_25_p0,opt_21,opt_25,opt_21-opt_25,1,693.056
ip_21,ip_25,ip_21_ip_25_p1,opt_21,opt_25,opt_21-opt_20-opt_25,2,710.920
ip_21,ip_25,ip_21_ip_25_p2,opt_21,opt_25,opt_21-opt_17-opt_20-opt_25,3,716.612
ip_21,ip_25,ip_21_ip_25_p3,opt_21,opt_25,opt_21-opt_24-opt_25,2,727.874
ip_21,ip_25,ip_21_ip_25_p4,opt_21,opt_25,opt_21-opt_20-opt_24-opt_25,3,728.034
ip_21,ip_25,ip_21_ip_25_p5,opt_21,opt_25,opt_21-opt_17-opt_24-opt_25,3,732.068
ip_21,ip_25,ip_21_ip_25_p6,opt_21,opt_25,opt_21-opt_17-opt_20-opt_24-opt_25,4,733.726
ip_21,ip_25,ip_21_ip_25_p7,opt_21,opt_25,opt_21-opt_17-opt_10-opt_25,3,739.662
ip_21,ip_25,ip_21_ip_25_p8,opt_21,opt_25,opt_21-opt_17-opt_10-opt_20-opt_25,4,739.687
ip_21,ip_25,ip_21_ip_25_p9,opt_21,opt_25,opt_21-opt_17-opt_10-opt_24-opt_25,4,752.935
ip_21,ip_26,ip_21_ip_26_p0,opt_21,opt_26,opt_21-opt_26,1,96.807
ip_21,ip_26,ip_21_ip_26_p1,opt_21,opt_26,opt_21-opt_12-opt_26,2,439.878
ip_21,ip_26,ip_21_ip_26_p2,opt_21,opt_26,opt_21-opt_9-opt_26,2,454.373
ip_21,ip_26,ip_21_ip_26_p3,opt_21,opt_26,opt_21-opt_1-opt_26,2,488.902
ip_21,ip_26,ip_21_ip_26_p4,opt_21,opt_26,opt_21-opt_9-opt_12-opt_26,3,607.894
ip_21,ip_26,ip_21_ip_26_p5,opt_21,opt_26,opt_21-opt_12-opt_9-opt_26,3,682.217
ip_21,ip_26,ip_21_ip_26_p6,opt_21,opt_26,opt_21-opt_17-opt_26,2,705.995
ip_21,ip_26,ip_21_ip_26_p7,opt_21,opt_26,opt_21-opt_17-opt_9-opt_26,3,781.087
ip_21,ip_26,ip_21_ip_26_p8,opt_21,opt_26,opt_21-opt_9-opt_2-opt_12-opt_26,4,792.556
ip_21,ip_26,ip_21_ip_26_p9,opt_21,opt_26,opt_21-opt_9-opt_17-opt_26,3,796.817
ip_21,ip_27,ip_21_ip_27_p0,opt_21,opt_27,opt_21-opt_9-opt_27,2,427.798
ip_21,ip_27,ip_21_ip_27_p1,opt_21,opt_27,opt_21-opt_9-opt_3-opt_27,3,449.884
ip_21,ip_27,ip_21_ip_27_p2,opt_21,opt_27,opt_21-opt_26-opt_9-opt_27,3,605.646
ip_21,ip_27,ip_21_ip_27_p3,opt_21,opt_27,opt_21-opt_26-opt_9-opt_3-opt_27,4,627.732
ip_21,ip_27,ip_21_ip_27_p4,opt_21,opt_27,opt_21-opt_12-opt_2-opt_3-opt_27,4,654.304
ip_21,ip_27,ip_21_ip_27_p5,opt_21,opt_27,opt_21-opt_12-opt_9-opt_27,3,655.642
ip_21,ip_27,ip_21_ip_27_p6,opt_21,opt_27,opt_21-opt_12-opt_9-opt_3-opt_27,4,677.728
ip_21,ip_27,ip_21_ip_27_p7,opt_21,opt_27,opt_21-opt_17-opt_9-opt_27,3,754.512
ip_21,ip_27,ip_21_ip_27_p8,opt_21,opt_27,opt_21-opt_26-opt_12-opt_2-opt_3-opt_27,5,757.829
ip_21,ip_27,ip_21_ip_27_p9,opt_21,opt_27,opt_21-opt_26-opt_12-opt_9-opt_27,4,759.167
ip_21,ip_28,ip_21_ip_28_p0,opt_21,opt_28,opt_21-opt_17-opt_11-opt_28,3,769.549
ip_21,ip_28,ip_21_ip_28_p1,opt_21,opt_28,opt_21-opt_20-opt_7-opt_28,3,856.215
ip_21,ip_28,ip_21_ip_28_p2,opt_21,opt_28,opt_21-opt_9-opt_17-opt_11-opt_28,4,860.371
ip_21,ip_28,ip_21_ip_28_p3,opt_21,opt_28,opt_21-opt_17-opt_20-opt_7-opt_28,4,861.907
ip_21,ip_28,ip_21_ip_28_p4,opt_21,opt_28,opt_21-opt_17-opt_10-opt_28,3,865.578
ip_21,ip_28,ip_21_ip_28_p5,opt_21,opt_28,opt_21-opt_9-opt_27-opt_11-opt_28,4,877.942
ip_21,ip_28,ip_21_ip_28_p6,opt_21,opt_28,opt_21-opt_17-opt_10-opt_7-opt_28,4,877.948
ip_21,ip_28,ip_21_ip_28_p7,opt_21,opt_28,opt_21-opt_17-opt_10-opt_20-opt_7-opt_28,5,884.982
ip_21,ip_28,ip_21_ip_28_p8,opt_21,opt_28,opt_21-opt_9-opt_3-opt_11-opt_28,4,898.396
ip_21,ip_28,ip_21_ip_28_p9,opt_21,opt_28,opt_21-opt_9-opt_3-opt_27-opt_11-opt_28,5,900.028
ip_21,ip_29,ip_21_ip_29_p0,opt_21,opt_29,opt_21-opt_12-opt_29,2,511.389
ip_21,ip_29,ip_21_ip_29_p1,opt_21,opt_29,opt_21-opt_12-opt_2-opt_29,3,533.621
ip_21,ip_29,ip_21_ip_29_p2,opt_21,opt_29,opt_21-opt_26-opt_12-opt_29,3,614.914
ip_21,ip_29,ip_21_ip_29_p3,opt_21,opt_29,opt_21-opt_26-opt_12-opt_2-opt_29,4,637.146
ip_21,ip_29,ip_21_ip_29_p4,opt_21,opt_29,opt_21-opt_9-opt_3-opt_29,3,647.835
ip_21,ip_29,ip_21_ip_29_p5,opt_21,opt_29,opt_21-opt_9-opt_2-opt_29,3,669.409
ip_21,ip_29,ip_21_ip_29_p6,opt_21,opt_29,opt_21-opt_9-opt_12-opt_29,3,679.405
ip_21,ip_29,ip_21_ip_29_p7,opt_21,opt_29,opt_21-opt_9-opt_27-opt_29,3,685.339
ip_21,ip_29,ip_21_ip_29_p8,opt_21,opt_29,opt_21-opt_9-opt_27-opt_3-opt_29,4,688.819
ip_21,ip_29,ip_21_ip_29_p9,opt_21,opt_29,opt_21-opt_9-opt_12-opt_2-opt_29,4,701.637
ip_21,ip_30,ip_21_ip_30_p0,opt_21,opt_30,opt_21-opt_9-opt_27-opt_16-opt_30,4,836.357
ip_21,ip_30,ip_21_ip_30_p1,opt_21,opt_30,opt_21-opt_9-opt_27-opt_4-opt_30,4,841.011
ip_21,ip_30,ip_21_ip_30_p2,opt_21,opt_30,opt_21-opt_9-opt_27-opt_4-opt_16-opt_30,5,843.378
ip_21,ip_30,ip_21_ip_30_p3,opt_21,opt_30,opt_21-opt_9-opt_3-opt_16-opt_30,4,846.817
ip_21,ip_30,ip_21_ip_30_p4,opt_21,opt_30,opt_21-opt_9-opt_3-opt_4-opt_30,4,850.092
ip_21,ip_30,ip_21_ip_30_p5,opt_21,opt_30,opt_21-opt_9-opt_3-opt_4-opt_16-opt_30,5,852.459
ip_21,ip_30,ip_21_ip_30_p6,opt_21,opt_30,opt_21-opt_9-opt_27-opt_13-opt_30,4,855.063
ip_21,ip_30,ip_21_ip_30_p7,opt_21,opt_30,opt_21-opt_9-opt_27-opt_4-opt_13-opt_30,5,855.076
ip_21,ip_30,ip_21_ip_30_p8,opt_21,opt_30,opt_21-opt_9-opt_27-opt_16-opt_13-opt_30,5,856.816
ip_21,ip_30,ip_21_ip_30_p9,opt_21,opt_30,opt_21-opt_9-opt_3-opt_27-opt_16-opt_30,5,858.443
ip_21,ip_31,ip_21_ip_31_p0,opt_21,opt_31,opt_21-opt_12-opt_29-opt_31,3,690.607
ip_21,ip_31,ip_21_ip_31_p1,opt_21,opt_31,opt_21-opt_12-opt_29-opt_15-opt_31,4,706.496
ip_21,ip_31,ip_21_ip_31_p2,opt_21,opt_31,opt_21-opt_12-opt_2-opt_29-opt_31,4,712.839
ip_21,ip_31,ip_21_ip_31_p3,opt_21,opt_31,opt_21-opt_12-opt_2-opt_29-opt_15-opt_31,5,728.728
ip_21,ip_31,ip_21_ip_31_p4,opt_21,opt_31,opt_21-opt_26-opt_12-opt_29-opt_31,4,794.132
ip_21,ip_31,ip_21_ip_31_p5,opt_21,opt_31,opt_21-opt_26-opt_12-opt_29-opt_15-opt_31,5,810.021
ip_21,ip_31,ip_21_ip_31_p6,opt_21,opt_31,opt_21-opt_26-opt_12-opt_2-opt_29-opt_31,5,816.364
ip_21,ip_31,ip_21_ip_31_p7,opt_21,opt_31,opt_21-opt_9-opt_3-opt_29-opt_31,4,827.053
ip_21,ip_31,ip_21_ip_31_p8,opt_21,opt_31,opt_21-opt_26-opt_12-opt_2-opt_29-opt_15-opt_31,6,832.253
ip_21,ip_31,ip_21_ip_31_p9,opt_21,opt_31,opt_21-opt_9-opt_3-opt_29-opt_15-opt_31,5,842.942
ip_22,ip_23,ip_22_ip_23_p0,opt_22,opt_23,opt_22-opt_23,1,178.282
ip_22,ip_23,ip_22_ip_23_p1,opt_22,opt_23,opt_22-opt_2-opt_23,2,472.766
ip_22,ip_23,ip_22_ip_23_p2,opt_22,opt_23,opt_22-opt_12-opt_23,2,572.032
ip_22,ip_23,ip_22_ip_23_p3,opt_22,opt_23,opt_22-opt_12-opt_2-opt_23,3,598.482
ip_22,ip_23,ip_22_ip_23_p4,opt_22,opt_23,opt_22-opt_2-opt_12-opt_23,3,663.206
ip_22,ip_23,ip_22_ip_23_p5,opt_22,opt_23,opt_22-opt_2-opt_29-opt_23,3,774.746
ip_22,ip_23,ip_22_ip_23_p6,opt_22,opt_23,opt_22-opt_12-opt_29-opt_23,3,878.230
ip_22,ip_23,ip_22_ip_23_p7,opt_22,opt_23,opt_22-opt_12-opt_2-opt_29-opt_23,4,900.462
ip_22,ip_23,ip_22_ip_23_p8,opt_22,opt_23,opt_22-opt_12-opt_9-opt_2-opt_23,4,962.114
ip_22,ip_23,ip_22_ip_23_p9,opt_22,opt_23,opt_22-opt_2-opt_29-opt_31-opt_23,4,965.762
ip_22,ip_24,ip_22_ip_24_p0,opt_22,opt_24,opt_22-opt_12-opt_9-opt_17-opt_24,4,995.545
ip_22,ip_24,ip_22_ip_24_p1,opt_22,opt_24,opt_22-opt_12-opt_9-opt_17-opt_20-opt_24,5,997.203
ip_22,ip_24,ip_22_ip_24_p2,opt_22,opt_24,opt_22-opt_12-opt_9-opt_17-opt_10-opt_24,5,1016.412
ip_22,ip_24,ip_22_ip_24_p3,opt_22,opt_24,opt_22-opt_12-opt_9-opt_17-opt_10-opt_20-opt_24,6,1020.278
ip_22,ip_24,ip_22_ip_24_p4,opt_22,opt_24,opt_22-opt_12-opt_19-opt_24,3,1041.454
ip_22,ip_24,ip_22_ip_24_p5,opt_22,opt_24,opt_22-opt_12-opt_19-opt_10-opt_24,4,1041.488
ip_22,ip_24,ip_22_ip_24_p6,opt_22,opt_24,opt_22-opt_12-opt_19-opt_20-opt_24,4,1044.564
ip_22,ip_24,ip_22_ip_24_p7,opt_22,opt_24,opt_22-opt_12-opt_19-opt_10-opt_20-opt_24,5,1045.354
ip_22,ip_24,ip_22_ip_24_p8,opt_22,opt_24,opt_22-opt_12-opt_9-opt_19-opt_24,4,1048.673
ip_22,ip_24,ip_22_ip_24_p9,opt_22,opt_24,opt_22-opt_12-opt_9-opt_19-opt_10-opt_24,5,1048.707
ip_22,ip_25,ip_22_ip_25_p0,opt_22,opt_25,opt_22-opt_25,1,1025.108
ip_22,ip_25,ip_22_ip_25_p1,opt_22,opt_25,opt_22-opt_12-opt_9-opt_25,3,1029.274
ip_22,ip_25,ip_22_ip_25_p2,opt_22,opt_25,opt_22-opt_12-opt_9-opt_17-opt_20-opt_25,5,1080.211
ip_22,ip_25,ip_22_ip_25_p3,opt_22,opt_25,opt_22-opt_2-opt_9-opt_25,3,1088.220
ip_22,ip_25,ip_22_ip_25_p4,opt_22,opt_25,opt_22-opt_12-opt_9-opt_17-opt_24-opt_25,5,1095.667
ip_22,ip_25,ip_22_ip_25_p5,opt_22,opt_25,opt_22-opt_12-opt_9-opt_17-opt_20-opt_24-opt_25,6,1097.325
ip_22,ip_25,ip_22_ip_25_p6,opt_22,opt_25,opt_22-opt_12-opt_9-opt_17-opt_10-opt_25,5,1103.261
ip_22,ip_25,ip_22_ip_25_p7,opt_22,opt_25,opt_22-opt_12-opt_9-opt_17-opt_10-opt_20-opt_25,6,1103.286
ip_22,ip_25,ip_22_ip_25_p8,opt_22,opt_25,opt_22-opt_2-opt_3-opt_11-opt_25,4,1107.225
ip_22,ip_25,ip_22_ip_25_p9,opt_22,opt_25,opt_22-opt_2-opt_3-opt_27-opt_7-opt_25,5,1107.547
ip_22,ip_26,ip_22_ip_26_p0,opt_22,opt_26,opt_22-opt_12-opt_26,2,484.811
ip_22,ip_26,ip_22_ip_26_p1,opt_22,opt_26,opt_22-opt_12-opt_21-opt_26,3,574.900
ip_22,ip_26,ip_22_ip_26_p2,opt_22,opt_26,opt_22-opt_2-opt_12-opt_26,3,575.985
ip_22,ip_26,ip_22_ip_26_p3,opt_22,opt_26,opt_22-opt_2-opt_12-opt_21-opt_26,4,666.074
ip_22,ip_26,ip_22_ip_26_p4,opt_22,opt_26,opt_22-opt_23-opt_12-opt_26,3,712.099
ip_22,ip_26,ip_22_ip_26_p5,opt_22,opt_26,opt_22-opt_12-opt_9-opt_26,3,727.150
ip_22,ip_26,ip_22_ip_26_p6,opt_22,opt_26,opt_22-opt_23-opt_2-opt_12-opt_26,4,738.549
ip_22,ip_26,ip_22_ip_26_p7,opt_22,opt_26,opt_22-opt_12-opt_9-opt_21-opt_26,4,742.916
ip_22,ip_26,ip_22_ip_26_p8,opt_22,opt_26,opt_22-opt_2-opt_9-opt_26,3,786.096
ip_22,ip_26,ip_22_ip_26_p9,opt_22,opt_26,opt_22-opt_2-opt_9-opt_21-opt_26,4,801.862
ip_22,ip_27,ip_22_ip_27_p0,opt_22,opt_27,opt_22-opt_2-opt_3-opt_27,3,573.521
ip_22,ip_27,ip_22_ip_27_p1,opt_22,opt_27,opt_22-opt_12-opt_2-opt_3-opt_27,4,699.237
ip_22,ip_27,ip_22_ip_27_p2,opt_22,opt_27,opt_22-opt_12-opt_9-opt_27,3,700.575
ip_22,ip_27,ip_22_ip_27_p3,opt_22,opt_27,opt_22-opt_2-opt_29-opt_27,3,710.379
ip_22,ip_27,ip_22_ip_27_p4,opt_22,opt_27,opt_22-opt_23-opt_27,2,712.096
ip_22,ip_27,ip_22_ip_27_p5,opt_22,opt_27,opt_22-opt_2-opt_29-opt_3-opt_27,4,713.859
ip_22,ip_27,ip_22_ip_27_p6,opt_22,opt_27,opt_22-opt_12-opt_9-opt_3-opt_27,4,722.661
ip_22,ip_27,ip_22_ip_27_p7,opt_22,opt_27,opt_22-opt_23-opt_2-opt_3-opt_27,4,736.085
ip_22,ip_27,ip_22_ip_27_p8,opt_22,opt_27,opt_22-opt_23-opt_29-opt_27,3,757.731
ip_22,ip_27,ip_22_ip_27_p9,opt_22,opt_27,opt_22-opt_2-opt_9-opt_27,3,759.521
ip_22,ip_28,ip_22_ip_28_p0,opt_22,opt_28,opt_22-opt_2-opt_3-opt_11-opt_28,4,1022.033
ip_22,ip_28,ip_22_ip_28_p1,opt_22,opt_28,opt_22-opt_2-opt_3-opt_27-opt_11-opt_28,5,1023.665
ip_22,ip_28,ip_22_ip_28_p2,opt_22,opt_28,opt_22-opt_12-opt_9-opt_17-opt_11-opt_28,5,1133.148
ip_22,ip_28,ip_22_ip_28_p3,opt_22,opt_28,opt_22-opt_12-opt_2-opt_3-opt_11-opt_28,5,1147.749
ip_22,ip_28,ip_22_ip_28_p4,opt_22,opt_28,opt_22-opt_12-opt_2-opt_3-opt_27-opt_11-opt_28,6,1149.381
ip_22,ip_28,ip_22_ip_28_p5,opt_22,opt_28,opt_22-opt_12-opt_9-opt_27-opt_11-opt_28,5,1150.719
ip_22,ip_28,ip_22_ip_28_p6,opt_22,opt_28,opt_22-opt_2-opt_29-opt_27-opt_11-opt_28,5,1160.523
ip_22,ip_28,ip_22_ip_28_p7,opt_22,opt_28,opt_22-opt_23-opt_27-opt_11-opt_28,4,1162.240
ip_22,ip_28,ip_22_ip_28_p8,opt_22,opt_28,opt_22-opt_2-opt_29-opt_3-opt_11-opt_28,5,1162.371
ip_22,ip_28,ip_22_ip_28_p9,opt_22,opt_28,opt_22-opt_2-opt_29-opt_3-opt_27-opt_11-opt_28,6,1164.003
ip_22,ip_29,ip_22_ip_29_p0,opt_22,opt_29,opt_22-opt_2-opt_29,2,452.838
ip_22,ip_29,ip_22_ip_29_p1,opt_22,opt_29,opt_22-opt_23-opt_29,2,500.190
ip_22,ip_29,ip_22_ip_29_p2,opt_22,opt_29,opt_22-opt_12-opt_29,2,556.322
ip_22,ip_29,ip_22_ip_29_p3,opt_22,opt_29,opt_22-opt_12-opt_2-opt_29,3,578.554
ip_22,ip_29,ip_22_ip_29_p4,opt_22,opt_29,opt_22-opt_23-opt_2-opt_29,3,615.402
ip_22,ip_29,ip_22_ip_29_p5,opt_22,opt_29,opt_22-opt_2-opt_12-opt_29,3,647.496
ip_22,ip_29,ip_22_ip_29_p6,opt_22,opt_29,opt_22-opt_23-opt_31-opt_29,3,691.206
ip_22,ip_29,ip_22_ip_29_p7,opt_22,opt_29,opt_22-opt_23-opt_31-opt_15-opt_29,4,707.095
ip_22,ip_29,ip_22_ip_29_p8,opt_22,opt_29,opt_22-opt_2-opt_3-opt_29,3,771.472
ip_22,ip_29,ip_22_ip_29_p9,opt_22,opt_29,opt_22-opt_23-opt_12-opt_29,3,783.610
ip_22,ip_30,ip_22_ip_30_p0,opt_22,opt_30,opt_22-opt_2-opt_3-opt_16-opt_30,4,970.454
ip_22,ip_30,ip_22_ip_30_p1,opt_22,opt_30,opt_22-opt_2-opt_3-opt_4-opt_30,4,973.729
ip_22,ip_30,ip_22_ip_30_p2,opt_22,opt_30,opt_22-opt_2-opt_3-opt_4-opt_16-opt_30,5,976.096
ip_22,ip_30,ip_22_ip_30_p3,opt_22,opt_30,opt_22-opt_2-opt_3-opt_27-opt_16-opt_30,5,982.080
ip_22,ip_30,ip_22_ip_30_p4,opt_22,opt_30,opt_22-opt_2-opt_14-opt_30,3,983.000
ip_22,ip_30,ip_22_ip_30_p5,opt_22,opt_30,opt_22-opt_2-opt_14-opt_13-opt_30,4,984.257
ip_22,ip_30,ip_22_ip_30_p6,opt_22,opt_30,opt_22-opt_2-opt_3-opt_27-opt_4-opt_30,5,986.734
ip_22,ip_30,ip_22_ip_30_p7,opt_22,opt_30,opt_22-opt_2-opt_3-opt_4-opt_13-opt_30,5,987.794
ip_22,ip_30,ip_22_ip_30_p8,opt_22,opt_30,opt_22-opt_2-opt_3-opt_27-opt_4-opt_16-opt_30,6,989.101
ip_22,ip_30,ip_22_ip_30_p9,opt_22,opt_30,opt_22-opt_2-opt_3-opt_16-opt_13-opt_30,5,990.913
ip_22,ip_31,ip_22_ip_31_p0,opt_22,opt_31,opt_22-opt_23-opt_31,2,511.988
ip_22,ip_31,ip_22_ip_31_p1,opt_22,opt_31,opt_22-opt_2-opt_29-opt_31,3,632.056
ip_22,ip_31,ip_22_ip_31_p2,opt_22,opt_31,opt_22-opt_2-opt_29-opt_15-opt_31,4,647.945
ip_22,ip_31,ip_22_ip_31_p3,opt_22,opt_31,opt_22-opt_23-opt_29-opt_31,3,679.408
ip_22,ip_31,ip_22_ip_31_p4,opt_22,opt_31,opt_22-opt_23-opt_29-opt_15-opt_31,4,695.297
ip_22,ip_31,ip_22_ip_31_p5,opt_22,opt_31,opt_22-opt_12-opt_29-opt_31,3,735.540
ip_22,ip_31,ip_22_ip_31_p6,opt_22,opt_31,opt_22-opt_12-opt_29-opt_15-opt_31,4,751.429
ip_22,ip_31,ip_22_ip_31_p7,opt_22,opt_31,opt_22-opt_12-opt_2-opt_29-opt_31,4,757.772
ip_22,ip_31,ip_22_ip_31_p8,opt_22,opt_31,opt_22-opt_12-opt_2-opt_29-opt_15-opt_31,5,773.661
ip_22,ip_31,ip_22_ip_31_p9,opt_22,opt_31,opt_22-opt_23-opt_2-opt_29-opt_31,4,794.620
ip_23,ip_24,ip_23_ip_24_p0,opt_23,opt_24,opt_23-opt_2-opt_9-opt_17-opt_24,4,1038.773
ip_23,ip_24,ip_23_ip_24_p1,opt_23,opt_24,opt_23-opt_2-opt_9-opt_17-opt_20-opt_24,5,1040.431
ip_23,ip_24,ip_23_ip_24_p2,opt_23,opt_24,opt_23-opt_12-opt_9-opt_17-opt_24,4,1044.551
ip_23,ip_24,ip_23_ip_24_p3,opt_23,opt_24,opt_23-opt_12-opt_9-opt_17-opt_20-opt_24,5,1046.209
ip_23,ip_24,ip_23_ip_24_p4,opt_23,opt_24,opt_23-opt_2-opt_9-opt_17-opt_10-opt_24,5,1059.640
ip_23,ip_24,ip_23_ip_24_p5,opt_23,opt_24,opt_23-opt_2-opt_9-opt_17-opt_10-opt_20-opt_24,6,1063.506
ip_23,ip_24,ip_23_ip_24_p6,opt_23,opt_24,opt_23-opt_12-opt_9-opt_17-opt_10-opt_24,5,1065.418
ip_23,ip_24,ip_23_ip_24_p7,opt_23,opt_24,opt_23-opt_12-opt_9-opt_17-opt_10-opt_20-opt_24,6,1069.284
ip_23,ip_24,ip_23_ip_24_p8,opt_23,opt_24,opt_23-opt_2-opt_12-opt_9-opt_17-opt_24,5,1071.001
ip_23,ip_24,ip_23_ip_24_p9,opt_23,opt_24,opt_23-opt_2-opt_12-opt_9-opt_17-opt_20-opt_24,6,1072.659
ip_23,ip_25,ip_23_ip_25_p0,opt_23,opt_25,opt_23-opt_27-opt_7-opt_25,3,1067.840
ip_23,ip_25,ip_23_ip_25_p1,opt_23,opt_25,opt_23-opt_27-opt_11-opt_25,3,1069.150
ip_23,ip_25,ip_23_ip_25_p2,opt_23,opt_25,opt_23-opt_27-opt_11-opt_7-opt_25,4,1071.428
ip_23,ip_25,ip_23_ip_25_p3,opt_23,opt_25,opt_23-opt_2-opt_9-opt_25,3,1072.502
ip_23,ip_25,ip_23_ip_25_p4,opt_23,opt_25,opt_23-opt_12-opt_9-opt_25,3,1078.280
ip_23,ip_25,ip_23_ip_25_p5,opt_23,opt_25,opt_23-opt_2-opt_3-opt_11-opt_25,4,1091.507
ip_23,ip_25,ip_23_ip_25_p6,opt_23,opt_25,opt_23-opt_2-opt_3-opt_27-opt_7-opt_25,5,1091.829
ip_23,ip_25,ip_23_ip_25_p7,opt_23,opt_25,opt_23-opt_2-opt_3-opt_27-opt_11-opt_25,5,1093.139
ip_23,ip_25,ip_23_ip_25_p8,opt_23,opt_25,opt_23-opt_2-opt_3-opt_11-opt_7-opt_25,5,1093.785
ip_23,ip_25,ip_23_ip_25_p9,opt_23,opt_25,opt_23-opt_2-opt_3-opt_27-opt_11-opt_7-opt_25,6,1095.417
ip_23,ip_26,ip_23_ip_26_p0,opt_23,opt_26,opt_23-opt_12-opt_26,2,533.817
ip_23,ip_26,ip_23_ip_26_p1,opt_23,opt_26,opt_23-opt_2-opt_12-opt_26,3,560.267
ip_23,ip_26,ip_23_ip_26_p2,opt_23,opt_26,opt_23-opt_12-opt_21-opt_26,3,623.906
ip_23,ip_26,ip_23_ip_26_p3,opt_23,opt_26,opt_23-opt_2-opt_12-opt_21-opt_26,4,650.356
ip_23,ip_26,ip_23_ip_26_p4,opt_23,opt_26,opt_23-opt_22-opt_12-opt_26,3,663.093
ip_23,ip_26,ip_23_ip_26_p5,opt_23,opt_26,opt_23-opt_22-opt_12-opt_21-opt_26,4,753.182
ip_23,ip_26,ip_23_ip_26_p6,opt_23,opt_26,opt_23-opt_22-opt_2-opt_12-opt_26,4,754.267
ip_23,ip_26,ip_23_ip_26_p7,opt_23,opt_26,opt_23-opt_2-opt_9-opt_26,3,770.378
ip_23,ip_26,ip_23_ip_26_p8,opt_23,opt_26,opt_23-opt_12-opt_9-opt_26,3,776.156
ip_23,ip_26,ip_23_ip_26_p9,opt_23,opt_26,opt_23-opt_2-opt_9-opt_21-opt_26,4,786.144
ip_23,ip_27,ip_23_ip_27_p0,opt_23,opt_27,opt_23-opt_27,1,533.814
ip_23,ip_27,ip_23_ip_27_p1,opt_23,opt_27,opt_23-opt_2-opt_3-opt_27,3,557.803
ip_23,ip_27,ip_23_ip_27_p2,opt_23,opt_27,opt_23-opt_29-opt_27,2,579.449
ip_23,ip_27,ip_23_ip_27_p3,opt_23,opt_27,opt_23-opt_29-opt_3-opt_27,3,582.929
ip_23,ip_27,ip_23_ip_27_p4,opt_23,opt_27,opt_23-opt_2-opt_29-opt_27,3,694.661
ip_23,ip_27,ip_23_ip_27_p5,opt_23,opt_27,opt_23-opt_2-opt_29-opt_3-opt_27,4,698.141
ip_23,ip_27,ip_23_ip_27_p6,opt_23,opt_27,opt_23-opt_2-opt_9-opt_27,3,743.803
ip_23,ip_27,ip_23_ip_27_p7,opt_23,opt_27,opt_23-opt_12-opt_2-opt_3-opt_27,4,748.243
ip_23,ip_27,ip_23_ip_27_p8,opt_23,opt_27,opt_23-opt_12-opt_9-opt_27,3,749.581
ip_23,ip_27,ip_23_ip_27_p9,opt_23,opt_27,opt_23-opt_22-opt_2-opt_3-opt_27,4,751.803
ip_23,ip_28,ip_23_ip_28_p0,opt_23,opt_28,opt_23-opt_27-opt_11-opt_28,3,983.958
ip_23,ip_28,ip_23_ip_28_p1,opt_23,opt_28,opt_23-opt_2-opt_3-opt_11-opt_28,4,1006.315
ip_23,ip_28,ip_23_ip_28_p2,opt_23,opt_28,opt_23-opt_2-opt_3-opt_27-opt_11-opt_28,5,1007.947
ip_23,ip_28,ip_23_ip_28_p3,opt_23,opt_28,opt_23-opt_29-opt_27-opt_11-opt_28,4,1029.593
ip_23,ip_28,ip_23_ip_28_p4,opt_23,opt_28,opt_23-opt_29-opt_3-opt_11-opt_28,4,1031.441
ip_23,ip_28,ip_23_ip_28_p5,opt_23,opt_28,opt_23-opt_29-opt_3-opt_27-opt_11-opt_28,5,1033.073
ip_23,ip_28,ip_23_ip_28_p6,opt_23,opt_28,opt_23-opt_27-opt_3-opt_11-opt_28,4,1045.396
ip_23,ip_28,ip_23_ip_28_p7,opt_23,opt_28,opt_23-opt_29-opt_27-opt_3-opt_11-opt_28,5,1091.031
ip_23,ip_28,ip_23_ip_28_p8,opt_23,opt_28,opt_23-opt_2-opt_29-opt_27-opt_11-opt_28,5,1144.805
ip_23,ip_28,ip_23_ip_28_p9,opt_23,opt_28,opt_23-opt_2-opt_29-opt_3-opt_11-opt_28,5,1146.653
ip_23,ip_29,ip_23_ip_29_p0,opt_23,opt_29,opt_23-opt_29,1,321.908
ip_23,ip_29,ip_23_ip_29_p1,opt_23,opt_29,opt_23-opt_2-opt_29,2,437.120
ip_23,ip_29,ip_23_ip_29_p2,opt_23,opt_29,opt_23-opt_31-opt_29,2,512.924
ip_23,ip_29,ip_23_ip_29_p3,opt_23,opt_29,opt_23-opt_31-opt_15-opt_29,3,528.813
ip_23,ip_29,ip_23_ip_29_p4,opt_23,opt_29,opt_23-opt_12-opt_29,2,605.328
ip_23,ip_29,ip_23_ip_29_p5,opt_23,opt_29,opt_23-opt_12-opt_2-opt_29,3,627.560
ip_23,ip_29,ip_23_ip_29_p6,opt_23,opt_29,opt_23-opt_22-opt_2-opt_29,3,631.120
ip_23,ip_29,ip_23_ip_29_p7,opt_23,opt_29,opt_23-opt_2-opt_12-opt_29,3,631.778
ip_23,ip_29,ip_23_ip_29_p8,opt_23,opt_29,opt_23-opt_31-opt_6-opt_29,3,681.752
ip_23,ip_29,ip_23_ip_29_p9,opt_23,opt_29,opt_23-opt_31-opt_15-opt_6-opt_29,4,689.287
ip_23,ip_30,ip_23_ip_30_p0,opt_23,opt_30,opt_23-opt_4-opt_30,2,866.393
ip_23,ip_30,ip_23_ip_30_p1,opt_23,opt_30,opt_23-opt_4-opt_16-opt_30,3,868.760
ip_23,ip_30,ip_23_ip_30_p2,opt_23,opt_30,opt_23-opt_4-opt_13-opt_30,3,880.458
ip_23,ip_30,ip_23_ip_30_p3,opt_23,opt_30,opt_23-opt_4-opt_16-opt_13-opt_30,4,889.219
ip_23,ip_30,ip_23_ip_30_p4,opt_23,opt_30,opt_23-opt_27-opt_16-opt_30,3,942.373
ip_23,ip_30,ip_23_ip_30_p5,opt_23,opt_30,opt_23-opt_27-opt_4-opt_30,3,947.027
ip_23,ip_30,ip_23_ip_30_p6,opt_23,opt_30,opt_23-opt_27-opt_4-opt_16-opt_30,4,949.394
ip_23,ip_30,ip_23_ip_30_p7,opt_23,opt_30,opt_23-opt_2-opt_3-opt_16-opt_30,4,954.736
ip_23,ip_30,ip_23_ip_30_p8,opt_23,opt_30,opt_23-opt_2-opt_3-opt_4-opt_30,4,958.011
ip_23,ip_30,ip_23_ip_30_p9,opt_23,opt_30,opt_23-opt_2-opt_3-opt_4-opt_16-opt_30,5,960.378
ip_23,ip_31,ip_23_ip_31_p0,opt_23,opt_31,opt_23-opt_31,1,333.706
ip_23,ip_31,ip_23_ip_31_p1,opt_23,opt_31,opt_23-opt_29-opt_31,2,501.126
ip_23,ip_31,ip_23_ip_31_p2,opt_23,opt_31,opt_23-opt_29-opt_15-opt_31,3,517.015
ip_23,ip_31,ip_23_ip_31_p3,opt_23,opt_31,opt_23-opt_2-opt_29-opt_31,3,616.338
ip_23,ip_31,ip_23_ip_31_p4,opt_23,opt_31,opt_23-opt_2-opt_29-opt_15-opt_31,4,632.227
ip_23,ip_31,ip_23_ip_31_p5,opt_23,opt_31,opt_23-opt_29-opt_6-opt_31,3,669.954
ip_23,ip_31,ip_23_ip_31_p6,opt_23,opt_31,opt_23-opt_29-opt_6-opt_15-opt_31,4,677.489
ip_23,ip_31,ip_23_ip_31_p7,opt_23,opt_31,opt_23-opt_29-opt_15-opt_6-opt_31,4,704.040
ip_23,ip_31,ip_23_ip_31_p8,opt_23,opt_31,opt_23-opt_12-opt_29-opt_31,3,784.546
ip_23,ip_31,ip_23_ip_31_p9,opt_23,opt_31,opt_23-opt_2-opt_29-opt_6-opt_31,4,785.166
ip_24,ip_25,ip_24_ip_25_p0,opt_24,opt_25,opt_24-opt_25,1,100.122
ip_24,ip_25,ip_24_ip_25_p1,opt_24,opt_25,opt_24-opt_7-opt_25,2,196.658
ip_24,ip_25,ip_24_ip_25_p2,opt_24,opt_25,opt_24-opt_20-opt_25,2,257.820
ip_24,ip_25,ip_24_ip_25_p3,opt_24,opt_25,opt_24-opt_20-opt_7-opt_25,3,308.762
ip_24,ip_25,ip_24_ip_25_p4,opt_24,opt_25,opt_24-opt_10-opt_25,2,412.283
ip_24,ip_25,ip_24_ip_25_p5,opt_24,opt_25,opt_24-opt_10-opt_20-opt_25,3,412.308
ip_24,ip_25,ip_24_ip_25_p6,opt_24,opt_25,opt_24-opt_20-opt_10-opt_25,3,416.149
ip_24,ip_25,ip_24_ip_25_p7,opt_24,opt_25,opt_24-opt_7-opt_20-opt_25,3,423.860
ip_24,ip_25,ip_24_ip_25_p8,opt_24,opt_25,opt_24-opt_10-opt_7-opt_25,3,456.216
ip_24,ip_25,ip_24_ip_25_p9,opt_24,opt_25,opt_24-opt_20-opt_10-opt_7-opt_25,4,460.082
ip_24,ip_26,ip_24_ip_26_p0,opt_24,opt_26,opt_24-opt_21-opt_26,2,724.559
ip_24,ip_26,ip_24_ip_26_p1,opt_24,opt_26,opt_24-opt_20-opt_21-opt_26,3,724.719
ip_24,ip_26,ip_24_ip_26_p2,opt_24,opt_26,opt_24-opt_17-opt_26,2,728.717
ip_24,ip_26,ip_24_ip_26_p3,opt_24,opt_26,opt_24-opt_17-opt_21-opt_26,3,728.753
ip_24,ip_26,ip_24_ip_26_p4,opt_24,opt_26,opt_24-opt_20-opt_17-opt_26,3,730.375
ip_24,ip_26,ip_24_ip_26_p5,opt_24,opt_26,opt_24-opt_20-opt_17-opt_21-opt_26,4,730.411
ip_24,ip_26,ip_24_ip_26_p6,opt_24,opt_26,opt_24-opt_19-opt_26,2,735.979
ip_24,ip_26,ip_24_ip_26_p7,opt_24,opt_26,opt_24-opt_10-opt_19-opt_26,3,736.013
ip_24,ip_26,ip_24_ip_26_p8,opt_24,opt_26,opt_24-opt_20-opt_19-opt_26,3,739.089
ip_24,ip_26,ip_24_ip_26_p9,opt_24,opt_26,opt_24-opt_20-opt_10-opt_19-opt_26,4,739.879
ip_24,ip_27,ip_24_ip_27_p0,opt_24,opt_27,opt_24-opt_11-opt_27,2,549.564
ip_24,ip_27,ip_24_ip_27_p1,opt_24,opt_27,opt_24-opt_7-opt_27,2,566.116
ip_24,ip_27,ip_24_ip_27_p2,opt_24,opt_27,opt_24-opt_7-opt_11-opt_27,3,569.704
ip_24,ip_27,ip_24_ip_27_p3,opt_24,opt_27,opt_24-opt_20-opt_11-opt_27,3,601.439
ip_24,ip_27,ip_24_ip_27_p4,opt_24,opt_27,opt_24-opt_11-opt_3-opt_27,3,611.002
ip_24,ip_27,ip_24_ip_27_p5,opt_24,opt_27,opt_24-opt_7-opt_11-opt_3-opt_27,4,631.142
ip_24,ip_27,ip_24_ip_27_p6,opt_24,opt_27,opt_24-opt_25-opt_7-opt_27,3,634.148
ip_24,ip_27,ip_24_ip_27_p7,opt_24,opt_27,opt_24-opt_25-opt_11-opt_27,3,635.458
ip_24,ip_27,ip_24_ip_27_p8,opt_24,opt_27,opt_24-opt_25-opt_7-opt_11-opt_27,4,637.736
ip_24,ip_27,ip_24_ip_27_p9,opt_24,opt_27,opt_24-opt_20-opt_11-opt_3-opt_27,4,662.877
ip_24,ip_28,ip_24_ip_28_p0,opt_24,opt_28,opt_24-opt_28,1,286.533
ip_24,ip_28,ip_24_ip_28_p1,opt_24,opt_28,opt_24-opt_7-opt_28,2,291.011
ip_24,ip_28,ip_24_ip_28_p2,opt_24,opt_28,opt_24-opt_25-opt_28,2,308.567
ip_24,ip_28,ip_24_ip_28_p3,opt_24,opt_28,opt_24-opt_25-opt_7-opt_28,3,359.043
ip_24,ip_28,ip_24_ip_28_p4,opt_24,opt_28,opt_24-opt_20-opt_7-opt_28,3,403.115
ip_24,ip_28,ip_24_ip_28_p5,opt_24,opt_28,opt_24-opt_7-opt_25-opt_28,3,405.103
ip_24,ip_28,ip_24_ip_28_p6,opt_24,opt_28,opt_24-opt_5-opt_28,2,408.769
ip_24,ip_28,ip_24_ip_28_p7,opt_24,opt_28,opt_24-opt_25-opt_5-opt_28,3,409.603
ip_24,ip_28,ip_24_ip_28_p8,opt_24,opt_28,opt_24-opt_7-opt_5-opt_28,3,446.544
ip_24,ip_28,ip_24_ip_28_p9,opt_24,opt_28,opt_24-opt_20-opt_25-opt_28,3,466.265
ip_24,ip_29,ip_24_ip_29_p0,opt_24,opt_29,opt_24-opt_11-opt_27-opt_29,3,807.105
ip_24,ip_29,ip_24_ip_29_p1,opt_24,opt_29,opt_24-opt_11-opt_3-opt_29,3,808.953
ip_24,ip_29,ip_24_ip_29_p2,opt_24,opt_29,opt_24-opt_11-opt_27-opt_3-opt_29,4,810.585
ip_24,ip_29,ip_24_ip_29_p3,opt_24,opt_29,opt_24-opt_7-opt_27-opt_29,3,823.657
ip_24,ip_29,ip_24_ip_29_p4,opt_24,opt_29,opt_24-opt_7-opt_27-opt_3-opt_29,4,827.137
ip_24,ip_29,ip_24_ip_29_p5,opt_24,opt_29,opt_24-opt_7-opt_11-opt_27-opt_29,4,827.245
ip_24,ip_29,ip_24_ip_29_p6,opt_24,opt_29,opt_24-opt_7-opt_11-opt_3-opt_29,4,829.093
ip_24,ip_29,ip_24_ip_29_p7,opt_24,opt_29,opt_24-opt_7-opt_11-opt_27-opt_3-opt_29,5,830.725
ip_24,ip_29,ip_24_ip_29_p8,opt_24,opt_29,opt_24-opt_20-opt_11-opt_27-opt_29,4,858.980
ip_24,ip_29,ip_24_ip_29_p9,opt_24,opt_29,opt_24-opt_20-opt_11-opt_3-opt_29,4,860.828
ip_24,ip_30,ip_24_ip_30_p0,opt_24,opt_30,opt_24-opt_7-opt_14-opt_30,3,912.564
ip_24,ip_30,ip_24_ip_30_p1,opt_24,opt_30,opt_24-opt_7-opt_14-opt_13-opt_30,4,913.821
ip_24,ip_30,ip_24_ip_30_p2,opt_24,opt_30,opt_24-opt_11-opt_27-opt_16-opt_30,4,958.123
ip_24,ip_30,ip_24_ip_30_p3,opt_24,opt_30,opt_24-opt_11-opt_27-opt_4-opt_30,4,962.777
ip_24,ip_30,ip_24_ip_30_p4,opt_24,opt_30,opt_24-opt_11-opt_27-opt_4-opt_16-opt_30,5,965.144
ip_24,ip_30,ip_24_ip_30_p5,opt_24,opt_30,opt_24-opt_7-opt_14-opt_16-opt_30,4,967.617
ip_24,ip_30,ip_24_ip_30_p6,opt_24,opt_30,opt_24-opt_7-opt_14-opt_4-opt_30,4,972.501
ip_24,ip_30,ip_24_ip_30_p7,opt_24,opt_30,opt_24-opt_7-opt_27-opt_16-opt_30,4,974.675
ip_24,ip_30,ip_24_ip_30_p8,opt_24,opt_30,opt_24-opt_7-opt_14-opt_4-opt_16-opt_30,5,974.868
ip_24,ip_30,ip_24_ip_30_p9,opt_24,opt_30,opt_24-opt_11-opt_27-opt_13-opt_30,4,976.829
ip_24,ip_31,ip_24_ip_31_p0,opt_24,opt_31,opt_24-opt_11-opt_27-opt_29-opt_31,4,986.323
ip_24,ip_31,ip_24_ip_31_p1,opt_24,opt_31,opt_24-opt_11-opt_3-opt_29-opt_31,4,988.171
ip_24,ip_31,ip_24_ip_31_p2,opt_24,opt_31,opt_24-opt_11-opt_27-opt_3-opt_29-opt_31,5,989.803
ip_24,ip_31,ip_24_ip_31_p3,opt_24,opt_31,opt_24-opt_11-opt_27-opt_29-opt_15-opt_31,5,1002.212
ip_24,ip_31,ip_24_ip_31_p4,opt_24,opt_31,opt_24-opt_7-opt_27-opt_29-opt_31,4,1002.875
ip_24,ip_31,ip_24_ip_31_p5,opt_24,opt_31,opt_24-opt_11-opt_3-opt_29-opt_15-opt_31,5,1004.060
ip_24,ip_31,ip_24_ip_31_p6,opt_24,opt_31,opt_24-opt_11-opt_27-opt_3-opt_29-opt_15-opt_31,6,1005.692
ip_24,ip_31,ip_24_ip_31_p7,opt_24,opt_31,opt_24-opt_7-opt_27-opt_3-opt_29-opt_31,5,1006.355
ip_24,ip_31,ip_24_ip_31_p8,opt_24,opt_31,opt_24-opt_7-opt_11-opt_27-opt_29-opt_31,5,1006.463
ip_24,ip_31,ip_24_ip_31_p9,opt_24,opt_31,opt_24-opt_7-opt_11-opt_3-opt_29-opt_31,5,1008.311
ip_25,ip_26,ip_25_ip_26_p0,opt_25,opt_26,opt_25-opt_21-opt_26,2,789.863
ip_25,ip_26,ip_25_ip_26_p1,opt_25,opt_26,opt_25-opt_20-opt_21-opt_26,3,807.727
ip_25,ip_26,ip_25_ip_26_p2,opt_25,opt_26,opt_25-opt_20-opt_17-opt_26,3,813.383
ip_25,ip_26,ip_25_ip_26_p3,opt_25,opt_26,opt_25-opt_20-opt_17-opt_21-opt_26,4,813.419
ip_25,ip_26,ip_25_ip_26_p4,opt_25,opt_26,opt_25-opt_20-opt_19-opt_26,3,822.097
ip_25,ip_26,ip_25_ip_26_p5,opt_25,opt_26,opt_25-opt_10-opt_19-opt_26,3,822.862
ip_25,ip_26,ip_25_ip_26_p6,opt_25,opt_26,opt_25-opt_20-opt_10-opt_19-opt_26,4,822.887
ip_25,ip_26,ip_25_ip_26_p7,opt_25,opt_26,opt_25-opt_24-opt_21-opt_26,3,824.681
ip_25,ip_26,ip_25_ip_26_p8,opt_25,opt_26,opt_25-opt_24-opt_20-opt_21-opt_26,4,824.841
ip_25,ip_26,ip_25_ip_26_p9,opt_25,opt_26,opt_25-opt_24-opt_17-opt_26,3,828.839
ip_25,ip_27,ip_25_ip_27_p0,opt_25,opt_27,opt_25-opt_7-opt_27,2,534.026
ip_25,ip_27,ip_25_ip_27_p1,opt_25,opt_27,opt_25-opt_11-opt_27,2,535.336
ip_25,ip_27,ip_25_ip_27_p2,opt_25,opt_27,opt_25-opt_7-opt_11-opt_27,3,537.614
ip_25,ip_27,ip_25_ip_27_p3,opt_25,opt_27,opt_25-opt_11-opt_3-opt_27,3,596.774
ip_25,ip_27,ip_25_ip_27_p4,opt_25,opt_27,opt_25-opt_7-opt_11-opt_3-opt_27,4,599.052
ip_25,ip_27,ip_25_ip_27_p5,opt_25,opt_27,opt_25-opt_24-opt_11-opt_27,3,649.686
ip_25,ip_27,ip_25_ip_27_p6,opt_25,opt_27,opt_25-opt_28-opt_11-opt_27,3,658.589
ip_25,ip_27,ip_25_ip_27_p7,opt_25,opt_27,opt_25-opt_24-opt_7-opt_27,3,666.238
ip_25,ip_27,ip_25_ip_27_p8,opt_25,opt_27,opt_25-opt_24-opt_7-opt_11-opt_27,4,669.826
ip_25,ip_27,ip_25_ip_27_p9,opt_25,opt_27,opt_25-opt_20-opt_11-opt_27,3,684.447
ip_25,ip_28,ip_25_ip_28_p0,opt_25,opt_28,opt_25-opt_28,1,208.445
ip_25,ip_28,ip_25_ip_28_p1,opt_25,opt_28,opt_25-opt_7-opt_28,2,258.921
ip_25,ip_28,ip_25_ip_28_p2,opt_25,opt_28,opt_25-opt_5-opt_28,2,309.481
ip_25,ip_28,ip_25_ip_28_p3,opt_25,opt_28,opt_25-opt_24-opt_28,2,386.655
ip_25,ip_28,ip_25_ip_28_p4,opt_25,opt_28,opt_25-opt_24-opt_7-opt_28,3,391.133
ip_25,ip_28,ip_25_ip_28_p5,opt_25,opt_28,opt_25-opt_7-opt_5-opt_28,3,414.454
ip_25,ip_28,ip_25_ip_28_p6,opt_25,opt_28,opt_25-opt_7-opt_24-opt_28,3,483.191
ip_25,ip_28,ip_25_ip_28_p7,opt_25,opt_28,opt_25-opt_20-opt_7-opt_28,3,486.123
ip_25,ip_28,ip_25_ip_28_p8,opt_25,opt_28,opt_25-opt_11-opt_28,2,493.592
ip_25,ip_28,ip_25_ip_28_p9,opt_25,opt_28,opt_25-opt_7-opt_11-opt_28,3,495.870
ip_25,ip_29,ip_25_ip_29_p0,opt_25,opt_29,opt_25-opt_29,1,790.860
ip_25,ip_29,ip_25_ip_29_p1,opt_25,opt_29,opt_25-opt_7-opt_27-opt_29,3,791.567
ip_25,ip_29,ip_25_ip_29_p2,opt_25,opt_29,opt_25-opt_11-opt_27-opt_29,3,792.877
ip_25,ip_29,ip_25_ip_29_p3,opt_25,opt_29,opt_25-opt_11-opt_3-opt_29,3,794.725
ip_25,ip_29,ip_25_ip_29_p4,opt_25,opt_29,opt_25-opt_7-opt_27-opt_3-opt_29,4,795.047
ip_25,ip_29,ip_25_ip_29_p5,opt_25,opt_29,opt_25-opt_7-opt_11-opt_27-opt_29,4,795.155
ip_25,ip_29,ip_25_ip_29_p6,opt_25,opt_29,opt_25-opt_11-opt_27-opt_3-opt_29,4,796.357
ip_25,ip_29,ip_25_ip_29_p7,opt_25,opt_29,opt_25-opt_7-opt_11-opt_3-opt_29,4,797.003
ip_25,ip_29,ip_25_ip_29_p8,opt_25,opt_29,opt_25-opt_7-opt_11-opt_27-opt_3-opt_29,5,798.635
ip_25,ip_29,ip_25_ip_29_p9,opt_25,opt_29,opt_25-opt_11-opt_3-opt_27-opt_29,4,854.315
ip_25,ip_30,ip_25_ip_30_p0,opt_25,opt_30,opt_25-opt_7-opt_14-opt_30,3,880.474
ip_25,ip_30,ip_25_ip_30_p1,opt_25,opt_30,opt_25-opt_7-opt_14-opt_13-opt_30,4,881.731
ip_25,ip_30,ip_25_ip_30_p2,opt_25,opt_30,opt_25-opt_7-opt_14-opt_16-opt_30,4,935.527
ip_25,ip_30,ip_25_ip_30_p3,opt_25,opt_30,opt_25-opt_7-opt_14-opt_4-opt_30,4,940.411
ip_25,ip_30,ip_25_ip_30_p4,opt_25,opt_30,opt_25-opt_7-opt_27-opt_16-opt_30,4,942.585
ip_25,ip_30,ip_25_ip_30_p5,opt_25,opt_30,opt_25-opt_7-opt_14-opt_4-opt_16-opt_30,5,942.778
ip_25,ip_30,ip_25_ip_30_p6,opt_25,opt_30,opt_25-opt_11-opt_27-opt_16-opt_30,4,943.895
ip_25,ip_30,ip_25_ip_30_p7,opt_25,opt_30,opt_25-opt_7-opt_11-opt_27-opt_16-opt_30,5,946.173
ip_25,ip_30,ip_25_ip_30_p8,opt_25,opt_30,opt_25-opt_7-opt_27-opt_4-opt_30,4,947.239
ip_25,ip_30,ip_25_ip_30_p9,opt_25,opt_30,opt_25-opt_11-opt_27-opt_4-opt_30,4,948.549
ip_25,ip_31,ip_25_ip_31_p0,opt_25,opt_31,opt_25-opt_29-opt_31,2,970.078
ip_25,ip_31,ip_25_ip_31_p1,opt_25,opt_31,opt_25-opt_7-opt_27-opt_29-opt_31,4,970.785
ip_25,ip_31,ip_25_ip_31_p2,opt_25,opt_31,opt_25-opt_11-opt_27-opt_29-opt_31,4,972.095
ip_25,ip_31,ip_25_ip_31_p3,opt_25,opt_31,opt_25-opt_11-opt_3-opt_29-opt_31,4,973.943
ip_25,ip_31,ip_25_ip_31_p4,opt_25,opt_31,opt_25-opt_7-opt_27-opt_3-opt_29-opt_31,5,974.265
ip_25,ip_31,ip_25_ip_31_p5,opt_25,opt_31,opt_25-opt_7-opt_11-opt_27-opt_29-opt_31,5,974.373
ip_25,ip_31,ip_25_ip_31_p6,opt_25,opt_31,opt_25-opt_11-opt_27-opt_3-opt_29-opt_31,5,975.575
ip_25,ip_31,ip_25_ip_31_p7,opt_25,opt_31,opt_25-opt_7-opt_11-opt_3-opt_29-opt_31,5,976.221
ip_25,ip_31,ip_25_ip_31_p8,opt_25,opt_31,opt_25-opt_7-opt_11-opt_27-opt_3-opt_29-opt_31,6,977.853
ip_25,ip_31,ip_25_ip_31_p9,opt_25,opt_31,opt_25-opt_29-opt_15-opt_31,3,985.967
ip_26,ip_27,ip_26_ip_27_p0,opt_26,opt_27,opt_26-opt_9-opt_27,2,508.839
ip_26,ip_27,ip_26_ip_27_p1,opt_26,opt_27,opt_26-opt_21-opt_9-opt_27,3,524.605
ip_26,ip_27,ip_26_ip_27_p2,opt_26,opt_27,opt_26-opt_9-opt_3-opt_27,3,530.925
ip_26,ip_27,ip_26_ip_27_p3,opt_26,opt_27,opt_26-opt_21-opt_9-opt_3-opt_27,4,546.691
ip_26,ip_27,ip_26_ip_27_p4,opt_26,opt_27,opt_26-opt_12-opt_2-opt_3-opt_27,4,661.022
ip_26,ip_27,ip_26_ip_27_p5,opt_26,opt_27,opt_26-opt_12-opt_9-opt_27,3,662.360
ip_26,ip_27,ip_26_ip_27_p6,opt_26,opt_27,opt_26-opt_12-opt_9-opt_3-opt_27,4,684.446
ip_26,ip_27,ip_26_ip_27_p7,opt_26,opt_27,opt_26-opt_21-opt_12-opt_2-opt_3-opt_27,5,751.111
ip_26,ip_27,ip_26_ip_27_p8,opt_26,opt_27,opt_26-opt_21-opt_12-opt_9-opt_27,4,752.449
ip_26,ip_27,ip_26_ip_27_p9,opt_26,opt_27,opt_26-opt_21-opt_12-opt_9-opt_3-opt_27,5,774.535
ip_26,ip_28,ip_26_ip_28_p0,opt_26,opt_28,opt_26-opt_17-opt_11-opt_28,3,866.320
ip_26,ip_28,ip_26_ip_28_p1,opt_26,opt_28,opt_26-opt_21-opt_17-opt_11-opt_28,4,866.356
ip_26,ip_28,ip_26_ip_28_p2,opt_26,opt_28,opt_26-opt_9-opt_17-opt_11-opt_28,4,941.412
ip_26,ip_28,ip_26_ip_28_p3,opt_26,opt_28,opt_26-opt_19-opt_10-opt_28,3,948.778
ip_26,ip_28,ip_26_ip_28_p4,opt_26,opt_28,opt_26-opt_19-opt_7-opt_28,3,952.174
ip_26,ip_28,ip_26_ip_28_p5,opt_26,opt_28,opt_26-opt_21-opt_20-opt_7-opt_28,4,953.022
ip_26,ip_28,ip_26_ip_28_p6,opt_26,opt_28,opt_26-opt_21-opt_9-opt_17-opt_11-opt_28,5,957.178
ip_26,ip_28,ip_26_ip_28_p7,opt_26,opt_28,opt_26-opt_17-opt_20-opt_7-opt_28,4,958.678
ip_26,ip_28,ip_26_ip_28_p8,opt_26,opt_28,opt_26-opt_21-opt_17-opt_20-opt_7-opt_28,5,958.714
ip_26,ip_28,ip_26_ip_28_p9,opt_26,opt_28,opt_26-opt_9-opt_27-opt_11-opt_28,4,958.983
ip_26,ip_29,ip_26_ip_29_p0,opt_26,opt_29,opt_26-opt_12-opt_29,2,518.107
ip_26,ip_29,ip_26_ip_29_p1,opt_26,opt_29,opt_26-opt_12-opt_2-opt_29,3,540.339
ip_26,ip_29,ip_26_ip_29_p2,opt_26,opt_29,opt_26-opt_21-opt_12-opt_29,3,608.196
ip_26,ip_29,ip_26_ip_29_p3,opt_26,opt_29,opt_26-opt_21-opt_12-opt_2-opt_29,4,630.428
ip_26,ip_29,ip_26_ip_29_p4,opt_26,opt_29,opt_26-opt_9-opt_3-opt_29,3,728.876
ip_26,ip_29,ip_26_ip_29_p5,opt_26,opt_29,opt_26-opt_21-opt_9-opt_3-opt_29,4,744.642
ip_26,ip_29,ip_26_ip_29_p6,opt_26,opt_29,opt_26-opt_9-opt_2-opt_29,3,750.450
ip_26,ip_29,ip_26_ip_29_p7,opt_26,opt_29,opt_26-opt_9-opt_12-opt_29,3,760.446
ip_26,ip_29,ip_26_ip_29_p8,opt_26,opt_29,opt_26-opt_21-opt_9-opt_2-opt_29,4,766.216
ip_26,ip_29,ip_26_ip_29_p9,opt_26,opt_29,opt_26-opt_9-opt_27-opt_29,3,766.380
ip_26,ip_30,ip_26_ip_30_p0,opt_26,opt_30,opt_26-opt_9-opt_27-opt_16-opt_30,4,917.398
ip_26,ip_30,ip_26_ip_30_p1,opt_26,opt_30,opt_26-opt_9-opt_27-opt_4-opt_30,4,922.052
ip_26,ip_30,ip_26_ip_30_p2,opt_26,opt_30,opt_26-opt_9-opt_27-opt_4-opt_16-opt_30,5,924.419
ip_26,ip_30,ip_26_ip_30_p3,opt_26,opt_30,opt_26-opt_9-opt_3-opt_16-opt_30,4,927.858
ip_26,ip_30,ip_26_ip_30_p4,opt_26,opt_30,opt_26-opt_9-opt_3-opt_4-opt_30,4,931.133
ip_26,ip_30,ip_26_ip_30_p5,opt_26,opt_30,opt_26-opt_21-opt_9-opt_27-opt_16-opt_30,5,933.164
ip_26,ip_30,ip_26_ip_30_p6,opt_26,opt_30,opt_26-opt_9-opt_3-opt_4-opt_16-opt_30,5,933.500
ip_26,ip_30,ip_26_ip_30_p7,opt_26,opt_30,opt_26-opt_9-opt_27-opt_13-opt_30,4,936.104
ip_26,ip_30,ip_26_ip_30_p8,opt_26,opt_30,opt_26-opt_9-opt_27-opt_4-opt_13-opt_30,5,936.117
ip_26,ip_30,ip_26_ip_30_p9,opt_26,opt_30,opt_26-opt_21-opt_9-opt_27-opt_4-opt_30,5,937.818
ip_26,ip_31,ip_26_ip_31_p0,opt_26,opt_31,opt_26-opt_12-opt_29-opt_31,3,697.325
ip_26,ip_31,ip_26_ip_31_p1,opt_26,opt_31,opt_26-opt_12-opt_29-opt_15-opt_31,4,713.214
ip_26,ip_31,ip_26_ip_31_p2,opt_26,opt_31,opt_26-opt_12-opt_2-opt_29-opt_31,4,719.557
ip_26,ip_31,ip_26_ip_31_p3,opt_26,opt_31,opt_26-opt_12-opt_2-opt_29-opt_15-opt_31,5,735.446
ip_26,ip_31,ip_26_ip_31_p4,opt_26,opt_31,opt_26-opt_21-opt_12-opt_29-opt_31,4,787.414
ip_26,ip_31,ip_26_ip_31_p5,opt_26,opt_31,opt_26-opt_21-opt_12-opt_29-opt_15-opt_31,5,803.303
ip_26,ip_31,ip_26_ip_31_p6,opt_26,opt_31,opt_26-opt_21-opt_12-opt_2-opt_29-opt_31,5,809.646
ip_26,ip_31,ip_26_ip_31_p7,opt_26,opt_31,opt_26-opt_21-opt_12-opt_2-opt_29-opt_15-opt_31,6,825.535
ip_26,ip_31,ip_26_ip_31_p8,opt_26,opt_31,opt_26-opt_12-opt_29-opt_6-opt_31,4,866.153
ip_26,ip_31,ip_26_ip_31_p9,opt_26,opt_31,opt_26-opt_12-opt_23-opt_31,3,867.523
ip_27,ip_28,ip_27_ip_28_p0,opt_27,opt_28,opt_27-opt_11-opt_28,2,450.144
ip_27,ip_28,ip_27_ip_28_p1,opt_27,opt_28,opt_27-opt_3-opt_11-opt_28,3,511.582
ip_27,ip_28,ip_27_ip_28_p2,opt_27,opt_28,opt_27-opt_7-opt_28,2,628.379
ip_27,ip_28,ip_27_ip_28_p3,opt_27,opt_28,opt_27-opt_11-opt_7-opt_28,3,631.967
ip_27,ip_28,ip_27_ip_28_p4,opt_27,opt_28,opt_27-opt_3-opt_11-opt_7-opt_28,4,693.405
ip_27,ip_28,ip_27_ip_28_p5,opt_27,opt_28,opt_27-opt_7-opt_25-opt_28,3,742.471
ip_27,ip_28,ip_27_ip_28_p6,opt_27,opt_28,opt_27-opt_11-opt_25-opt_28,3,743.781
ip_27,ip_28,ip_27_ip_28_p7,opt_27,opt_28,opt_27-opt_11-opt_7-opt_25-opt_28,4,746.059
ip_27,ip_28,ip_27_ip_28_p8,opt_27,opt_28,opt_27-opt_7-opt_5-opt_28,3,783.912
ip_27,ip_28,ip_27_ip_28_p9,opt_27,opt_28,opt_27-opt_11-opt_7-opt_5-opt_28,4,787.500
ip_27,ip_29,ip_27_ip_29_p0,opt_27,opt_29,opt_27-opt_29,1,257.541
ip_27,ip_29,ip_27_ip_29_p1,opt_27,opt_29,opt_27-opt_3-opt_29,2,261.021
ip_27,ip_29,ip_27_ip_29_p2,opt_27,opt_29,opt_27-opt_3-opt_2-opt_29,3,537.875
ip_27,ip_29,ip_27_ip_29_p3,opt_27,opt_29,opt_27-opt_9-opt_3-opt_29,3,702.301
ip_27,ip_29,ip_27_ip_29_p4,opt_27,opt_29,opt_27-opt_9-opt_2-opt_29,3,723.875
ip_27,ip_29,ip_27_ip_29_p5,opt_27,opt_29,opt_27-opt_3-opt_2-opt_12-opt_29,4,732.533
ip_27,ip_29,ip_27_ip_29_p6,opt_27,opt_29,opt_27-opt_9-opt_12-opt_29,3,733.871
ip_27,ip_29,ip_27_ip_29_p7,opt_27,opt_29,opt_27-opt_4-opt_3-opt_29,3,745.758
ip_27,ip_29,ip_27_ip_29_p8,opt_27,opt_29,opt_27-opt_3-opt_9-opt_2-opt_29,4,745.961
ip_27,ip_29,ip_27_ip_29_p9,opt_27,opt_29,opt_27-opt_11-opt_3-opt_29,3,751.277
ip_27,ip_30,ip_27_ip_30_p0,opt_27,opt_30,opt_27-opt_16-opt_30,2,408.559
ip_27,ip_30,ip_27_ip_30_p1,opt_27,opt_30,opt_27-opt_4-opt_30,2,413.213
ip_27,ip_30,ip_27_ip_30_p2,opt_27,opt_30,opt_27-opt_4-opt_16-opt_30,3,415.580
ip_27,ip_30,ip_27_ip_30_p3,opt_27,opt_30,opt_27-opt_13-opt_30,2,427.265
ip_27,ip_30,ip_27_ip_30_p4,opt_27,opt_30,opt_27-opt_4-opt_13-opt_30,3,427.278
ip_27,ip_30,ip_27_ip_30_p5,opt_27,opt_30,opt_27-opt_16-opt_13-opt_30,3,429.018
ip_27,ip_30,ip_27_ip_30_p6,opt_27,opt_30,opt_27-opt_4-opt_16-opt_13-opt_30,4,436.039
ip_27,ip_30,ip_27_ip_30_p7,opt_27,opt_30,opt_27-opt_16-opt_4-opt_30,3,446.328
ip_27,ip_30,ip_27_ip_30_p8,opt_27,opt_30,opt_27-opt_3-opt_16-opt_30,3,460.003
ip_27,ip_30,ip_27_ip_30_p9,opt_27,opt_30,opt_27-opt_16-opt_4-opt_13-opt_30,4,460.393
ip_27,ip_31,ip_27_ip_31_p0,opt_27,opt_31,opt_27-opt_29-opt_31,2,436.759
ip_27,ip_31,ip_27_ip_31_p1,opt_27,opt_31,opt_27-opt_3-opt_29-opt_31,3,440.239
ip_27,ip_31,ip_27_ip_31_p2,opt_27,opt_31,opt_27-opt_29-opt_15-opt_31,3,452.648
ip_27,ip_31,ip_27_ip_31_p3,opt_27,opt_31,opt_27-opt_3-opt_29-opt_15-opt_31,4,456.128
ip_27,ip_31,ip_27_ip_31_p4,opt_27,opt_31,opt_27-opt_29-opt_6-opt_31,3,605.587
ip_27,ip_31,ip_27_ip_31_p5,opt_27,opt_31,opt_27-opt_3-opt_29-opt_6-opt_31,4,609.067
ip_27,ip_31,ip_27_ip_31_p6,opt_27,opt_31,opt_27-opt_29-opt_6-opt_15-opt_31,4,613.122
ip_27,ip_31,ip_27_ip_31_p7,opt_27,opt_31,opt_27-opt_3-opt_29-opt_6-opt_15-opt_31,5,616.602
ip_27,ip_31,ip_27_ip_31_p8,opt_27,opt_31,opt_27-opt_29-opt_15-opt_6-opt_31,4,639.673
ip_27,ip_31,ip_27_ip_31_p9,opt_27,opt_31,opt_27-opt_3-opt_29-opt_15-opt_6-opt_31,5,643.153
ip_28,ip_29,ip_28_ip_29_p0,opt_28,opt_29,opt_28-opt_11-opt_27-opt_29,3,707.685
ip_28,ip_29,ip_28_ip_29_p1,opt_28,opt_29,opt_28-opt_11-opt_3-opt_29,3,709.533
ip_28,ip_29,ip_28_ip_29_p2,opt_28,opt_29,opt_28-opt_11-opt_27-opt_3-opt_29,4,711.165
ip_28,ip_29,ip_28_ip_29_p3,opt_28,opt_29,opt_28-opt_11-opt_3-opt_27-opt_29,4,769.123
ip_28,ip_29,ip_28_ip_29_p4,opt_28,opt_29,opt_28-opt_7-opt_27-opt_29,3,885.920
ip_28,ip_29,ip_28_ip_29_p5,opt_28,opt_29,opt_28-opt_7-opt_27-opt_3-opt_29,4,889.400
ip_28,ip_29,ip_28_ip_29_p6,opt_28,opt_29,opt_28-opt_7-opt_11-opt_27-opt_29,4,889.508
ip_28,ip_29,ip_28_ip_29_p7,opt_28,opt_29,opt_28-opt_7-opt_11-opt_3-opt_29,4,891.356
ip_28,ip_29,ip_28_ip_29_p8,opt_28,opt_29,opt_28-opt_7-opt_11-opt_27-opt_3-opt_29,5,892.988
ip_28,ip_29,ip_28_ip_29_p9,opt_28,opt_29,opt_28-opt_5-opt_29,2,929.283
ip_28,ip_30,ip_28_ip_30_p0,opt_28,opt_30,opt_28-opt_11-opt_27-opt_16-opt_30,4,858.703
ip_28,ip_30,ip_28_ip_30_p1,opt_28,opt_30,opt_28-opt_11-opt_27-opt_4-opt_30,4,863.357
ip_28,ip_30,ip_28_ip_30_p2,opt_28,opt_30,opt_28-opt_11-opt_27-opt_4-opt_16-opt_30,5,865.724
ip_28,ip_30,ip_28_ip_30_p3,opt_28,opt_30,opt_28-opt_11-opt_27-opt_13-opt_30,4,877.409
ip_28,ip_30,ip_28_ip_30_p4,opt_28,opt_30,opt_28-opt_11-opt_27-opt_4-opt_13-opt_30,5,877.422
ip_28,ip_30,ip_28_ip_30_p5,opt_28,opt_30,opt_28-opt_11-opt_27-opt_16-opt_13-opt_30,5,879.162
ip_28,ip_30,ip_28_ip_30_p6,opt_28,opt_30,opt_28-opt_11-opt_27-opt_4-opt_16-opt_13-opt_30,6,886.183
ip_28,ip_30,ip_28_ip_30_p7,opt_28,opt_30,opt_28-opt_11-opt_27-opt_16-opt_4-opt_30,5,896.472
ip_28,ip_30,ip_28_ip_30_p8,opt_28,opt_30,opt_28-opt_11-opt_3-opt_16-opt_30,4,908.515
ip_28,ip_30,ip_28_ip_30_p9,opt_28,opt_30,opt_28-opt_11-opt_27-opt_3-opt_16-opt_30,5,910.147
ip_28,ip_31,ip_28_ip_31_p0,opt_28,opt_31,opt_28-opt_11-opt_27-opt_29-opt_31,4,886.903
ip_28,ip_31,ip_28_ip_31_p1,opt_28,opt_31,opt_28-opt_11-opt_3-opt_29-opt_31,4,888.751
ip_28,ip_31,ip_28_ip_31_p2,opt_28,opt_31,opt_28-opt_11-opt_27-opt_3-opt_29-opt_31,5,890.383
ip_28,ip_31,ip_28_ip_31_p3,opt_28,opt_31,opt_28-opt_11-opt_27-opt_29-opt_15-opt_31,5,902.792
ip_28,ip_31,ip_28_ip_31_p4,opt_28,opt_31,opt_28-opt_11-opt_3-opt_29-opt_15-opt_31,5,904.640
ip_28,ip_31,ip_28_ip_31_p5,opt_28,opt_31,opt_28-opt_11-opt_27-opt_3-opt_29-opt_15-opt_31,6,906.272
ip_28,ip_31,ip_28_ip_31_p6,opt_28,opt_31,opt_28-opt_11-opt_3-opt_27-opt_29-opt_31,5,948.341
ip_28,ip_31,ip_28_ip_31_p7,opt_28,opt_31,opt_28-opt_11-opt_3-opt_27-opt_29-opt_15-opt_31,6,964.230
ip_28,ip_31,ip_28_ip_31_p8,opt_28,opt_31,opt_28-opt_11-opt_27-opt_29-opt_6-opt_31,5,1055.731
ip_28,ip_31,ip_28_ip_31_p9,opt_28,opt_31,opt_28-opt_11-opt_3-opt_29-opt_6-opt_31,5,1057.579
ip_29,ip_30,ip_29_ip_30_p0,opt_29,opt_30,opt_29-opt_3-opt_16-opt_30,3,657.954
ip_29,ip_30,ip_29_ip_30_p1,opt_29,opt_30,opt_29-opt_3-opt_4-opt_30,3,661.229
ip_29,ip_30,ip_29_ip_30_p2,opt_29,opt_30,opt_29-opt_3-opt_4-opt_16-opt_30,4,663.596
ip_29,ip_30,ip_29_ip_30_p3,opt_29,opt_30,opt_29-opt_27-opt_16-opt_30,3,666.100
ip_29,ip_30,ip_29_ip_30_p4,opt_29,opt_30,opt_29-opt_3-opt_27-opt_16-opt_30,4,669.580
ip_29,ip_30,ip_29_ip_30_p5,opt_29,opt_30,opt_29-opt_27-opt_4-opt_30,3,670.754
ip_29,ip_30,ip_29_ip_30_p6,opt_29,opt_30,opt_29-opt_27-opt_4-opt_16-opt_30,4,673.121
ip_29,ip_30,ip_29_ip_30_p7,opt_29,opt_30,opt_29-opt_3-opt_27-opt_4-opt_30,4,674.234
ip_29,ip_30,ip_29_ip_30_p8,opt_29,opt_30,opt_29-opt_3-opt_4-opt_13-opt_30,4,675.294
ip_29,ip_30,ip_29_ip_30_p9,opt_29,opt_30,opt_29-opt_3-opt_27-opt_4-opt_16-opt_30,5,676.601
ip_29,ip_31,ip_29_ip_31_p0,opt_29,opt_31,opt_29-opt_31,1,179.218
ip_29,ip_31,ip_29_ip_31_p1,opt_29,opt_31,opt_29-opt_15-opt_31,2,195.107
ip_29,ip_31,ip_29_ip_31_p2,opt_29,opt_31,opt_29-opt_6-opt_31,2,348.046
ip_29,ip_31,ip_29_ip_31_p3,opt_29,opt_31,opt_29-opt_6-opt_15-opt_31,3,355.581
ip_29,ip_31,ip_29_ip_31_p4,opt_29,opt_31,opt_29-opt_15-opt_6-opt_31,3,382.132
ip_29,ip_31,ip_29_ip_31_p5,opt_29,opt_31,opt_29-opt_23-opt_31,2,655.614
ip_29,ip_31,ip_29_ip_31_p6,opt_29,opt_31,opt_29-opt_2-opt_23-opt_31,3,770.826
ip_29,ip_31,ip_29_ip_31_p7,opt_29,opt_31,opt_29-opt_12-opt_23-opt_31,3,939.034
ip_29,ip_31,ip_29_ip_31_p8,opt_29,opt_31,opt_29-opt_2-opt_12-opt_23-opt_31,4,961.266
ip_29,ip_31,ip_29_ip_31_p9,opt_29,opt_31,opt_29-opt_2-opt_22-opt_23-opt_31,4,964.826
ip_30,ip_31,ip_30_ip_31_p0,opt_30,opt_31,opt_30-opt_16-opt_31,2,634.613
ip_30,ip_31,ip_30_ip_31_p1,opt_30,opt_31,opt_30-opt_14-opt_6-opt_31,3,641.632
ip_30,ip_31,ip_30_ip_31_p2,opt_30,opt_31,opt_30-opt_13-opt_14-opt_6-opt_31,4,642.889
ip_30,ip_31,ip_30_ip_31_p3,opt_30,opt_31,opt_30-opt_14-opt_6-opt_15-opt_31,4,649.167
ip_30,ip_31,ip_30_ip_31_p4,opt_30,opt_31,opt_30-opt_13-opt_14-opt_6-opt_15-opt_31,5,650.424
ip_30,ip_31,ip_30_ip_31_p5,opt_30,opt_31,opt_30-opt_13-opt_16-opt_31,3,655.072
ip_30,ip_31,ip_30_ip_31_p6,opt_30,opt_31,opt_30-opt_4-opt_16-opt_31,3,672.382
ip_30,ip_31,ip_30_ip_31_p7,opt_30,opt_31,opt_30-opt_13-opt_4-opt_16-opt_31,4,686.447
ip_30,ip_31,ip_30_ip_31_p8,opt_30,opt_31,opt_30-opt_16-opt_14-opt_6-opt_31,4,696.685
ip_30,ip_31,ip_30_ip_31_p9,opt_30,opt_31,opt_30-opt_4-opt_14-opt_6-opt_31,4,701.569
