optical_link_id,src_optical_node_id,dst_optical_node_id,slot_index,status
of_0,opt_0,opt_13,0,free
of_0,opt_0,opt_13,1,free
of_0,opt_0,opt_13,2,free
of_0,opt_0,opt_13,3,free
of_0,opt_0,opt_13,4,free
of_0,opt_0,opt_13,5,free
of_0,opt_0,opt_13,6,free
of_0,opt_0,opt_13,7,free
of_0,opt_0,opt_13,8,free
of_0,opt_0,opt_13,9,free
of_0,opt_0,opt_13,10,free
of_0,opt_0,opt_13,11,free
of_0,opt_0,opt_13,12,free
of_0,opt_0,opt_13,13,free
of_0,opt_0,opt_13,14,free
of_0,opt_0,opt_13,15,free
of_0,opt_0,opt_13,16,free
of_0,opt_0,opt_13,17,free
of_0,opt_0,opt_13,18,free
of_0,opt_0,opt_13,19,free
of_0,opt_0,opt_13,20,free
of_0,opt_0,opt_13,21,free
of_0,opt_0,opt_13,22,free
of_0,opt_0,opt_13,23,free
of_0,opt_0,opt_13,24,free
of_0,opt_0,opt_13,25,free
of_0,opt_0,opt_13,26,free
of_0,opt_0,opt_13,27,free
of_0,opt_0,opt_13,28,free
of_0,opt_0,opt_13,29,free
of_0,opt_0,opt_13,30,free
of_0,opt_0,opt_13,31,free
of_0,opt_0,opt_13,32,free
of_0,opt_0,opt_13,33,free
of_0,opt_0,opt_13,34,free
of_0,opt_0,opt_13,35,free
of_0,opt_0,opt_13,36,free
of_0,opt_0,opt_13,37,free
of_0,opt_0,opt_13,38,free
of_0,opt_0,opt_13,39,free
of_0,opt_0,opt_13,40,free
of_0,opt_0,opt_13,41,free
of_0,opt_0,opt_13,42,free
of_0,opt_0,opt_13,43,free
of_0,opt_0,opt_13,44,free
of_0,opt_0,opt_13,45,free
of_0,opt_0,opt_13,46,free
of_0,opt_0,opt_13,47,free
of_0,opt_0,opt_13,48,free
of_0,opt_0,opt_13,49,free
of_0,opt_0,opt_13,50,free
of_0,opt_0,opt_13,51,free
of_0,opt_0,opt_13,52,free
of_0,opt_0,opt_13,53,free
of_0,opt_0,opt_13,54,free
of_0,opt_0,opt_13,55,free
of_0,opt_0,opt_13,56,free
of_0,opt_0,opt_13,57,free
of_0,opt_0,opt_13,58,free
of_0,opt_0,opt_13,59,free
of_0,opt_0,opt_13,60,free
of_0,opt_0,opt_13,61,free
of_0,opt_0,opt_13,62,free
of_0,opt_0,opt_13,63,free
of_0,opt_0,opt_13,64,free
of_0,opt_0,opt_13,65,free
of_0,opt_0,opt_13,66,free
of_0,opt_0,opt_13,67,free
of_0,opt_0,opt_13,68,free
of_0,opt_0,opt_13,69,free
of_0,opt_0,opt_13,70,free
of_0,opt_0,opt_13,71,free
of_0,opt_0,opt_13,72,free
of_0,opt_0,opt_13,73,free
of_0,opt_0,opt_13,74,free
of_0,opt_0,opt_13,75,free
of_0,opt_0,opt_13,76,free
of_0,opt_0,opt_13,77,free
of_0,opt_0,opt_13,78,free
of_0,opt_0,opt_13,79,free
of_0,opt_0,opt_13,80,free
of_0,opt_0,opt_13,81,free
of_0,opt_0,opt_13,82,free
of_0,opt_0,opt_13,83,free
of_0,opt_0,opt_13,84,free
of_0,opt_0,opt_13,85,free
of_0,opt_0,opt_13,86,free
of_0,opt_0,opt_13,87,free
of_0,opt_0,opt_13,88,free
of_0,opt_0,opt_13,89,free
of_0,opt_0,opt_13,90,free
of_0,opt_0,opt_13,91,free
of_0,opt_0,opt_13,92,free
of_0,opt_0,opt_13,93,free
of_0,opt_0,opt_13,94,free
of_0,opt_0,opt_13,95,free
of_0,opt_0,opt_13,96,free
of_0,opt_0,opt_13,97,free
of_0,opt_0,opt_13,98,free
of_0,opt_0,opt_13,99,free
of_1,opt_0,opt_14,0,free
of_1,opt_0,opt_14,1,free
of_1,opt_0,opt_14,2,free
of_1,opt_0,opt_14,3,free
of_1,opt_0,opt_14,4,free
of_1,opt_0,opt_14,5,free
of_1,opt_0,opt_14,6,free
of_1,opt_0,opt_14,7,free
of_1,opt_0,opt_14,8,free
of_1,opt_0,opt_14,9,free
of_1,opt_0,opt_14,10,free
of_1,opt_0,opt_14,11,free
of_1,opt_0,opt_14,12,free
of_1,opt_0,opt_14,13,free
of_1,opt_0,opt_14,14,free
of_1,opt_0,opt_14,15,free
of_1,opt_0,opt_14,16,free
of_1,opt_0,opt_14,17,free
of_1,opt_0,opt_14,18,free
of_1,opt_0,opt_14,19,free
of_1,opt_0,opt_14,20,free
of_1,opt_0,opt_14,21,free
of_1,opt_0,opt_14,22,free
of_1,opt_0,opt_14,23,free
of_1,opt_0,opt_14,24,free
of_1,opt_0,opt_14,25,free
of_1,opt_0,opt_14,26,free
of_1,opt_0,opt_14,27,free
of_1,opt_0,opt_14,28,free
of_1,opt_0,opt_14,29,free
of_1,opt_0,opt_14,30,free
of_1,opt_0,opt_14,31,free
of_1,opt_0,opt_14,32,free
of_1,opt_0,opt_14,33,free
of_1,opt_0,opt_14,34,free
of_1,opt_0,opt_14,35,free
of_1,opt_0,opt_14,36,free
of_1,opt_0,opt_14,37,free
of_1,opt_0,opt_14,38,free
of_1,opt_0,opt_14,39,free
of_1,opt_0,opt_14,40,free
of_1,opt_0,opt_14,41,free
of_1,opt_0,opt_14,42,free
of_1,opt_0,opt_14,43,free
of_1,opt_0,opt_14,44,free
of_1,opt_0,opt_14,45,free
of_1,opt_0,opt_14,46,free
of_1,opt_0,opt_14,47,free
of_1,opt_0,opt_14,48,free
of_1,opt_0,opt_14,49,free
of_1,opt_0,opt_14,50,free
of_1,opt_0,opt_14,51,free
of_1,opt_0,opt_14,52,free
of_1,opt_0,opt_14,53,free
of_1,opt_0,opt_14,54,free
of_1,opt_0,opt_14,55,free
of_1,opt_0,opt_14,56,free
of_1,opt_0,opt_14,57,free
of_1,opt_0,opt_14,58,free
of_1,opt_0,opt_14,59,free
of_1,opt_0,opt_14,60,free
of_1,opt_0,opt_14,61,free
of_1,opt_0,opt_14,62,free
of_1,opt_0,opt_14,63,free
of_1,opt_0,opt_14,64,free
of_1,opt_0,opt_14,65,free
of_1,opt_0,opt_14,66,free
of_1,opt_0,opt_14,67,free
of_1,opt_0,opt_14,68,free
of_1,opt_0,opt_14,69,free
of_1,opt_0,opt_14,70,free
of_1,opt_0,opt_14,71,free
of_1,opt_0,opt_14,72,free
of_1,opt_0,opt_14,73,free
of_1,opt_0,opt_14,74,free
of_1,opt_0,opt_14,75,free
of_1,opt_0,opt_14,76,free
of_1,opt_0,opt_14,77,free
of_1,opt_0,opt_14,78,free
of_1,opt_0,opt_14,79,free
of_1,opt_0,opt_14,80,free
of_1,opt_0,opt_14,81,free
of_1,opt_0,opt_14,82,free
of_1,opt_0,opt_14,83,free
of_1,opt_0,opt_14,84,free
of_1,opt_0,opt_14,85,free
of_1,opt_0,opt_14,86,free
of_1,opt_0,opt_14,87,free
of_1,opt_0,opt_14,88,free
of_1,opt_0,opt_14,89,free
of_1,opt_0,opt_14,90,free
of_1,opt_0,opt_14,91,free
of_1,opt_0,opt_14,92,free
of_1,opt_0,opt_14,93,free
of_1,opt_0,opt_14,94,free
of_1,opt_0,opt_14,95,free
of_1,opt_0,opt_14,96,free
of_1,opt_0,opt_14,97,free
of_1,opt_0,opt_14,98,free
of_1,opt_0,opt_14,99,free
of_2,opt_0,opt_16,0,free
of_2,opt_0,opt_16,1,free
of_2,opt_0,opt_16,2,free
of_2,opt_0,opt_16,3,free
of_2,opt_0,opt_16,4,free
of_2,opt_0,opt_16,5,free
of_2,opt_0,opt_16,6,free
of_2,opt_0,opt_16,7,free
of_2,opt_0,opt_16,8,free
of_2,opt_0,opt_16,9,free
of_2,opt_0,opt_16,10,free
of_2,opt_0,opt_16,11,free
of_2,opt_0,opt_16,12,free
of_2,opt_0,opt_16,13,free
of_2,opt_0,opt_16,14,free
of_2,opt_0,opt_16,15,free
of_2,opt_0,opt_16,16,free
of_2,opt_0,opt_16,17,free
of_2,opt_0,opt_16,18,free
of_2,opt_0,opt_16,19,free
of_2,opt_0,opt_16,20,free
of_2,opt_0,opt_16,21,free
of_2,opt_0,opt_16,22,free
of_2,opt_0,opt_16,23,free
of_2,opt_0,opt_16,24,free
of_2,opt_0,opt_16,25,free
of_2,opt_0,opt_16,26,free
of_2,opt_0,opt_16,27,free
of_2,opt_0,opt_16,28,free
of_2,opt_0,opt_16,29,free
of_2,opt_0,opt_16,30,free
of_2,opt_0,opt_16,31,free
of_2,opt_0,opt_16,32,free
of_2,opt_0,opt_16,33,free
of_2,opt_0,opt_16,34,free
of_2,opt_0,opt_16,35,free
of_2,opt_0,opt_16,36,free
of_2,opt_0,opt_16,37,free
of_2,opt_0,opt_16,38,free
of_2,opt_0,opt_16,39,free
of_2,opt_0,opt_16,40,free
of_2,opt_0,opt_16,41,free
of_2,opt_0,opt_16,42,free
of_2,opt_0,opt_16,43,free
of_2,opt_0,opt_16,44,free
of_2,opt_0,opt_16,45,free
of_2,opt_0,opt_16,46,free
of_2,opt_0,opt_16,47,free
of_2,opt_0,opt_16,48,free
of_2,opt_0,opt_16,49,free
of_2,opt_0,opt_16,50,free
of_2,opt_0,opt_16,51,free
of_2,opt_0,opt_16,52,free
of_2,opt_0,opt_16,53,free
of_2,opt_0,opt_16,54,free
of_2,opt_0,opt_16,55,free
of_2,opt_0,opt_16,56,free
of_2,opt_0,opt_16,57,free
of_2,opt_0,opt_16,58,free
of_2,opt_0,opt_16,59,free
of_2,opt_0,opt_16,60,free
of_2,opt_0,opt_16,61,free
of_2,opt_0,opt_16,62,free
of_2,opt_0,opt_16,63,free
of_2,opt_0,opt_16,64,free
of_2,opt_0,opt_16,65,free
of_2,opt_0,opt_16,66,free
of_2,opt_0,opt_16,67,free
of_2,opt_0,opt_16,68,free
of_2,opt_0,opt_16,69,free
of_2,opt_0,opt_16,70,free
of_2,opt_0,opt_16,71,free
of_2,opt_0,opt_16,72,free
of_2,opt_0,opt_16,73,free
of_2,opt_0,opt_16,74,free
of_2,opt_0,opt_16,75,free
of_2,opt_0,opt_16,76,free
of_2,opt_0,opt_16,77,free
of_2,opt_0,opt_16,78,free
of_2,opt_0,opt_16,79,free
of_2,opt_0,opt_16,80,free
of_2,opt_0,opt_16,81,free
of_2,opt_0,opt_16,82,free
of_2,opt_0,opt_16,83,free
of_2,opt_0,opt_16,84,free
of_2,opt_0,opt_16,85,free
of_2,opt_0,opt_16,86,free
of_2,opt_0,opt_16,87,free
of_2,opt_0,opt_16,88,free
of_2,opt_0,opt_16,89,free
of_2,opt_0,opt_16,90,free
of_2,opt_0,opt_16,91,free
of_2,opt_0,opt_16,92,free
of_2,opt_0,opt_16,93,free
of_2,opt_0,opt_16,94,free
of_2,opt_0,opt_16,95,free
of_2,opt_0,opt_16,96,free
of_2,opt_0,opt_16,97,free
of_2,opt_0,opt_16,98,free
of_2,opt_0,opt_16,99,free
of_3,opt_0,opt_18,0,free
of_3,opt_0,opt_18,1,free
of_3,opt_0,opt_18,2,free
of_3,opt_0,opt_18,3,free
of_3,opt_0,opt_18,4,free
of_3,opt_0,opt_18,5,free
of_3,opt_0,opt_18,6,free
of_3,opt_0,opt_18,7,free
of_3,opt_0,opt_18,8,free
of_3,opt_0,opt_18,9,free
of_3,opt_0,opt_18,10,free
of_3,opt_0,opt_18,11,free
of_3,opt_0,opt_18,12,free
of_3,opt_0,opt_18,13,free
of_3,opt_0,opt_18,14,free
of_3,opt_0,opt_18,15,free
of_3,opt_0,opt_18,16,free
of_3,opt_0,opt_18,17,free
of_3,opt_0,opt_18,18,free
of_3,opt_0,opt_18,19,free
of_3,opt_0,opt_18,20,free
of_3,opt_0,opt_18,21,free
of_3,opt_0,opt_18,22,free
of_3,opt_0,opt_18,23,free
of_3,opt_0,opt_18,24,free
of_3,opt_0,opt_18,25,free
of_3,opt_0,opt_18,26,free
of_3,opt_0,opt_18,27,free
of_3,opt_0,opt_18,28,free
of_3,opt_0,opt_18,29,free
of_3,opt_0,opt_18,30,free
of_3,opt_0,opt_18,31,free
of_3,opt_0,opt_18,32,free
of_3,opt_0,opt_18,33,free
of_3,opt_0,opt_18,34,free
of_3,opt_0,opt_18,35,free
of_3,opt_0,opt_18,36,free
of_3,opt_0,opt_18,37,free
of_3,opt_0,opt_18,38,free
of_3,opt_0,opt_18,39,free
of_3,opt_0,opt_18,40,free
of_3,opt_0,opt_18,41,free
of_3,opt_0,opt_18,42,free
of_3,opt_0,opt_18,43,free
of_3,opt_0,opt_18,44,free
of_3,opt_0,opt_18,45,free
of_3,opt_0,opt_18,46,free
of_3,opt_0,opt_18,47,free
of_3,opt_0,opt_18,48,free
of_3,opt_0,opt_18,49,free
of_3,opt_0,opt_18,50,free
of_3,opt_0,opt_18,51,free
of_3,opt_0,opt_18,52,free
of_3,opt_0,opt_18,53,free
of_3,opt_0,opt_18,54,free
of_3,opt_0,opt_18,55,free
of_3,opt_0,opt_18,56,free
of_3,opt_0,opt_18,57,free
of_3,opt_0,opt_18,58,free
of_3,opt_0,opt_18,59,free
of_3,opt_0,opt_18,60,free
of_3,opt_0,opt_18,61,free
of_3,opt_0,opt_18,62,free
of_3,opt_0,opt_18,63,free
of_3,opt_0,opt_18,64,free
of_3,opt_0,opt_18,65,free
of_3,opt_0,opt_18,66,free
of_3,opt_0,opt_18,67,free
of_3,opt_0,opt_18,68,free
of_3,opt_0,opt_18,69,free
of_3,opt_0,opt_18,70,free
of_3,opt_0,opt_18,71,free
of_3,opt_0,opt_18,72,free
of_3,opt_0,opt_18,73,free
of_3,opt_0,opt_18,74,free
of_3,opt_0,opt_18,75,free
of_3,opt_0,opt_18,76,free
of_3,opt_0,opt_18,77,free
of_3,opt_0,opt_18,78,free
of_3,opt_0,opt_18,79,free
of_3,opt_0,opt_18,80,free
of_3,opt_0,opt_18,81,free
of_3,opt_0,opt_18,82,free
of_3,opt_0,opt_18,83,free
of_3,opt_0,opt_18,84,free
of_3,opt_0,opt_18,85,free
of_3,opt_0,opt_18,86,free
of_3,opt_0,opt_18,87,free
of_3,opt_0,opt_18,88,free
of_3,opt_0,opt_18,89,free
of_3,opt_0,opt_18,90,free
of_3,opt_0,opt_18,91,free
of_3,opt_0,opt_18,92,free
of_3,opt_0,opt_18,93,free
of_3,opt_0,opt_18,94,free
of_3,opt_0,opt_18,95,free
of_3,opt_0,opt_18,96,free
of_3,opt_0,opt_18,97,free
of_3,opt_0,opt_18,98,free
of_3,opt_0,opt_18,99,free
of_4,opt_0,opt_20,0,free
of_4,opt_0,opt_20,1,free
of_4,opt_0,opt_20,2,free
of_4,opt_0,opt_20,3,free
of_4,opt_0,opt_20,4,free
of_4,opt_0,opt_20,5,free
of_4,opt_0,opt_20,6,free
of_4,opt_0,opt_20,7,free
of_4,opt_0,opt_20,8,free
of_4,opt_0,opt_20,9,free
of_4,opt_0,opt_20,10,free
of_4,opt_0,opt_20,11,free
of_4,opt_0,opt_20,12,free
of_4,opt_0,opt_20,13,free
of_4,opt_0,opt_20,14,free
of_4,opt_0,opt_20,15,free
of_4,opt_0,opt_20,16,free
of_4,opt_0,opt_20,17,free
of_4,opt_0,opt_20,18,free
of_4,opt_0,opt_20,19,free
of_4,opt_0,opt_20,20,free
of_4,opt_0,opt_20,21,free
of_4,opt_0,opt_20,22,free
of_4,opt_0,opt_20,23,free
of_4,opt_0,opt_20,24,free
of_4,opt_0,opt_20,25,free
of_4,opt_0,opt_20,26,free
of_4,opt_0,opt_20,27,free
of_4,opt_0,opt_20,28,free
of_4,opt_0,opt_20,29,free
of_4,opt_0,opt_20,30,free
of_4,opt_0,opt_20,31,free
of_4,opt_0,opt_20,32,free
of_4,opt_0,opt_20,33,free
of_4,opt_0,opt_20,34,free
of_4,opt_0,opt_20,35,free
of_4,opt_0,opt_20,36,free
of_4,opt_0,opt_20,37,free
of_4,opt_0,opt_20,38,free
of_4,opt_0,opt_20,39,free
of_4,opt_0,opt_20,40,free
of_4,opt_0,opt_20,41,free
of_4,opt_0,opt_20,42,free
of_4,opt_0,opt_20,43,free
of_4,opt_0,opt_20,44,free
of_4,opt_0,opt_20,45,free
of_4,opt_0,opt_20,46,free
of_4,opt_0,opt_20,47,free
of_4,opt_0,opt_20,48,free
of_4,opt_0,opt_20,49,free
of_4,opt_0,opt_20,50,free
of_4,opt_0,opt_20,51,free
of_4,opt_0,opt_20,52,free
of_4,opt_0,opt_20,53,free
of_4,opt_0,opt_20,54,free
of_4,opt_0,opt_20,55,free
of_4,opt_0,opt_20,56,free
of_4,opt_0,opt_20,57,free
of_4,opt_0,opt_20,58,free
of_4,opt_0,opt_20,59,free
of_4,opt_0,opt_20,60,free
of_4,opt_0,opt_20,61,free
of_4,opt_0,opt_20,62,free
of_4,opt_0,opt_20,63,free
of_4,opt_0,opt_20,64,free
of_4,opt_0,opt_20,65,free
of_4,opt_0,opt_20,66,free
of_4,opt_0,opt_20,67,free
of_4,opt_0,opt_20,68,free
of_4,opt_0,opt_20,69,free
of_4,opt_0,opt_20,70,free
of_4,opt_0,opt_20,71,free
of_4,opt_0,opt_20,72,free
of_4,opt_0,opt_20,73,free
of_4,opt_0,opt_20,74,free
of_4,opt_0,opt_20,75,free
of_4,opt_0,opt_20,76,free
of_4,opt_0,opt_20,77,free
of_4,opt_0,opt_20,78,free
of_4,opt_0,opt_20,79,free
of_4,opt_0,opt_20,80,free
of_4,opt_0,opt_20,81,free
of_4,opt_0,opt_20,82,free
of_4,opt_0,opt_20,83,free
of_4,opt_0,opt_20,84,free
of_4,opt_0,opt_20,85,free
of_4,opt_0,opt_20,86,free
of_4,opt_0,opt_20,87,free
of_4,opt_0,opt_20,88,free
of_4,opt_0,opt_20,89,free
of_4,opt_0,opt_20,90,free
of_4,opt_0,opt_20,91,free
of_4,opt_0,opt_20,92,free
of_4,opt_0,opt_20,93,free
of_4,opt_0,opt_20,94,free
of_4,opt_0,opt_20,95,free
of_4,opt_0,opt_20,96,free
of_4,opt_0,opt_20,97,free
of_4,opt_0,opt_20,98,free
of_4,opt_0,opt_20,99,free
of_5,opt_0,opt_8,0,free
of_5,opt_0,opt_8,1,free
of_5,opt_0,opt_8,2,free
of_5,opt_0,opt_8,3,free
of_5,opt_0,opt_8,4,free
of_5,opt_0,opt_8,5,free
of_5,opt_0,opt_8,6,free
of_5,opt_0,opt_8,7,free
of_5,opt_0,opt_8,8,free
of_5,opt_0,opt_8,9,free
of_5,opt_0,opt_8,10,free
of_5,opt_0,opt_8,11,free
of_5,opt_0,opt_8,12,free
of_5,opt_0,opt_8,13,free
of_5,opt_0,opt_8,14,free
of_5,opt_0,opt_8,15,free
of_5,opt_0,opt_8,16,free
of_5,opt_0,opt_8,17,free
of_5,opt_0,opt_8,18,free
of_5,opt_0,opt_8,19,free
of_5,opt_0,opt_8,20,free
of_5,opt_0,opt_8,21,free
of_5,opt_0,opt_8,22,free
of_5,opt_0,opt_8,23,free
of_5,opt_0,opt_8,24,free
of_5,opt_0,opt_8,25,free
of_5,opt_0,opt_8,26,free
of_5,opt_0,opt_8,27,free
of_5,opt_0,opt_8,28,free
of_5,opt_0,opt_8,29,free
of_5,opt_0,opt_8,30,free
of_5,opt_0,opt_8,31,free
of_5,opt_0,opt_8,32,free
of_5,opt_0,opt_8,33,free
of_5,opt_0,opt_8,34,free
of_5,opt_0,opt_8,35,free
of_5,opt_0,opt_8,36,free
of_5,opt_0,opt_8,37,free
of_5,opt_0,opt_8,38,free
of_5,opt_0,opt_8,39,free
of_5,opt_0,opt_8,40,free
of_5,opt_0,opt_8,41,free
of_5,opt_0,opt_8,42,free
of_5,opt_0,opt_8,43,free
of_5,opt_0,opt_8,44,free
of_5,opt_0,opt_8,45,free
of_5,opt_0,opt_8,46,free
of_5,opt_0,opt_8,47,free
of_5,opt_0,opt_8,48,free
of_5,opt_0,opt_8,49,free
of_5,opt_0,opt_8,50,free
of_5,opt_0,opt_8,51,free
of_5,opt_0,opt_8,52,free
of_5,opt_0,opt_8,53,free
of_5,opt_0,opt_8,54,free
of_5,opt_0,opt_8,55,free
of_5,opt_0,opt_8,56,free
of_5,opt_0,opt_8,57,free
of_5,opt_0,opt_8,58,free
of_5,opt_0,opt_8,59,free
of_5,opt_0,opt_8,60,free
of_5,opt_0,opt_8,61,free
of_5,opt_0,opt_8,62,free
of_5,opt_0,opt_8,63,free
of_5,opt_0,opt_8,64,free
of_5,opt_0,opt_8,65,free
of_5,opt_0,opt_8,66,free
of_5,opt_0,opt_8,67,free
of_5,opt_0,opt_8,68,free
of_5,opt_0,opt_8,69,free
of_5,opt_0,opt_8,70,free
of_5,opt_0,opt_8,71,free
of_5,opt_0,opt_8,72,free
of_5,opt_0,opt_8,73,free
of_5,opt_0,opt_8,74,free
of_5,opt_0,opt_8,75,free
of_5,opt_0,opt_8,76,free
of_5,opt_0,opt_8,77,free
of_5,opt_0,opt_8,78,free
of_5,opt_0,opt_8,79,free
of_5,opt_0,opt_8,80,free
of_5,opt_0,opt_8,81,free
of_5,opt_0,opt_8,82,free
of_5,opt_0,opt_8,83,free
of_5,opt_0,opt_8,84,free
of_5,opt_0,opt_8,85,free
of_5,opt_0,opt_8,86,free
of_5,opt_0,opt_8,87,free
of_5,opt_0,opt_8,88,free
of_5,opt_0,opt_8,89,free
of_5,opt_0,opt_8,90,free
of_5,opt_0,opt_8,91,free
of_5,opt_0,opt_8,92,free
of_5,opt_0,opt_8,93,free
of_5,opt_0,opt_8,94,free
of_5,opt_0,opt_8,95,free
of_5,opt_0,opt_8,96,free
of_5,opt_0,opt_8,97,free
of_5,opt_0,opt_8,98,free
of_5,opt_0,opt_8,99,free
of_6,opt_1,opt_11,0,free
of_6,opt_1,opt_11,1,free
of_6,opt_1,opt_11,2,free
of_6,opt_1,opt_11,3,free
of_6,opt_1,opt_11,4,free
of_6,opt_1,opt_11,5,free
of_6,opt_1,opt_11,6,free
of_6,opt_1,opt_11,7,free
of_6,opt_1,opt_11,8,free
of_6,opt_1,opt_11,9,free
of_6,opt_1,opt_11,10,free
of_6,opt_1,opt_11,11,free
of_6,opt_1,opt_11,12,free
of_6,opt_1,opt_11,13,free
of_6,opt_1,opt_11,14,free
of_6,opt_1,opt_11,15,free
of_6,opt_1,opt_11,16,free
of_6,opt_1,opt_11,17,free
of_6,opt_1,opt_11,18,free
of_6,opt_1,opt_11,19,free
of_6,opt_1,opt_11,20,free
of_6,opt_1,opt_11,21,free
of_6,opt_1,opt_11,22,free
of_6,opt_1,opt_11,23,free
of_6,opt_1,opt_11,24,free
of_6,opt_1,opt_11,25,free
of_6,opt_1,opt_11,26,free
of_6,opt_1,opt_11,27,free
of_6,opt_1,opt_11,28,free
of_6,opt_1,opt_11,29,free
of_6,opt_1,opt_11,30,free
of_6,opt_1,opt_11,31,free
of_6,opt_1,opt_11,32,free
of_6,opt_1,opt_11,33,free
of_6,opt_1,opt_11,34,free
of_6,opt_1,opt_11,35,free
of_6,opt_1,opt_11,36,free
of_6,opt_1,opt_11,37,free
of_6,opt_1,opt_11,38,free
of_6,opt_1,opt_11,39,free
of_6,opt_1,opt_11,40,free
of_6,opt_1,opt_11,41,free
of_6,opt_1,opt_11,42,free
of_6,opt_1,opt_11,43,free
of_6,opt_1,opt_11,44,free
of_6,opt_1,opt_11,45,free
of_6,opt_1,opt_11,46,free
of_6,opt_1,opt_11,47,free
of_6,opt_1,opt_11,48,free
of_6,opt_1,opt_11,49,free
of_6,opt_1,opt_11,50,free
of_6,opt_1,opt_11,51,free
of_6,opt_1,opt_11,52,free
of_6,opt_1,opt_11,53,free
of_6,opt_1,opt_11,54,free
of_6,opt_1,opt_11,55,free
of_6,opt_1,opt_11,56,free
of_6,opt_1,opt_11,57,free
of_6,opt_1,opt_11,58,free
of_6,opt_1,opt_11,59,free
of_6,opt_1,opt_11,60,free
of_6,opt_1,opt_11,61,free
of_6,opt_1,opt_11,62,free
of_6,opt_1,opt_11,63,free
of_6,opt_1,opt_11,64,free
of_6,opt_1,opt_11,65,free
of_6,opt_1,opt_11,66,free
of_6,opt_1,opt_11,67,free
of_6,opt_1,opt_11,68,free
of_6,opt_1,opt_11,69,free
of_6,opt_1,opt_11,70,free
of_6,opt_1,opt_11,71,free
of_6,opt_1,opt_11,72,free
of_6,opt_1,opt_11,73,free
of_6,opt_1,opt_11,74,free
of_6,opt_1,opt_11,75,free
of_6,opt_1,opt_11,76,free
of_6,opt_1,opt_11,77,free
of_6,opt_1,opt_11,78,free
of_6,opt_1,opt_11,79,free
of_6,opt_1,opt_11,80,free
of_6,opt_1,opt_11,81,free
of_6,opt_1,opt_11,82,free
of_6,opt_1,opt_11,83,free
of_6,opt_1,opt_11,84,free
of_6,opt_1,opt_11,85,free
of_6,opt_1,opt_11,86,free
of_6,opt_1,opt_11,87,free
of_6,opt_1,opt_11,88,free
of_6,opt_1,opt_11,89,free
of_6,opt_1,opt_11,90,free
of_6,opt_1,opt_11,91,free
of_6,opt_1,opt_11,92,free
of_6,opt_1,opt_11,93,free
of_6,opt_1,opt_11,94,free
of_6,opt_1,opt_11,95,free
of_6,opt_1,opt_11,96,free
of_6,opt_1,opt_11,97,free
of_6,opt_1,opt_11,98,free
of_6,opt_1,opt_11,99,free
of_7,opt_1,opt_21,0,free
of_7,opt_1,opt_21,1,free
of_7,opt_1,opt_21,2,free
of_7,opt_1,opt_21,3,free
of_7,opt_1,opt_21,4,free
of_7,opt_1,opt_21,5,free
of_7,opt_1,opt_21,6,free
of_7,opt_1,opt_21,7,free
of_7,opt_1,opt_21,8,free
of_7,opt_1,opt_21,9,free
of_7,opt_1,opt_21,10,free
of_7,opt_1,opt_21,11,free
of_7,opt_1,opt_21,12,free
of_7,opt_1,opt_21,13,free
of_7,opt_1,opt_21,14,free
of_7,opt_1,opt_21,15,free
of_7,opt_1,opt_21,16,free
of_7,opt_1,opt_21,17,free
of_7,opt_1,opt_21,18,free
of_7,opt_1,opt_21,19,free
of_7,opt_1,opt_21,20,free
of_7,opt_1,opt_21,21,free
of_7,opt_1,opt_21,22,free
of_7,opt_1,opt_21,23,free
of_7,opt_1,opt_21,24,free
of_7,opt_1,opt_21,25,free
of_7,opt_1,opt_21,26,free
of_7,opt_1,opt_21,27,free
of_7,opt_1,opt_21,28,free
of_7,opt_1,opt_21,29,free
of_7,opt_1,opt_21,30,free
of_7,opt_1,opt_21,31,free
of_7,opt_1,opt_21,32,free
of_7,opt_1,opt_21,33,free
of_7,opt_1,opt_21,34,free
of_7,opt_1,opt_21,35,free
of_7,opt_1,opt_21,36,free
of_7,opt_1,opt_21,37,free
of_7,opt_1,opt_21,38,free
of_7,opt_1,opt_21,39,free
of_7,opt_1,opt_21,40,free
of_7,opt_1,opt_21,41,free
of_7,opt_1,opt_21,42,free
of_7,opt_1,opt_21,43,free
of_7,opt_1,opt_21,44,free
of_7,opt_1,opt_21,45,free
of_7,opt_1,opt_21,46,free
of_7,opt_1,opt_21,47,free
of_7,opt_1,opt_21,48,free
of_7,opt_1,opt_21,49,free
of_7,opt_1,opt_21,50,free
of_7,opt_1,opt_21,51,free
of_7,opt_1,opt_21,52,free
of_7,opt_1,opt_21,53,free
of_7,opt_1,opt_21,54,free
of_7,opt_1,opt_21,55,free
of_7,opt_1,opt_21,56,free
of_7,opt_1,opt_21,57,free
of_7,opt_1,opt_21,58,free
of_7,opt_1,opt_21,59,free
of_7,opt_1,opt_21,60,free
of_7,opt_1,opt_21,61,free
of_7,opt_1,opt_21,62,free
of_7,opt_1,opt_21,63,free
of_7,opt_1,opt_21,64,free
of_7,opt_1,opt_21,65,free
of_7,opt_1,opt_21,66,free
of_7,opt_1,opt_21,67,free
of_7,opt_1,opt_21,68,free
of_7,opt_1,opt_21,69,free
of_7,opt_1,opt_21,70,free
of_7,opt_1,opt_21,71,free
of_7,opt_1,opt_21,72,free
of_7,opt_1,opt_21,73,free
of_7,opt_1,opt_21,74,free
of_7,opt_1,opt_21,75,free
of_7,opt_1,opt_21,76,free
of_7,opt_1,opt_21,77,free
of_7,opt_1,opt_21,78,free
of_7,opt_1,opt_21,79,free
of_7,opt_1,opt_21,80,free
of_7,opt_1,opt_21,81,free
of_7,opt_1,opt_21,82,free
of_7,opt_1,opt_21,83,free
of_7,opt_1,opt_21,84,free
of_7,opt_1,opt_21,85,free
of_7,opt_1,opt_21,86,free
of_7,opt_1,opt_21,87,free
of_7,opt_1,opt_21,88,free
of_7,opt_1,opt_21,89,free
of_7,opt_1,opt_21,90,free
of_7,opt_1,opt_21,91,free
of_7,opt_1,opt_21,92,free
of_7,opt_1,opt_21,93,free
of_7,opt_1,opt_21,94,free
of_7,opt_1,opt_21,95,free
of_7,opt_1,opt_21,96,free
of_7,opt_1,opt_21,97,free
of_7,opt_1,opt_21,98,free
of_7,opt_1,opt_21,99,free
of_8,opt_1,opt_25,0,free
of_8,opt_1,opt_25,1,free
of_8,opt_1,opt_25,2,free
of_8,opt_1,opt_25,3,free
of_8,opt_1,opt_25,4,free
of_8,opt_1,opt_25,5,free
of_8,opt_1,opt_25,6,free
of_8,opt_1,opt_25,7,free
of_8,opt_1,opt_25,8,free
of_8,opt_1,opt_25,9,free
of_8,opt_1,opt_25,10,free
of_8,opt_1,opt_25,11,free
of_8,opt_1,opt_25,12,free
of_8,opt_1,opt_25,13,free
of_8,opt_1,opt_25,14,free
of_8,opt_1,opt_25,15,free
of_8,opt_1,opt_25,16,free
of_8,opt_1,opt_25,17,free
of_8,opt_1,opt_25,18,free
of_8,opt_1,opt_25,19,free
of_8,opt_1,opt_25,20,free
of_8,opt_1,opt_25,21,free
of_8,opt_1,opt_25,22,free
of_8,opt_1,opt_25,23,free
of_8,opt_1,opt_25,24,free
of_8,opt_1,opt_25,25,free
of_8,opt_1,opt_25,26,free
of_8,opt_1,opt_25,27,free
of_8,opt_1,opt_25,28,free
of_8,opt_1,opt_25,29,free
of_8,opt_1,opt_25,30,free
of_8,opt_1,opt_25,31,free
of_8,opt_1,opt_25,32,free
of_8,opt_1,opt_25,33,free
of_8,opt_1,opt_25,34,free
of_8,opt_1,opt_25,35,free
of_8,opt_1,opt_25,36,free
of_8,opt_1,opt_25,37,free
of_8,opt_1,opt_25,38,free
of_8,opt_1,opt_25,39,free
of_8,opt_1,opt_25,40,free
of_8,opt_1,opt_25,41,free
of_8,opt_1,opt_25,42,free
of_8,opt_1,opt_25,43,free
of_8,opt_1,opt_25,44,free
of_8,opt_1,opt_25,45,free
of_8,opt_1,opt_25,46,free
of_8,opt_1,opt_25,47,free
of_8,opt_1,opt_25,48,free
of_8,opt_1,opt_25,49,free
of_8,opt_1,opt_25,50,free
of_8,opt_1,opt_25,51,free
of_8,opt_1,opt_25,52,free
of_8,opt_1,opt_25,53,free
of_8,opt_1,opt_25,54,free
of_8,opt_1,opt_25,55,free
of_8,opt_1,opt_25,56,free
of_8,opt_1,opt_25,57,free
of_8,opt_1,opt_25,58,free
of_8,opt_1,opt_25,59,free
of_8,opt_1,opt_25,60,free
of_8,opt_1,opt_25,61,free
of_8,opt_1,opt_25,62,free
of_8,opt_1,opt_25,63,free
of_8,opt_1,opt_25,64,free
of_8,opt_1,opt_25,65,free
of_8,opt_1,opt_25,66,free
of_8,opt_1,opt_25,67,free
of_8,opt_1,opt_25,68,free
of_8,opt_1,opt_25,69,free
of_8,opt_1,opt_25,70,free
of_8,opt_1,opt_25,71,free
of_8,opt_1,opt_25,72,free
of_8,opt_1,opt_25,73,free
of_8,opt_1,opt_25,74,free
of_8,opt_1,opt_25,75,free
of_8,opt_1,opt_25,76,free
of_8,opt_1,opt_25,77,free
of_8,opt_1,opt_25,78,free
of_8,opt_1,opt_25,79,free
of_8,opt_1,opt_25,80,free
of_8,opt_1,opt_25,81,free
of_8,opt_1,opt_25,82,free
of_8,opt_1,opt_25,83,free
of_8,opt_1,opt_25,84,free
of_8,opt_1,opt_25,85,free
of_8,opt_1,opt_25,86,free
of_8,opt_1,opt_25,87,free
of_8,opt_1,opt_25,88,free
of_8,opt_1,opt_25,89,free
of_8,opt_1,opt_25,90,free
of_8,opt_1,opt_25,91,free
of_8,opt_1,opt_25,92,free
of_8,opt_1,opt_25,93,free
of_8,opt_1,opt_25,94,free
of_8,opt_1,opt_25,95,free
of_8,opt_1,opt_25,96,free
of_8,opt_1,opt_25,97,free
of_8,opt_1,opt_25,98,free
of_8,opt_1,opt_25,99,free
of_9,opt_1,opt_26,0,free
of_9,opt_1,opt_26,1,free
of_9,opt_1,opt_26,2,free
of_9,opt_1,opt_26,3,free
of_9,opt_1,opt_26,4,free
of_9,opt_1,opt_26,5,free
of_9,opt_1,opt_26,6,free
of_9,opt_1,opt_26,7,free
of_9,opt_1,opt_26,8,free
of_9,opt_1,opt_26,9,free
of_9,opt_1,opt_26,10,free
of_9,opt_1,opt_26,11,free
of_9,opt_1,opt_26,12,free
of_9,opt_1,opt_26,13,free
of_9,opt_1,opt_26,14,free
of_9,opt_1,opt_26,15,free
of_9,opt_1,opt_26,16,free
of_9,opt_1,opt_26,17,free
of_9,opt_1,opt_26,18,free
of_9,opt_1,opt_26,19,free
of_9,opt_1,opt_26,20,free
of_9,opt_1,opt_26,21,free
of_9,opt_1,opt_26,22,free
of_9,opt_1,opt_26,23,free
of_9,opt_1,opt_26,24,free
of_9,opt_1,opt_26,25,free
of_9,opt_1,opt_26,26,free
of_9,opt_1,opt_26,27,free
of_9,opt_1,opt_26,28,free
of_9,opt_1,opt_26,29,free
of_9,opt_1,opt_26,30,free
of_9,opt_1,opt_26,31,free
of_9,opt_1,opt_26,32,free
of_9,opt_1,opt_26,33,free
of_9,opt_1,opt_26,34,free
of_9,opt_1,opt_26,35,free
of_9,opt_1,opt_26,36,free
of_9,opt_1,opt_26,37,free
of_9,opt_1,opt_26,38,free
of_9,opt_1,opt_26,39,free
of_9,opt_1,opt_26,40,free
of_9,opt_1,opt_26,41,free
of_9,opt_1,opt_26,42,free
of_9,opt_1,opt_26,43,free
of_9,opt_1,opt_26,44,free
of_9,opt_1,opt_26,45,free
of_9,opt_1,opt_26,46,free
of_9,opt_1,opt_26,47,free
of_9,opt_1,opt_26,48,free
of_9,opt_1,opt_26,49,free
of_9,opt_1,opt_26,50,free
of_9,opt_1,opt_26,51,free
of_9,opt_1,opt_26,52,free
of_9,opt_1,opt_26,53,free
of_9,opt_1,opt_26,54,free
of_9,opt_1,opt_26,55,free
of_9,opt_1,opt_26,56,free
of_9,opt_1,opt_26,57,free
of_9,opt_1,opt_26,58,free
of_9,opt_1,opt_26,59,free
of_9,opt_1,opt_26,60,free
of_9,opt_1,opt_26,61,free
of_9,opt_1,opt_26,62,free
of_9,opt_1,opt_26,63,free
of_9,opt_1,opt_26,64,free
of_9,opt_1,opt_26,65,free
of_9,opt_1,opt_26,66,free
of_9,opt_1,opt_26,67,free
of_9,opt_1,opt_26,68,free
of_9,opt_1,opt_26,69,free
of_9,opt_1,opt_26,70,free
of_9,opt_1,opt_26,71,free
of_9,opt_1,opt_26,72,free
of_9,opt_1,opt_26,73,free
of_9,opt_1,opt_26,74,free
of_9,opt_1,opt_26,75,free
of_9,opt_1,opt_26,76,free
of_9,opt_1,opt_26,77,free
of_9,opt_1,opt_26,78,free
of_9,opt_1,opt_26,79,free
of_9,opt_1,opt_26,80,free
of_9,opt_1,opt_26,81,free
of_9,opt_1,opt_26,82,free
of_9,opt_1,opt_26,83,free
of_9,opt_1,opt_26,84,free
of_9,opt_1,opt_26,85,free
of_9,opt_1,opt_26,86,free
of_9,opt_1,opt_26,87,free
of_9,opt_1,opt_26,88,free
of_9,opt_1,opt_26,89,free
of_9,opt_1,opt_26,90,free
of_9,opt_1,opt_26,91,free
of_9,opt_1,opt_26,92,free
of_9,opt_1,opt_26,93,free
of_9,opt_1,opt_26,94,free
of_9,opt_1,opt_26,95,free
of_9,opt_1,opt_26,96,free
of_9,opt_1,opt_26,97,free
of_9,opt_1,opt_26,98,free
of_9,opt_1,opt_26,99,free
of_10,opt_1,opt_6,0,free
of_10,opt_1,opt_6,1,free
of_10,opt_1,opt_6,2,free
of_10,opt_1,opt_6,3,free
of_10,opt_1,opt_6,4,free
of_10,opt_1,opt_6,5,free
of_10,opt_1,opt_6,6,free
of_10,opt_1,opt_6,7,free
of_10,opt_1,opt_6,8,free
of_10,opt_1,opt_6,9,free
of_10,opt_1,opt_6,10,free
of_10,opt_1,opt_6,11,free
of_10,opt_1,opt_6,12,free
of_10,opt_1,opt_6,13,free
of_10,opt_1,opt_6,14,free
of_10,opt_1,opt_6,15,free
of_10,opt_1,opt_6,16,free
of_10,opt_1,opt_6,17,free
of_10,opt_1,opt_6,18,free
of_10,opt_1,opt_6,19,free
of_10,opt_1,opt_6,20,free
of_10,opt_1,opt_6,21,free
of_10,opt_1,opt_6,22,free
of_10,opt_1,opt_6,23,free
of_10,opt_1,opt_6,24,free
of_10,opt_1,opt_6,25,free
of_10,opt_1,opt_6,26,free
of_10,opt_1,opt_6,27,free
of_10,opt_1,opt_6,28,free
of_10,opt_1,opt_6,29,free
of_10,opt_1,opt_6,30,free
of_10,opt_1,opt_6,31,free
of_10,opt_1,opt_6,32,free
of_10,opt_1,opt_6,33,free
of_10,opt_1,opt_6,34,free
of_10,opt_1,opt_6,35,free
of_10,opt_1,opt_6,36,free
of_10,opt_1,opt_6,37,free
of_10,opt_1,opt_6,38,free
of_10,opt_1,opt_6,39,free
of_10,opt_1,opt_6,40,free
of_10,opt_1,opt_6,41,free
of_10,opt_1,opt_6,42,free
of_10,opt_1,opt_6,43,free
of_10,opt_1,opt_6,44,free
of_10,opt_1,opt_6,45,free
of_10,opt_1,opt_6,46,free
of_10,opt_1,opt_6,47,free
of_10,opt_1,opt_6,48,free
of_10,opt_1,opt_6,49,free
of_10,opt_1,opt_6,50,free
of_10,opt_1,opt_6,51,free
of_10,opt_1,opt_6,52,free
of_10,opt_1,opt_6,53,free
of_10,opt_1,opt_6,54,free
of_10,opt_1,opt_6,55,free
of_10,opt_1,opt_6,56,free
of_10,opt_1,opt_6,57,free
of_10,opt_1,opt_6,58,free
of_10,opt_1,opt_6,59,free
of_10,opt_1,opt_6,60,free
of_10,opt_1,opt_6,61,free
of_10,opt_1,opt_6,62,free
of_10,opt_1,opt_6,63,free
of_10,opt_1,opt_6,64,free
of_10,opt_1,opt_6,65,free
of_10,opt_1,opt_6,66,free
of_10,opt_1,opt_6,67,free
of_10,opt_1,opt_6,68,free
of_10,opt_1,opt_6,69,free
of_10,opt_1,opt_6,70,free
of_10,opt_1,opt_6,71,free
of_10,opt_1,opt_6,72,free
of_10,opt_1,opt_6,73,free
of_10,opt_1,opt_6,74,free
of_10,opt_1,opt_6,75,free
of_10,opt_1,opt_6,76,free
of_10,opt_1,opt_6,77,free
of_10,opt_1,opt_6,78,free
of_10,opt_1,opt_6,79,free
of_10,opt_1,opt_6,80,free
of_10,opt_1,opt_6,81,free
of_10,opt_1,opt_6,82,free
of_10,opt_1,opt_6,83,free
of_10,opt_1,opt_6,84,free
of_10,opt_1,opt_6,85,free
of_10,opt_1,opt_6,86,free
of_10,opt_1,opt_6,87,free
of_10,opt_1,opt_6,88,free
of_10,opt_1,opt_6,89,free
of_10,opt_1,opt_6,90,free
of_10,opt_1,opt_6,91,free
of_10,opt_1,opt_6,92,free
of_10,opt_1,opt_6,93,free
of_10,opt_1,opt_6,94,free
of_10,opt_1,opt_6,95,free
of_10,opt_1,opt_6,96,free
of_10,opt_1,opt_6,97,free
of_10,opt_1,opt_6,98,free
of_10,opt_1,opt_6,99,free
of_11,opt_10,opt_11,0,free
of_11,opt_10,opt_11,1,free
of_11,opt_10,opt_11,2,free
of_11,opt_10,opt_11,3,free
of_11,opt_10,opt_11,4,free
of_11,opt_10,opt_11,5,free
of_11,opt_10,opt_11,6,free
of_11,opt_10,opt_11,7,free
of_11,opt_10,opt_11,8,free
of_11,opt_10,opt_11,9,free
of_11,opt_10,opt_11,10,free
of_11,opt_10,opt_11,11,free
of_11,opt_10,opt_11,12,free
of_11,opt_10,opt_11,13,free
of_11,opt_10,opt_11,14,free
of_11,opt_10,opt_11,15,free
of_11,opt_10,opt_11,16,free
of_11,opt_10,opt_11,17,free
of_11,opt_10,opt_11,18,free
of_11,opt_10,opt_11,19,free
of_11,opt_10,opt_11,20,free
of_11,opt_10,opt_11,21,free
of_11,opt_10,opt_11,22,free
of_11,opt_10,opt_11,23,free
of_11,opt_10,opt_11,24,free
of_11,opt_10,opt_11,25,free
of_11,opt_10,opt_11,26,free
of_11,opt_10,opt_11,27,free
of_11,opt_10,opt_11,28,free
of_11,opt_10,opt_11,29,free
of_11,opt_10,opt_11,30,free
of_11,opt_10,opt_11,31,free
of_11,opt_10,opt_11,32,free
of_11,opt_10,opt_11,33,free
of_11,opt_10,opt_11,34,free
of_11,opt_10,opt_11,35,free
of_11,opt_10,opt_11,36,free
of_11,opt_10,opt_11,37,free
of_11,opt_10,opt_11,38,free
of_11,opt_10,opt_11,39,free
of_11,opt_10,opt_11,40,free
of_11,opt_10,opt_11,41,free
of_11,opt_10,opt_11,42,free
of_11,opt_10,opt_11,43,free
of_11,opt_10,opt_11,44,free
of_11,opt_10,opt_11,45,free
of_11,opt_10,opt_11,46,free
of_11,opt_10,opt_11,47,free
of_11,opt_10,opt_11,48,free
of_11,opt_10,opt_11,49,free
of_11,opt_10,opt_11,50,free
of_11,opt_10,opt_11,51,free
of_11,opt_10,opt_11,52,free
of_11,opt_10,opt_11,53,free
of_11,opt_10,opt_11,54,free
of_11,opt_10,opt_11,55,free
of_11,opt_10,opt_11,56,free
of_11,opt_10,opt_11,57,free
of_11,opt_10,opt_11,58,free
of_11,opt_10,opt_11,59,free
of_11,opt_10,opt_11,60,free
of_11,opt_10,opt_11,61,free
of_11,opt_10,opt_11,62,free
of_11,opt_10,opt_11,63,free
of_11,opt_10,opt_11,64,free
of_11,opt_10,opt_11,65,free
of_11,opt_10,opt_11,66,free
of_11,opt_10,opt_11,67,free
of_11,opt_10,opt_11,68,free
of_11,opt_10,opt_11,69,free
of_11,opt_10,opt_11,70,free
of_11,opt_10,opt_11,71,free
of_11,opt_10,opt_11,72,free
of_11,opt_10,opt_11,73,free
of_11,opt_10,opt_11,74,free
of_11,opt_10,opt_11,75,free
of_11,opt_10,opt_11,76,free
of_11,opt_10,opt_11,77,free
of_11,opt_10,opt_11,78,free
of_11,opt_10,opt_11,79,free
of_11,opt_10,opt_11,80,free
of_11,opt_10,opt_11,81,free
of_11,opt_10,opt_11,82,free
of_11,opt_10,opt_11,83,free
of_11,opt_10,opt_11,84,free
of_11,opt_10,opt_11,85,free
of_11,opt_10,opt_11,86,free
of_11,opt_10,opt_11,87,free
of_11,opt_10,opt_11,88,free
of_11,opt_10,opt_11,89,free
of_11,opt_10,opt_11,90,free
of_11,opt_10,opt_11,91,free
of_11,opt_10,opt_11,92,free
of_11,opt_10,opt_11,93,free
of_11,opt_10,opt_11,94,free
of_11,opt_10,opt_11,95,free
of_11,opt_10,opt_11,96,free
of_11,opt_10,opt_11,97,free
of_11,opt_10,opt_11,98,free
of_11,opt_10,opt_11,99,free
of_12,opt_10,opt_17,0,free
of_12,opt_10,opt_17,1,free
of_12,opt_10,opt_17,2,free
of_12,opt_10,opt_17,3,free
of_12,opt_10,opt_17,4,free
of_12,opt_10,opt_17,5,free
of_12,opt_10,opt_17,6,free
of_12,opt_10,opt_17,7,free
of_12,opt_10,opt_17,8,free
of_12,opt_10,opt_17,9,free
of_12,opt_10,opt_17,10,free
of_12,opt_10,opt_17,11,free
of_12,opt_10,opt_17,12,free
of_12,opt_10,opt_17,13,free
of_12,opt_10,opt_17,14,free
of_12,opt_10,opt_17,15,free
of_12,opt_10,opt_17,16,free
of_12,opt_10,opt_17,17,free
of_12,opt_10,opt_17,18,free
of_12,opt_10,opt_17,19,free
of_12,opt_10,opt_17,20,free
of_12,opt_10,opt_17,21,free
of_12,opt_10,opt_17,22,free
of_12,opt_10,opt_17,23,free
of_12,opt_10,opt_17,24,free
of_12,opt_10,opt_17,25,free
of_12,opt_10,opt_17,26,free
of_12,opt_10,opt_17,27,free
of_12,opt_10,opt_17,28,free
of_12,opt_10,opt_17,29,free
of_12,opt_10,opt_17,30,free
of_12,opt_10,opt_17,31,free
of_12,opt_10,opt_17,32,free
of_12,opt_10,opt_17,33,free
of_12,opt_10,opt_17,34,free
of_12,opt_10,opt_17,35,free
of_12,opt_10,opt_17,36,free
of_12,opt_10,opt_17,37,free
of_12,opt_10,opt_17,38,free
of_12,opt_10,opt_17,39,free
of_12,opt_10,opt_17,40,free
of_12,opt_10,opt_17,41,free
of_12,opt_10,opt_17,42,free
of_12,opt_10,opt_17,43,free
of_12,opt_10,opt_17,44,free
of_12,opt_10,opt_17,45,free
of_12,opt_10,opt_17,46,free
of_12,opt_10,opt_17,47,free
of_12,opt_10,opt_17,48,free
of_12,opt_10,opt_17,49,free
of_12,opt_10,opt_17,50,free
of_12,opt_10,opt_17,51,free
of_12,opt_10,opt_17,52,free
of_12,opt_10,opt_17,53,free
of_12,opt_10,opt_17,54,free
of_12,opt_10,opt_17,55,free
of_12,opt_10,opt_17,56,free
of_12,opt_10,opt_17,57,free
of_12,opt_10,opt_17,58,free
of_12,opt_10,opt_17,59,free
of_12,opt_10,opt_17,60,free
of_12,opt_10,opt_17,61,free
of_12,opt_10,opt_17,62,free
of_12,opt_10,opt_17,63,free
of_12,opt_10,opt_17,64,free
of_12,opt_10,opt_17,65,free
of_12,opt_10,opt_17,66,free
of_12,opt_10,opt_17,67,free
of_12,opt_10,opt_17,68,free
of_12,opt_10,opt_17,69,free
of_12,opt_10,opt_17,70,free
of_12,opt_10,opt_17,71,free
of_12,opt_10,opt_17,72,free
of_12,opt_10,opt_17,73,free
of_12,opt_10,opt_17,74,free
of_12,opt_10,opt_17,75,free
of_12,opt_10,opt_17,76,free
of_12,opt_10,opt_17,77,free
of_12,opt_10,opt_17,78,free
of_12,opt_10,opt_17,79,free
of_12,opt_10,opt_17,80,free
of_12,opt_10,opt_17,81,free
of_12,opt_10,opt_17,82,free
of_12,opt_10,opt_17,83,free
of_12,opt_10,opt_17,84,free
of_12,opt_10,opt_17,85,free
of_12,opt_10,opt_17,86,free
of_12,opt_10,opt_17,87,free
of_12,opt_10,opt_17,88,free
of_12,opt_10,opt_17,89,free
of_12,opt_10,opt_17,90,free
of_12,opt_10,opt_17,91,free
of_12,opt_10,opt_17,92,free
of_12,opt_10,opt_17,93,free
of_12,opt_10,opt_17,94,free
of_12,opt_10,opt_17,95,free
of_12,opt_10,opt_17,96,free
of_12,opt_10,opt_17,97,free
of_12,opt_10,opt_17,98,free
of_12,opt_10,opt_17,99,free
of_13,opt_10,opt_19,0,free
of_13,opt_10,opt_19,1,free
of_13,opt_10,opt_19,2,free
of_13,opt_10,opt_19,3,free
of_13,opt_10,opt_19,4,free
of_13,opt_10,opt_19,5,free
of_13,opt_10,opt_19,6,free
of_13,opt_10,opt_19,7,free
of_13,opt_10,opt_19,8,free
of_13,opt_10,opt_19,9,free
of_13,opt_10,opt_19,10,free
of_13,opt_10,opt_19,11,free
of_13,opt_10,opt_19,12,free
of_13,opt_10,opt_19,13,free
of_13,opt_10,opt_19,14,free
of_13,opt_10,opt_19,15,free
of_13,opt_10,opt_19,16,free
of_13,opt_10,opt_19,17,free
of_13,opt_10,opt_19,18,free
of_13,opt_10,opt_19,19,free
of_13,opt_10,opt_19,20,free
of_13,opt_10,opt_19,21,free
of_13,opt_10,opt_19,22,free
of_13,opt_10,opt_19,23,free
of_13,opt_10,opt_19,24,free
of_13,opt_10,opt_19,25,free
of_13,opt_10,opt_19,26,free
of_13,opt_10,opt_19,27,free
of_13,opt_10,opt_19,28,free
of_13,opt_10,opt_19,29,free
of_13,opt_10,opt_19,30,free
of_13,opt_10,opt_19,31,free
of_13,opt_10,opt_19,32,free
of_13,opt_10,opt_19,33,free
of_13,opt_10,opt_19,34,free
of_13,opt_10,opt_19,35,free
of_13,opt_10,opt_19,36,free
of_13,opt_10,opt_19,37,free
of_13,opt_10,opt_19,38,free
of_13,opt_10,opt_19,39,free
of_13,opt_10,opt_19,40,free
of_13,opt_10,opt_19,41,free
of_13,opt_10,opt_19,42,free
of_13,opt_10,opt_19,43,free
of_13,opt_10,opt_19,44,free
of_13,opt_10,opt_19,45,free
of_13,opt_10,opt_19,46,free
of_13,opt_10,opt_19,47,free
of_13,opt_10,opt_19,48,free
of_13,opt_10,opt_19,49,free
of_13,opt_10,opt_19,50,free
of_13,opt_10,opt_19,51,free
of_13,opt_10,opt_19,52,free
of_13,opt_10,opt_19,53,free
of_13,opt_10,opt_19,54,free
of_13,opt_10,opt_19,55,free
of_13,opt_10,opt_19,56,free
of_13,opt_10,opt_19,57,free
of_13,opt_10,opt_19,58,free
of_13,opt_10,opt_19,59,free
of_13,opt_10,opt_19,60,free
of_13,opt_10,opt_19,61,free
of_13,opt_10,opt_19,62,free
of_13,opt_10,opt_19,63,free
of_13,opt_10,opt_19,64,free
of_13,opt_10,opt_19,65,free
of_13,opt_10,opt_19,66,free
of_13,opt_10,opt_19,67,free
of_13,opt_10,opt_19,68,free
of_13,opt_10,opt_19,69,free
of_13,opt_10,opt_19,70,free
of_13,opt_10,opt_19,71,free
of_13,opt_10,opt_19,72,free
of_13,opt_10,opt_19,73,free
of_13,opt_10,opt_19,74,free
of_13,opt_10,opt_19,75,free
of_13,opt_10,opt_19,76,free
of_13,opt_10,opt_19,77,free
of_13,opt_10,opt_19,78,free
of_13,opt_10,opt_19,79,free
of_13,opt_10,opt_19,80,free
of_13,opt_10,opt_19,81,free
of_13,opt_10,opt_19,82,free
of_13,opt_10,opt_19,83,free
of_13,opt_10,opt_19,84,free
of_13,opt_10,opt_19,85,free
of_13,opt_10,opt_19,86,free
of_13,opt_10,opt_19,87,free
of_13,opt_10,opt_19,88,free
of_13,opt_10,opt_19,89,free
of_13,opt_10,opt_19,90,free
of_13,opt_10,opt_19,91,free
of_13,opt_10,opt_19,92,free
of_13,opt_10,opt_19,93,free
of_13,opt_10,opt_19,94,free
of_13,opt_10,opt_19,95,free
of_13,opt_10,opt_19,96,free
of_13,opt_10,opt_19,97,free
of_13,opt_10,opt_19,98,free
of_13,opt_10,opt_19,99,free
of_14,opt_10,opt_20,0,free
of_14,opt_10,opt_20,1,free
of_14,opt_10,opt_20,2,free
of_14,opt_10,opt_20,3,free
of_14,opt_10,opt_20,4,free
of_14,opt_10,opt_20,5,free
of_14,opt_10,opt_20,6,free
of_14,opt_10,opt_20,7,free
of_14,opt_10,opt_20,8,free
of_14,opt_10,opt_20,9,free
of_14,opt_10,opt_20,10,free
of_14,opt_10,opt_20,11,free
of_14,opt_10,opt_20,12,free
of_14,opt_10,opt_20,13,free
of_14,opt_10,opt_20,14,free
of_14,opt_10,opt_20,15,free
of_14,opt_10,opt_20,16,free
of_14,opt_10,opt_20,17,free
of_14,opt_10,opt_20,18,free
of_14,opt_10,opt_20,19,free
of_14,opt_10,opt_20,20,free
of_14,opt_10,opt_20,21,free
of_14,opt_10,opt_20,22,free
of_14,opt_10,opt_20,23,free
of_14,opt_10,opt_20,24,free
of_14,opt_10,opt_20,25,free
of_14,opt_10,opt_20,26,free
of_14,opt_10,opt_20,27,free
of_14,opt_10,opt_20,28,free
of_14,opt_10,opt_20,29,free
of_14,opt_10,opt_20,30,free
of_14,opt_10,opt_20,31,free
of_14,opt_10,opt_20,32,free
of_14,opt_10,opt_20,33,free
of_14,opt_10,opt_20,34,free
of_14,opt_10,opt_20,35,free
of_14,opt_10,opt_20,36,free
of_14,opt_10,opt_20,37,free
of_14,opt_10,opt_20,38,free
of_14,opt_10,opt_20,39,free
of_14,opt_10,opt_20,40,free
of_14,opt_10,opt_20,41,free
of_14,opt_10,opt_20,42,free
of_14,opt_10,opt_20,43,free
of_14,opt_10,opt_20,44,free
of_14,opt_10,opt_20,45,free
of_14,opt_10,opt_20,46,free
of_14,opt_10,opt_20,47,free
of_14,opt_10,opt_20,48,free
of_14,opt_10,opt_20,49,free
of_14,opt_10,opt_20,50,free
of_14,opt_10,opt_20,51,free
of_14,opt_10,opt_20,52,free
of_14,opt_10,opt_20,53,free
of_14,opt_10,opt_20,54,free
of_14,opt_10,opt_20,55,free
of_14,opt_10,opt_20,56,free
of_14,opt_10,opt_20,57,free
of_14,opt_10,opt_20,58,free
of_14,opt_10,opt_20,59,free
of_14,opt_10,opt_20,60,free
of_14,opt_10,opt_20,61,free
of_14,opt_10,opt_20,62,free
of_14,opt_10,opt_20,63,free
of_14,opt_10,opt_20,64,free
of_14,opt_10,opt_20,65,free
of_14,opt_10,opt_20,66,free
of_14,opt_10,opt_20,67,free
of_14,opt_10,opt_20,68,free
of_14,opt_10,opt_20,69,free
of_14,opt_10,opt_20,70,free
of_14,opt_10,opt_20,71,free
of_14,opt_10,opt_20,72,free
of_14,opt_10,opt_20,73,free
of_14,opt_10,opt_20,74,free
of_14,opt_10,opt_20,75,free
of_14,opt_10,opt_20,76,free
of_14,opt_10,opt_20,77,free
of_14,opt_10,opt_20,78,free
of_14,opt_10,opt_20,79,free
of_14,opt_10,opt_20,80,free
of_14,opt_10,opt_20,81,free
of_14,opt_10,opt_20,82,free
of_14,opt_10,opt_20,83,free
of_14,opt_10,opt_20,84,free
of_14,opt_10,opt_20,85,free
of_14,opt_10,opt_20,86,free
of_14,opt_10,opt_20,87,free
of_14,opt_10,opt_20,88,free
of_14,opt_10,opt_20,89,free
of_14,opt_10,opt_20,90,free
of_14,opt_10,opt_20,91,free
of_14,opt_10,opt_20,92,free
of_14,opt_10,opt_20,93,free
of_14,opt_10,opt_20,94,free
of_14,opt_10,opt_20,95,free
of_14,opt_10,opt_20,96,free
of_14,opt_10,opt_20,97,free
of_14,opt_10,opt_20,98,free
of_14,opt_10,opt_20,99,free
of_15,opt_10,opt_24,0,free
of_15,opt_10,opt_24,1,free
of_15,opt_10,opt_24,2,free
of_15,opt_10,opt_24,3,free
of_15,opt_10,opt_24,4,free
of_15,opt_10,opt_24,5,free
of_15,opt_10,opt_24,6,free
of_15,opt_10,opt_24,7,free
of_15,opt_10,opt_24,8,free
of_15,opt_10,opt_24,9,free
of_15,opt_10,opt_24,10,free
of_15,opt_10,opt_24,11,free
of_15,opt_10,opt_24,12,free
of_15,opt_10,opt_24,13,free
of_15,opt_10,opt_24,14,free
of_15,opt_10,opt_24,15,free
of_15,opt_10,opt_24,16,free
of_15,opt_10,opt_24,17,free
of_15,opt_10,opt_24,18,free
of_15,opt_10,opt_24,19,free
of_15,opt_10,opt_24,20,free
of_15,opt_10,opt_24,21,free
of_15,opt_10,opt_24,22,free
of_15,opt_10,opt_24,23,free
of_15,opt_10,opt_24,24,free
of_15,opt_10,opt_24,25,free
of_15,opt_10,opt_24,26,free
of_15,opt_10,opt_24,27,free
of_15,opt_10,opt_24,28,free
of_15,opt_10,opt_24,29,free
of_15,opt_10,opt_24,30,free
of_15,opt_10,opt_24,31,free
of_15,opt_10,opt_24,32,free
of_15,opt_10,opt_24,33,free
of_15,opt_10,opt_24,34,free
of_15,opt_10,opt_24,35,free
of_15,opt_10,opt_24,36,free
of_15,opt_10,opt_24,37,free
of_15,opt_10,opt_24,38,free
of_15,opt_10,opt_24,39,free
of_15,opt_10,opt_24,40,free
of_15,opt_10,opt_24,41,free
of_15,opt_10,opt_24,42,free
of_15,opt_10,opt_24,43,free
of_15,opt_10,opt_24,44,free
of_15,opt_10,opt_24,45,free
of_15,opt_10,opt_24,46,free
of_15,opt_10,opt_24,47,free
of_15,opt_10,opt_24,48,free
of_15,opt_10,opt_24,49,free
of_15,opt_10,opt_24,50,free
of_15,opt_10,opt_24,51,free
of_15,opt_10,opt_24,52,free
of_15,opt_10,opt_24,53,free
of_15,opt_10,opt_24,54,free
of_15,opt_10,opt_24,55,free
of_15,opt_10,opt_24,56,free
of_15,opt_10,opt_24,57,free
of_15,opt_10,opt_24,58,free
of_15,opt_10,opt_24,59,free
of_15,opt_10,opt_24,60,free
of_15,opt_10,opt_24,61,free
of_15,opt_10,opt_24,62,free
of_15,opt_10,opt_24,63,free
of_15,opt_10,opt_24,64,free
of_15,opt_10,opt_24,65,free
of_15,opt_10,opt_24,66,free
of_15,opt_10,opt_24,67,free
of_15,opt_10,opt_24,68,free
of_15,opt_10,opt_24,69,free
of_15,opt_10,opt_24,70,free
of_15,opt_10,opt_24,71,free
of_15,opt_10,opt_24,72,free
of_15,opt_10,opt_24,73,free
of_15,opt_10,opt_24,74,free
of_15,opt_10,opt_24,75,free
of_15,opt_10,opt_24,76,free
of_15,opt_10,opt_24,77,free
of_15,opt_10,opt_24,78,free
of_15,opt_10,opt_24,79,free
of_15,opt_10,opt_24,80,free
of_15,opt_10,opt_24,81,free
of_15,opt_10,opt_24,82,free
of_15,opt_10,opt_24,83,free
of_15,opt_10,opt_24,84,free
of_15,opt_10,opt_24,85,free
of_15,opt_10,opt_24,86,free
of_15,opt_10,opt_24,87,free
of_15,opt_10,opt_24,88,free
of_15,opt_10,opt_24,89,free
of_15,opt_10,opt_24,90,free
of_15,opt_10,opt_24,91,free
of_15,opt_10,opt_24,92,free
of_15,opt_10,opt_24,93,free
of_15,opt_10,opt_24,94,free
of_15,opt_10,opt_24,95,free
of_15,opt_10,opt_24,96,free
of_15,opt_10,opt_24,97,free
of_15,opt_10,opt_24,98,free
of_15,opt_10,opt_24,99,free
of_16,opt_10,opt_25,0,free
of_16,opt_10,opt_25,1,free
of_16,opt_10,opt_25,2,free
of_16,opt_10,opt_25,3,free
of_16,opt_10,opt_25,4,free
of_16,opt_10,opt_25,5,free
of_16,opt_10,opt_25,6,free
of_16,opt_10,opt_25,7,free
of_16,opt_10,opt_25,8,free
of_16,opt_10,opt_25,9,free
of_16,opt_10,opt_25,10,free
of_16,opt_10,opt_25,11,free
of_16,opt_10,opt_25,12,free
of_16,opt_10,opt_25,13,free
of_16,opt_10,opt_25,14,free
of_16,opt_10,opt_25,15,free
of_16,opt_10,opt_25,16,free
of_16,opt_10,opt_25,17,free
of_16,opt_10,opt_25,18,free
of_16,opt_10,opt_25,19,free
of_16,opt_10,opt_25,20,free
of_16,opt_10,opt_25,21,free
of_16,opt_10,opt_25,22,free
of_16,opt_10,opt_25,23,free
of_16,opt_10,opt_25,24,free
of_16,opt_10,opt_25,25,free
of_16,opt_10,opt_25,26,free
of_16,opt_10,opt_25,27,free
of_16,opt_10,opt_25,28,free
of_16,opt_10,opt_25,29,free
of_16,opt_10,opt_25,30,free
of_16,opt_10,opt_25,31,free
of_16,opt_10,opt_25,32,free
of_16,opt_10,opt_25,33,free
of_16,opt_10,opt_25,34,free
of_16,opt_10,opt_25,35,free
of_16,opt_10,opt_25,36,free
of_16,opt_10,opt_25,37,free
of_16,opt_10,opt_25,38,free
of_16,opt_10,opt_25,39,free
of_16,opt_10,opt_25,40,free
of_16,opt_10,opt_25,41,free
of_16,opt_10,opt_25,42,free
of_16,opt_10,opt_25,43,free
of_16,opt_10,opt_25,44,free
of_16,opt_10,opt_25,45,free
of_16,opt_10,opt_25,46,free
of_16,opt_10,opt_25,47,free
of_16,opt_10,opt_25,48,free
of_16,opt_10,opt_25,49,free
of_16,opt_10,opt_25,50,free
of_16,opt_10,opt_25,51,free
of_16,opt_10,opt_25,52,free
of_16,opt_10,opt_25,53,free
of_16,opt_10,opt_25,54,free
of_16,opt_10,opt_25,55,free
of_16,opt_10,opt_25,56,free
of_16,opt_10,opt_25,57,free
of_16,opt_10,opt_25,58,free
of_16,opt_10,opt_25,59,free
of_16,opt_10,opt_25,60,free
of_16,opt_10,opt_25,61,free
of_16,opt_10,opt_25,62,free
of_16,opt_10,opt_25,63,free
of_16,opt_10,opt_25,64,free
of_16,opt_10,opt_25,65,free
of_16,opt_10,opt_25,66,free
of_16,opt_10,opt_25,67,free
of_16,opt_10,opt_25,68,free
of_16,opt_10,opt_25,69,free
of_16,opt_10,opt_25,70,free
of_16,opt_10,opt_25,71,free
of_16,opt_10,opt_25,72,free
of_16,opt_10,opt_25,73,free
of_16,opt_10,opt_25,74,free
of_16,opt_10,opt_25,75,free
of_16,opt_10,opt_25,76,free
of_16,opt_10,opt_25,77,free
of_16,opt_10,opt_25,78,free
of_16,opt_10,opt_25,79,free
of_16,opt_10,opt_25,80,free
of_16,opt_10,opt_25,81,free
of_16,opt_10,opt_25,82,free
of_16,opt_10,opt_25,83,free
of_16,opt_10,opt_25,84,free
of_16,opt_10,opt_25,85,free
of_16,opt_10,opt_25,86,free
of_16,opt_10,opt_25,87,free
of_16,opt_10,opt_25,88,free
of_16,opt_10,opt_25,89,free
of_16,opt_10,opt_25,90,free
of_16,opt_10,opt_25,91,free
of_16,opt_10,opt_25,92,free
of_16,opt_10,opt_25,93,free
of_16,opt_10,opt_25,94,free
of_16,opt_10,opt_25,95,free
of_16,opt_10,opt_25,96,free
of_16,opt_10,opt_25,97,free
of_16,opt_10,opt_25,98,free
of_16,opt_10,opt_25,99,free
of_17,opt_10,opt_28,0,free
of_17,opt_10,opt_28,1,free
of_17,opt_10,opt_28,2,free
of_17,opt_10,opt_28,3,free
of_17,opt_10,opt_28,4,free
of_17,opt_10,opt_28,5,free
of_17,opt_10,opt_28,6,free
of_17,opt_10,opt_28,7,free
of_17,opt_10,opt_28,8,free
of_17,opt_10,opt_28,9,free
of_17,opt_10,opt_28,10,free
of_17,opt_10,opt_28,11,free
of_17,opt_10,opt_28,12,free
of_17,opt_10,opt_28,13,free
of_17,opt_10,opt_28,14,free
of_17,opt_10,opt_28,15,free
of_17,opt_10,opt_28,16,free
of_17,opt_10,opt_28,17,free
of_17,opt_10,opt_28,18,free
of_17,opt_10,opt_28,19,free
of_17,opt_10,opt_28,20,free
of_17,opt_10,opt_28,21,free
of_17,opt_10,opt_28,22,free
of_17,opt_10,opt_28,23,free
of_17,opt_10,opt_28,24,free
of_17,opt_10,opt_28,25,free
of_17,opt_10,opt_28,26,free
of_17,opt_10,opt_28,27,free
of_17,opt_10,opt_28,28,free
of_17,opt_10,opt_28,29,free
of_17,opt_10,opt_28,30,free
of_17,opt_10,opt_28,31,free
of_17,opt_10,opt_28,32,free
of_17,opt_10,opt_28,33,free
of_17,opt_10,opt_28,34,free
of_17,opt_10,opt_28,35,free
of_17,opt_10,opt_28,36,free
of_17,opt_10,opt_28,37,free
of_17,opt_10,opt_28,38,free
of_17,opt_10,opt_28,39,free
of_17,opt_10,opt_28,40,free
of_17,opt_10,opt_28,41,free
of_17,opt_10,opt_28,42,free
of_17,opt_10,opt_28,43,free
of_17,opt_10,opt_28,44,free
of_17,opt_10,opt_28,45,free
of_17,opt_10,opt_28,46,free
of_17,opt_10,opt_28,47,free
of_17,opt_10,opt_28,48,free
of_17,opt_10,opt_28,49,free
of_17,opt_10,opt_28,50,free
of_17,opt_10,opt_28,51,free
of_17,opt_10,opt_28,52,free
of_17,opt_10,opt_28,53,free
of_17,opt_10,opt_28,54,free
of_17,opt_10,opt_28,55,free
of_17,opt_10,opt_28,56,free
of_17,opt_10,opt_28,57,free
of_17,opt_10,opt_28,58,free
of_17,opt_10,opt_28,59,free
of_17,opt_10,opt_28,60,free
of_17,opt_10,opt_28,61,free
of_17,opt_10,opt_28,62,free
of_17,opt_10,opt_28,63,free
of_17,opt_10,opt_28,64,free
of_17,opt_10,opt_28,65,free
of_17,opt_10,opt_28,66,free
of_17,opt_10,opt_28,67,free
of_17,opt_10,opt_28,68,free
of_17,opt_10,opt_28,69,free
of_17,opt_10,opt_28,70,free
of_17,opt_10,opt_28,71,free
of_17,opt_10,opt_28,72,free
of_17,opt_10,opt_28,73,free
of_17,opt_10,opt_28,74,free
of_17,opt_10,opt_28,75,free
of_17,opt_10,opt_28,76,free
of_17,opt_10,opt_28,77,free
of_17,opt_10,opt_28,78,free
of_17,opt_10,opt_28,79,free
of_17,opt_10,opt_28,80,free
of_17,opt_10,opt_28,81,free
of_17,opt_10,opt_28,82,free
of_17,opt_10,opt_28,83,free
of_17,opt_10,opt_28,84,free
of_17,opt_10,opt_28,85,free
of_17,opt_10,opt_28,86,free
of_17,opt_10,opt_28,87,free
of_17,opt_10,opt_28,88,free
of_17,opt_10,opt_28,89,free
of_17,opt_10,opt_28,90,free
of_17,opt_10,opt_28,91,free
of_17,opt_10,opt_28,92,free
of_17,opt_10,opt_28,93,free
of_17,opt_10,opt_28,94,free
of_17,opt_10,opt_28,95,free
of_17,opt_10,opt_28,96,free
of_17,opt_10,opt_28,97,free
of_17,opt_10,opt_28,98,free
of_17,opt_10,opt_28,99,free
of_18,opt_10,opt_7,0,free
of_18,opt_10,opt_7,1,free
of_18,opt_10,opt_7,2,free
of_18,opt_10,opt_7,3,free
of_18,opt_10,opt_7,4,free
of_18,opt_10,opt_7,5,free
of_18,opt_10,opt_7,6,free
of_18,opt_10,opt_7,7,free
of_18,opt_10,opt_7,8,free
of_18,opt_10,opt_7,9,free
of_18,opt_10,opt_7,10,free
of_18,opt_10,opt_7,11,free
of_18,opt_10,opt_7,12,free
of_18,opt_10,opt_7,13,free
of_18,opt_10,opt_7,14,free
of_18,opt_10,opt_7,15,free
of_18,opt_10,opt_7,16,free
of_18,opt_10,opt_7,17,free
of_18,opt_10,opt_7,18,free
of_18,opt_10,opt_7,19,free
of_18,opt_10,opt_7,20,free
of_18,opt_10,opt_7,21,free
of_18,opt_10,opt_7,22,free
of_18,opt_10,opt_7,23,free
of_18,opt_10,opt_7,24,free
of_18,opt_10,opt_7,25,free
of_18,opt_10,opt_7,26,free
of_18,opt_10,opt_7,27,free
of_18,opt_10,opt_7,28,free
of_18,opt_10,opt_7,29,free
of_18,opt_10,opt_7,30,free
of_18,opt_10,opt_7,31,free
of_18,opt_10,opt_7,32,free
of_18,opt_10,opt_7,33,free
of_18,opt_10,opt_7,34,free
of_18,opt_10,opt_7,35,free
of_18,opt_10,opt_7,36,free
of_18,opt_10,opt_7,37,free
of_18,opt_10,opt_7,38,free
of_18,opt_10,opt_7,39,free
of_18,opt_10,opt_7,40,free
of_18,opt_10,opt_7,41,free
of_18,opt_10,opt_7,42,free
of_18,opt_10,opt_7,43,free
of_18,opt_10,opt_7,44,free
of_18,opt_10,opt_7,45,free
of_18,opt_10,opt_7,46,free
of_18,opt_10,opt_7,47,free
of_18,opt_10,opt_7,48,free
of_18,opt_10,opt_7,49,free
of_18,opt_10,opt_7,50,free
of_18,opt_10,opt_7,51,free
of_18,opt_10,opt_7,52,free
of_18,opt_10,opt_7,53,free
of_18,opt_10,opt_7,54,free
of_18,opt_10,opt_7,55,free
of_18,opt_10,opt_7,56,free
of_18,opt_10,opt_7,57,free
of_18,opt_10,opt_7,58,free
of_18,opt_10,opt_7,59,free
of_18,opt_10,opt_7,60,free
of_18,opt_10,opt_7,61,free
of_18,opt_10,opt_7,62,free
of_18,opt_10,opt_7,63,free
of_18,opt_10,opt_7,64,free
of_18,opt_10,opt_7,65,free
of_18,opt_10,opt_7,66,free
of_18,opt_10,opt_7,67,free
of_18,opt_10,opt_7,68,free
of_18,opt_10,opt_7,69,free
of_18,opt_10,opt_7,70,free
of_18,opt_10,opt_7,71,free
of_18,opt_10,opt_7,72,free
of_18,opt_10,opt_7,73,free
of_18,opt_10,opt_7,74,free
of_18,opt_10,opt_7,75,free
of_18,opt_10,opt_7,76,free
of_18,opt_10,opt_7,77,free
of_18,opt_10,opt_7,78,free
of_18,opt_10,opt_7,79,free
of_18,opt_10,opt_7,80,free
of_18,opt_10,opt_7,81,free
of_18,opt_10,opt_7,82,free
of_18,opt_10,opt_7,83,free
of_18,opt_10,opt_7,84,free
of_18,opt_10,opt_7,85,free
of_18,opt_10,opt_7,86,free
of_18,opt_10,opt_7,87,free
of_18,opt_10,opt_7,88,free
of_18,opt_10,opt_7,89,free
of_18,opt_10,opt_7,90,free
of_18,opt_10,opt_7,91,free
of_18,opt_10,opt_7,92,free
of_18,opt_10,opt_7,93,free
of_18,opt_10,opt_7,94,free
of_18,opt_10,opt_7,95,free
of_18,opt_10,opt_7,96,free
of_18,opt_10,opt_7,97,free
of_18,opt_10,opt_7,98,free
of_18,opt_10,opt_7,99,free
of_19,opt_11,opt_17,0,free
of_19,opt_11,opt_17,1,free
of_19,opt_11,opt_17,2,free
of_19,opt_11,opt_17,3,free
of_19,opt_11,opt_17,4,free
of_19,opt_11,opt_17,5,free
of_19,opt_11,opt_17,6,free
of_19,opt_11,opt_17,7,free
of_19,opt_11,opt_17,8,free
of_19,opt_11,opt_17,9,free
of_19,opt_11,opt_17,10,free
of_19,opt_11,opt_17,11,free
of_19,opt_11,opt_17,12,free
of_19,opt_11,opt_17,13,free
of_19,opt_11,opt_17,14,free
of_19,opt_11,opt_17,15,free
of_19,opt_11,opt_17,16,free
of_19,opt_11,opt_17,17,free
of_19,opt_11,opt_17,18,free
of_19,opt_11,opt_17,19,free
of_19,opt_11,opt_17,20,free
of_19,opt_11,opt_17,21,free
of_19,opt_11,opt_17,22,free
of_19,opt_11,opt_17,23,free
of_19,opt_11,opt_17,24,free
of_19,opt_11,opt_17,25,free
of_19,opt_11,opt_17,26,free
of_19,opt_11,opt_17,27,free
of_19,opt_11,opt_17,28,free
of_19,opt_11,opt_17,29,free
of_19,opt_11,opt_17,30,free
of_19,opt_11,opt_17,31,free
of_19,opt_11,opt_17,32,free
of_19,opt_11,opt_17,33,free
of_19,opt_11,opt_17,34,free
of_19,opt_11,opt_17,35,free
of_19,opt_11,opt_17,36,free
of_19,opt_11,opt_17,37,free
of_19,opt_11,opt_17,38,free
of_19,opt_11,opt_17,39,free
of_19,opt_11,opt_17,40,free
of_19,opt_11,opt_17,41,free
of_19,opt_11,opt_17,42,free
of_19,opt_11,opt_17,43,free
of_19,opt_11,opt_17,44,free
of_19,opt_11,opt_17,45,free
of_19,opt_11,opt_17,46,free
of_19,opt_11,opt_17,47,free
of_19,opt_11,opt_17,48,free
of_19,opt_11,opt_17,49,free
of_19,opt_11,opt_17,50,free
of_19,opt_11,opt_17,51,free
of_19,opt_11,opt_17,52,free
of_19,opt_11,opt_17,53,free
of_19,opt_11,opt_17,54,free
of_19,opt_11,opt_17,55,free
of_19,opt_11,opt_17,56,free
of_19,opt_11,opt_17,57,free
of_19,opt_11,opt_17,58,free
of_19,opt_11,opt_17,59,free
of_19,opt_11,opt_17,60,free
of_19,opt_11,opt_17,61,free
of_19,opt_11,opt_17,62,free
of_19,opt_11,opt_17,63,free
of_19,opt_11,opt_17,64,free
of_19,opt_11,opt_17,65,free
of_19,opt_11,opt_17,66,free
of_19,opt_11,opt_17,67,free
of_19,opt_11,opt_17,68,free
of_19,opt_11,opt_17,69,free
of_19,opt_11,opt_17,70,free
of_19,opt_11,opt_17,71,free
of_19,opt_11,opt_17,72,free
of_19,opt_11,opt_17,73,free
of_19,opt_11,opt_17,74,free
of_19,opt_11,opt_17,75,free
of_19,opt_11,opt_17,76,free
of_19,opt_11,opt_17,77,free
of_19,opt_11,opt_17,78,free
of_19,opt_11,opt_17,79,free
of_19,opt_11,opt_17,80,free
of_19,opt_11,opt_17,81,free
of_19,opt_11,opt_17,82,free
of_19,opt_11,opt_17,83,free
of_19,opt_11,opt_17,84,free
of_19,opt_11,opt_17,85,free
of_19,opt_11,opt_17,86,free
of_19,opt_11,opt_17,87,free
of_19,opt_11,opt_17,88,free
of_19,opt_11,opt_17,89,free
of_19,opt_11,opt_17,90,free
of_19,opt_11,opt_17,91,free
of_19,opt_11,opt_17,92,free
of_19,opt_11,opt_17,93,free
of_19,opt_11,opt_17,94,free
of_19,opt_11,opt_17,95,free
of_19,opt_11,opt_17,96,free
of_19,opt_11,opt_17,97,free
of_19,opt_11,opt_17,98,free
of_19,opt_11,opt_17,99,free
of_20,opt_11,opt_20,0,free
of_20,opt_11,opt_20,1,free
of_20,opt_11,opt_20,2,free
of_20,opt_11,opt_20,3,free
of_20,opt_11,opt_20,4,free
of_20,opt_11,opt_20,5,free
of_20,opt_11,opt_20,6,free
of_20,opt_11,opt_20,7,free
of_20,opt_11,opt_20,8,free
of_20,opt_11,opt_20,9,free
of_20,opt_11,opt_20,10,free
of_20,opt_11,opt_20,11,free
of_20,opt_11,opt_20,12,free
of_20,opt_11,opt_20,13,free
of_20,opt_11,opt_20,14,free
of_20,opt_11,opt_20,15,free
of_20,opt_11,opt_20,16,free
of_20,opt_11,opt_20,17,free
of_20,opt_11,opt_20,18,free
of_20,opt_11,opt_20,19,free
of_20,opt_11,opt_20,20,free
of_20,opt_11,opt_20,21,free
of_20,opt_11,opt_20,22,free
of_20,opt_11,opt_20,23,free
of_20,opt_11,opt_20,24,free
of_20,opt_11,opt_20,25,free
of_20,opt_11,opt_20,26,free
of_20,opt_11,opt_20,27,free
of_20,opt_11,opt_20,28,free
of_20,opt_11,opt_20,29,free
of_20,opt_11,opt_20,30,free
of_20,opt_11,opt_20,31,free
of_20,opt_11,opt_20,32,free
of_20,opt_11,opt_20,33,free
of_20,opt_11,opt_20,34,free
of_20,opt_11,opt_20,35,free
of_20,opt_11,opt_20,36,free
of_20,opt_11,opt_20,37,free
of_20,opt_11,opt_20,38,free
of_20,opt_11,opt_20,39,free
of_20,opt_11,opt_20,40,free
of_20,opt_11,opt_20,41,free
of_20,opt_11,opt_20,42,free
of_20,opt_11,opt_20,43,free
of_20,opt_11,opt_20,44,free
of_20,opt_11,opt_20,45,free
of_20,opt_11,opt_20,46,free
of_20,opt_11,opt_20,47,free
of_20,opt_11,opt_20,48,free
of_20,opt_11,opt_20,49,free
of_20,opt_11,opt_20,50,free
of_20,opt_11,opt_20,51,free
of_20,opt_11,opt_20,52,free
of_20,opt_11,opt_20,53,free
of_20,opt_11,opt_20,54,free
of_20,opt_11,opt_20,55,free
of_20,opt_11,opt_20,56,free
of_20,opt_11,opt_20,57,free
of_20,opt_11,opt_20,58,free
of_20,opt_11,opt_20,59,free
of_20,opt_11,opt_20,60,free
of_20,opt_11,opt_20,61,free
of_20,opt_11,opt_20,62,free
of_20,opt_11,opt_20,63,free
of_20,opt_11,opt_20,64,free
of_20,opt_11,opt_20,65,free
of_20,opt_11,opt_20,66,free
of_20,opt_11,opt_20,67,free
of_20,opt_11,opt_20,68,free
of_20,opt_11,opt_20,69,free
of_20,opt_11,opt_20,70,free
of_20,opt_11,opt_20,71,free
of_20,opt_11,opt_20,72,free
of_20,opt_11,opt_20,73,free
of_20,opt_11,opt_20,74,free
of_20,opt_11,opt_20,75,free
of_20,opt_11,opt_20,76,free
of_20,opt_11,opt_20,77,free
of_20,opt_11,opt_20,78,free
of_20,opt_11,opt_20,79,free
of_20,opt_11,opt_20,80,free
of_20,opt_11,opt_20,81,free
of_20,opt_11,opt_20,82,free
of_20,opt_11,opt_20,83,free
of_20,opt_11,opt_20,84,free
of_20,opt_11,opt_20,85,free
of_20,opt_11,opt_20,86,free
of_20,opt_11,opt_20,87,free
of_20,opt_11,opt_20,88,free
of_20,opt_11,opt_20,89,free
of_20,opt_11,opt_20,90,free
of_20,opt_11,opt_20,91,free
of_20,opt_11,opt_20,92,free
of_20,opt_11,opt_20,93,free
of_20,opt_11,opt_20,94,free
of_20,opt_11,opt_20,95,free
of_20,opt_11,opt_20,96,free
of_20,opt_11,opt_20,97,free
of_20,opt_11,opt_20,98,free
of_20,opt_11,opt_20,99,free
of_21,opt_11,opt_24,0,free
of_21,opt_11,opt_24,1,free
of_21,opt_11,opt_24,2,free
of_21,opt_11,opt_24,3,free
of_21,opt_11,opt_24,4,free
of_21,opt_11,opt_24,5,free
of_21,opt_11,opt_24,6,free
of_21,opt_11,opt_24,7,free
of_21,opt_11,opt_24,8,free
of_21,opt_11,opt_24,9,free
of_21,opt_11,opt_24,10,free
of_21,opt_11,opt_24,11,free
of_21,opt_11,opt_24,12,free
of_21,opt_11,opt_24,13,free
of_21,opt_11,opt_24,14,free
of_21,opt_11,opt_24,15,free
of_21,opt_11,opt_24,16,free
of_21,opt_11,opt_24,17,free
of_21,opt_11,opt_24,18,free
of_21,opt_11,opt_24,19,free
of_21,opt_11,opt_24,20,free
of_21,opt_11,opt_24,21,free
of_21,opt_11,opt_24,22,free
of_21,opt_11,opt_24,23,free
of_21,opt_11,opt_24,24,free
of_21,opt_11,opt_24,25,free
of_21,opt_11,opt_24,26,free
of_21,opt_11,opt_24,27,free
of_21,opt_11,opt_24,28,free
of_21,opt_11,opt_24,29,free
of_21,opt_11,opt_24,30,free
of_21,opt_11,opt_24,31,free
of_21,opt_11,opt_24,32,free
of_21,opt_11,opt_24,33,free
of_21,opt_11,opt_24,34,free
of_21,opt_11,opt_24,35,free
of_21,opt_11,opt_24,36,free
of_21,opt_11,opt_24,37,free
of_21,opt_11,opt_24,38,free
of_21,opt_11,opt_24,39,free
of_21,opt_11,opt_24,40,free
of_21,opt_11,opt_24,41,free
of_21,opt_11,opt_24,42,free
of_21,opt_11,opt_24,43,free
of_21,opt_11,opt_24,44,free
of_21,opt_11,opt_24,45,free
of_21,opt_11,opt_24,46,free
of_21,opt_11,opt_24,47,free
of_21,opt_11,opt_24,48,free
of_21,opt_11,opt_24,49,free
of_21,opt_11,opt_24,50,free
of_21,opt_11,opt_24,51,free
of_21,opt_11,opt_24,52,free
of_21,opt_11,opt_24,53,free
of_21,opt_11,opt_24,54,free
of_21,opt_11,opt_24,55,free
of_21,opt_11,opt_24,56,free
of_21,opt_11,opt_24,57,free
of_21,opt_11,opt_24,58,free
of_21,opt_11,opt_24,59,free
of_21,opt_11,opt_24,60,free
of_21,opt_11,opt_24,61,free
of_21,opt_11,opt_24,62,free
of_21,opt_11,opt_24,63,free
of_21,opt_11,opt_24,64,free
of_21,opt_11,opt_24,65,free
of_21,opt_11,opt_24,66,free
of_21,opt_11,opt_24,67,free
of_21,opt_11,opt_24,68,free
of_21,opt_11,opt_24,69,free
of_21,opt_11,opt_24,70,free
of_21,opt_11,opt_24,71,free
of_21,opt_11,opt_24,72,free
of_21,opt_11,opt_24,73,free
of_21,opt_11,opt_24,74,free
of_21,opt_11,opt_24,75,free
of_21,opt_11,opt_24,76,free
of_21,opt_11,opt_24,77,free
of_21,opt_11,opt_24,78,free
of_21,opt_11,opt_24,79,free
of_21,opt_11,opt_24,80,free
of_21,opt_11,opt_24,81,free
of_21,opt_11,opt_24,82,free
of_21,opt_11,opt_24,83,free
of_21,opt_11,opt_24,84,free
of_21,opt_11,opt_24,85,free
of_21,opt_11,opt_24,86,free
of_21,opt_11,opt_24,87,free
of_21,opt_11,opt_24,88,free
of_21,opt_11,opt_24,89,free
of_21,opt_11,opt_24,90,free
of_21,opt_11,opt_24,91,free
of_21,opt_11,opt_24,92,free
of_21,opt_11,opt_24,93,free
of_21,opt_11,opt_24,94,free
of_21,opt_11,opt_24,95,free
of_21,opt_11,opt_24,96,free
of_21,opt_11,opt_24,97,free
of_21,opt_11,opt_24,98,free
of_21,opt_11,opt_24,99,free
of_22,opt_11,opt_25,0,free
of_22,opt_11,opt_25,1,free
of_22,opt_11,opt_25,2,free
of_22,opt_11,opt_25,3,free
of_22,opt_11,opt_25,4,free
of_22,opt_11,opt_25,5,free
of_22,opt_11,opt_25,6,free
of_22,opt_11,opt_25,7,free
of_22,opt_11,opt_25,8,free
of_22,opt_11,opt_25,9,free
of_22,opt_11,opt_25,10,free
of_22,opt_11,opt_25,11,free
of_22,opt_11,opt_25,12,free
of_22,opt_11,opt_25,13,free
of_22,opt_11,opt_25,14,free
of_22,opt_11,opt_25,15,free
of_22,opt_11,opt_25,16,free
of_22,opt_11,opt_25,17,free
of_22,opt_11,opt_25,18,free
of_22,opt_11,opt_25,19,free
of_22,opt_11,opt_25,20,free
of_22,opt_11,opt_25,21,free
of_22,opt_11,opt_25,22,free
of_22,opt_11,opt_25,23,free
of_22,opt_11,opt_25,24,free
of_22,opt_11,opt_25,25,free
of_22,opt_11,opt_25,26,free
of_22,opt_11,opt_25,27,free
of_22,opt_11,opt_25,28,free
of_22,opt_11,opt_25,29,free
of_22,opt_11,opt_25,30,free
of_22,opt_11,opt_25,31,free
of_22,opt_11,opt_25,32,free
of_22,opt_11,opt_25,33,free
of_22,opt_11,opt_25,34,free
of_22,opt_11,opt_25,35,free
of_22,opt_11,opt_25,36,free
of_22,opt_11,opt_25,37,free
of_22,opt_11,opt_25,38,free
of_22,opt_11,opt_25,39,free
of_22,opt_11,opt_25,40,free
of_22,opt_11,opt_25,41,free
of_22,opt_11,opt_25,42,free
of_22,opt_11,opt_25,43,free
of_22,opt_11,opt_25,44,free
of_22,opt_11,opt_25,45,free
of_22,opt_11,opt_25,46,free
of_22,opt_11,opt_25,47,free
of_22,opt_11,opt_25,48,free
of_22,opt_11,opt_25,49,free
of_22,opt_11,opt_25,50,free
of_22,opt_11,opt_25,51,free
of_22,opt_11,opt_25,52,free
of_22,opt_11,opt_25,53,free
of_22,opt_11,opt_25,54,free
of_22,opt_11,opt_25,55,free
of_22,opt_11,opt_25,56,free
of_22,opt_11,opt_25,57,free
of_22,opt_11,opt_25,58,free
of_22,opt_11,opt_25,59,free
of_22,opt_11,opt_25,60,free
of_22,opt_11,opt_25,61,free
of_22,opt_11,opt_25,62,free
of_22,opt_11,opt_25,63,free
of_22,opt_11,opt_25,64,free
of_22,opt_11,opt_25,65,free
of_22,opt_11,opt_25,66,free
of_22,opt_11,opt_25,67,free
of_22,opt_11,opt_25,68,free
of_22,opt_11,opt_25,69,free
of_22,opt_11,opt_25,70,free
of_22,opt_11,opt_25,71,free
of_22,opt_11,opt_25,72,free
of_22,opt_11,opt_25,73,free
of_22,opt_11,opt_25,74,free
of_22,opt_11,opt_25,75,free
of_22,opt_11,opt_25,76,free
of_22,opt_11,opt_25,77,free
of_22,opt_11,opt_25,78,free
of_22,opt_11,opt_25,79,free
of_22,opt_11,opt_25,80,free
of_22,opt_11,opt_25,81,free
of_22,opt_11,opt_25,82,free
of_22,opt_11,opt_25,83,free
of_22,opt_11,opt_25,84,free
of_22,opt_11,opt_25,85,free
of_22,opt_11,opt_25,86,free
of_22,opt_11,opt_25,87,free
of_22,opt_11,opt_25,88,free
of_22,opt_11,opt_25,89,free
of_22,opt_11,opt_25,90,free
of_22,opt_11,opt_25,91,free
of_22,opt_11,opt_25,92,free
of_22,opt_11,opt_25,93,free
of_22,opt_11,opt_25,94,free
of_22,opt_11,opt_25,95,free
of_22,opt_11,opt_25,96,free
of_22,opt_11,opt_25,97,free
of_22,opt_11,opt_25,98,free
of_22,opt_11,opt_25,99,free
of_23,opt_11,opt_27,0,free
of_23,opt_11,opt_27,1,free
of_23,opt_11,opt_27,2,free
of_23,opt_11,opt_27,3,free
of_23,opt_11,opt_27,4,free
of_23,opt_11,opt_27,5,free
of_23,opt_11,opt_27,6,free
of_23,opt_11,opt_27,7,free
of_23,opt_11,opt_27,8,free
of_23,opt_11,opt_27,9,free
of_23,opt_11,opt_27,10,free
of_23,opt_11,opt_27,11,free
of_23,opt_11,opt_27,12,free
of_23,opt_11,opt_27,13,free
of_23,opt_11,opt_27,14,free
of_23,opt_11,opt_27,15,free
of_23,opt_11,opt_27,16,free
of_23,opt_11,opt_27,17,free
of_23,opt_11,opt_27,18,free
of_23,opt_11,opt_27,19,free
of_23,opt_11,opt_27,20,free
of_23,opt_11,opt_27,21,free
of_23,opt_11,opt_27,22,free
of_23,opt_11,opt_27,23,free
of_23,opt_11,opt_27,24,free
of_23,opt_11,opt_27,25,free
of_23,opt_11,opt_27,26,free
of_23,opt_11,opt_27,27,free
of_23,opt_11,opt_27,28,free
of_23,opt_11,opt_27,29,free
of_23,opt_11,opt_27,30,free
of_23,opt_11,opt_27,31,free
of_23,opt_11,opt_27,32,free
of_23,opt_11,opt_27,33,free
of_23,opt_11,opt_27,34,free
of_23,opt_11,opt_27,35,free
of_23,opt_11,opt_27,36,free
of_23,opt_11,opt_27,37,free
of_23,opt_11,opt_27,38,free
of_23,opt_11,opt_27,39,free
of_23,opt_11,opt_27,40,free
of_23,opt_11,opt_27,41,free
of_23,opt_11,opt_27,42,free
of_23,opt_11,opt_27,43,free
of_23,opt_11,opt_27,44,free
of_23,opt_11,opt_27,45,free
of_23,opt_11,opt_27,46,free
of_23,opt_11,opt_27,47,free
of_23,opt_11,opt_27,48,free
of_23,opt_11,opt_27,49,free
of_23,opt_11,opt_27,50,free
of_23,opt_11,opt_27,51,free
of_23,opt_11,opt_27,52,free
of_23,opt_11,opt_27,53,free
of_23,opt_11,opt_27,54,free
of_23,opt_11,opt_27,55,free
of_23,opt_11,opt_27,56,free
of_23,opt_11,opt_27,57,free
of_23,opt_11,opt_27,58,free
of_23,opt_11,opt_27,59,free
of_23,opt_11,opt_27,60,free
of_23,opt_11,opt_27,61,free
of_23,opt_11,opt_27,62,free
of_23,opt_11,opt_27,63,free
of_23,opt_11,opt_27,64,free
of_23,opt_11,opt_27,65,free
of_23,opt_11,opt_27,66,free
of_23,opt_11,opt_27,67,free
of_23,opt_11,opt_27,68,free
of_23,opt_11,opt_27,69,free
of_23,opt_11,opt_27,70,free
of_23,opt_11,opt_27,71,free
of_23,opt_11,opt_27,72,free
of_23,opt_11,opt_27,73,free
of_23,opt_11,opt_27,74,free
of_23,opt_11,opt_27,75,free
of_23,opt_11,opt_27,76,free
of_23,opt_11,opt_27,77,free
of_23,opt_11,opt_27,78,free
of_23,opt_11,opt_27,79,free
of_23,opt_11,opt_27,80,free
of_23,opt_11,opt_27,81,free
of_23,opt_11,opt_27,82,free
of_23,opt_11,opt_27,83,free
of_23,opt_11,opt_27,84,free
of_23,opt_11,opt_27,85,free
of_23,opt_11,opt_27,86,free
of_23,opt_11,opt_27,87,free
of_23,opt_11,opt_27,88,free
of_23,opt_11,opt_27,89,free
of_23,opt_11,opt_27,90,free
of_23,opt_11,opt_27,91,free
of_23,opt_11,opt_27,92,free
of_23,opt_11,opt_27,93,free
of_23,opt_11,opt_27,94,free
of_23,opt_11,opt_27,95,free
of_23,opt_11,opt_27,96,free
of_23,opt_11,opt_27,97,free
of_23,opt_11,opt_27,98,free
of_23,opt_11,opt_27,99,free
of_24,opt_11,opt_28,0,free
of_24,opt_11,opt_28,1,free
of_24,opt_11,opt_28,2,free
of_24,opt_11,opt_28,3,free
of_24,opt_11,opt_28,4,free
of_24,opt_11,opt_28,5,free
of_24,opt_11,opt_28,6,free
of_24,opt_11,opt_28,7,free
of_24,opt_11,opt_28,8,free
of_24,opt_11,opt_28,9,free
of_24,opt_11,opt_28,10,free
of_24,opt_11,opt_28,11,free
of_24,opt_11,opt_28,12,free
of_24,opt_11,opt_28,13,free
of_24,opt_11,opt_28,14,free
of_24,opt_11,opt_28,15,free
of_24,opt_11,opt_28,16,free
of_24,opt_11,opt_28,17,free
of_24,opt_11,opt_28,18,free
of_24,opt_11,opt_28,19,free
of_24,opt_11,opt_28,20,free
of_24,opt_11,opt_28,21,free
of_24,opt_11,opt_28,22,free
of_24,opt_11,opt_28,23,free
of_24,opt_11,opt_28,24,free
of_24,opt_11,opt_28,25,free
of_24,opt_11,opt_28,26,free
of_24,opt_11,opt_28,27,free
of_24,opt_11,opt_28,28,free
of_24,opt_11,opt_28,29,free
of_24,opt_11,opt_28,30,free
of_24,opt_11,opt_28,31,free
of_24,opt_11,opt_28,32,free
of_24,opt_11,opt_28,33,free
of_24,opt_11,opt_28,34,free
of_24,opt_11,opt_28,35,free
of_24,opt_11,opt_28,36,free
of_24,opt_11,opt_28,37,free
of_24,opt_11,opt_28,38,free
of_24,opt_11,opt_28,39,free
of_24,opt_11,opt_28,40,free
of_24,opt_11,opt_28,41,free
of_24,opt_11,opt_28,42,free
of_24,opt_11,opt_28,43,free
of_24,opt_11,opt_28,44,free
of_24,opt_11,opt_28,45,free
of_24,opt_11,opt_28,46,free
of_24,opt_11,opt_28,47,free
of_24,opt_11,opt_28,48,free
of_24,opt_11,opt_28,49,free
of_24,opt_11,opt_28,50,free
of_24,opt_11,opt_28,51,free
of_24,opt_11,opt_28,52,free
of_24,opt_11,opt_28,53,free
of_24,opt_11,opt_28,54,free
of_24,opt_11,opt_28,55,free
of_24,opt_11,opt_28,56,free
of_24,opt_11,opt_28,57,free
of_24,opt_11,opt_28,58,free
of_24,opt_11,opt_28,59,free
of_24,opt_11,opt_28,60,free
of_24,opt_11,opt_28,61,free
of_24,opt_11,opt_28,62,free
of_24,opt_11,opt_28,63,free
of_24,opt_11,opt_28,64,free
of_24,opt_11,opt_28,65,free
of_24,opt_11,opt_28,66,free
of_24,opt_11,opt_28,67,free
of_24,opt_11,opt_28,68,free
of_24,opt_11,opt_28,69,free
of_24,opt_11,opt_28,70,free
of_24,opt_11,opt_28,71,free
of_24,opt_11,opt_28,72,free
of_24,opt_11,opt_28,73,free
of_24,opt_11,opt_28,74,free
of_24,opt_11,opt_28,75,free
of_24,opt_11,opt_28,76,free
of_24,opt_11,opt_28,77,free
of_24,opt_11,opt_28,78,free
of_24,opt_11,opt_28,79,free
of_24,opt_11,opt_28,80,free
of_24,opt_11,opt_28,81,free
of_24,opt_11,opt_28,82,free
of_24,opt_11,opt_28,83,free
of_24,opt_11,opt_28,84,free
of_24,opt_11,opt_28,85,free
of_24,opt_11,opt_28,86,free
of_24,opt_11,opt_28,87,free
of_24,opt_11,opt_28,88,free
of_24,opt_11,opt_28,89,free
of_24,opt_11,opt_28,90,free
of_24,opt_11,opt_28,91,free
of_24,opt_11,opt_28,92,free
of_24,opt_11,opt_28,93,free
of_24,opt_11,opt_28,94,free
of_24,opt_11,opt_28,95,free
of_24,opt_11,opt_28,96,free
of_24,opt_11,opt_28,97,free
of_24,opt_11,opt_28,98,free
of_24,opt_11,opt_28,99,free
of_25,opt_11,opt_3,0,free
of_25,opt_11,opt_3,1,free
of_25,opt_11,opt_3,2,free
of_25,opt_11,opt_3,3,free
of_25,opt_11,opt_3,4,free
of_25,opt_11,opt_3,5,free
of_25,opt_11,opt_3,6,free
of_25,opt_11,opt_3,7,free
of_25,opt_11,opt_3,8,free
of_25,opt_11,opt_3,9,free
of_25,opt_11,opt_3,10,free
of_25,opt_11,opt_3,11,free
of_25,opt_11,opt_3,12,free
of_25,opt_11,opt_3,13,free
of_25,opt_11,opt_3,14,free
of_25,opt_11,opt_3,15,free
of_25,opt_11,opt_3,16,free
of_25,opt_11,opt_3,17,free
of_25,opt_11,opt_3,18,free
of_25,opt_11,opt_3,19,free
of_25,opt_11,opt_3,20,free
of_25,opt_11,opt_3,21,free
of_25,opt_11,opt_3,22,free
of_25,opt_11,opt_3,23,free
of_25,opt_11,opt_3,24,free
of_25,opt_11,opt_3,25,free
of_25,opt_11,opt_3,26,free
of_25,opt_11,opt_3,27,free
of_25,opt_11,opt_3,28,free
of_25,opt_11,opt_3,29,free
of_25,opt_11,opt_3,30,free
of_25,opt_11,opt_3,31,free
of_25,opt_11,opt_3,32,free
of_25,opt_11,opt_3,33,free
of_25,opt_11,opt_3,34,free
of_25,opt_11,opt_3,35,free
of_25,opt_11,opt_3,36,free
of_25,opt_11,opt_3,37,free
of_25,opt_11,opt_3,38,free
of_25,opt_11,opt_3,39,free
of_25,opt_11,opt_3,40,free
of_25,opt_11,opt_3,41,free
of_25,opt_11,opt_3,42,free
of_25,opt_11,opt_3,43,free
of_25,opt_11,opt_3,44,free
of_25,opt_11,opt_3,45,free
of_25,opt_11,opt_3,46,free
of_25,opt_11,opt_3,47,free
of_25,opt_11,opt_3,48,free
of_25,opt_11,opt_3,49,free
of_25,opt_11,opt_3,50,free
of_25,opt_11,opt_3,51,free
of_25,opt_11,opt_3,52,free
of_25,opt_11,opt_3,53,free
of_25,opt_11,opt_3,54,free
of_25,opt_11,opt_3,55,free
of_25,opt_11,opt_3,56,free
of_25,opt_11,opt_3,57,free
of_25,opt_11,opt_3,58,free
of_25,opt_11,opt_3,59,free
of_25,opt_11,opt_3,60,free
of_25,opt_11,opt_3,61,free
of_25,opt_11,opt_3,62,free
of_25,opt_11,opt_3,63,free
of_25,opt_11,opt_3,64,free
of_25,opt_11,opt_3,65,free
of_25,opt_11,opt_3,66,free
of_25,opt_11,opt_3,67,free
of_25,opt_11,opt_3,68,free
of_25,opt_11,opt_3,69,free
of_25,opt_11,opt_3,70,free
of_25,opt_11,opt_3,71,free
of_25,opt_11,opt_3,72,free
of_25,opt_11,opt_3,73,free
of_25,opt_11,opt_3,74,free
of_25,opt_11,opt_3,75,free
of_25,opt_11,opt_3,76,free
of_25,opt_11,opt_3,77,free
of_25,opt_11,opt_3,78,free
of_25,opt_11,opt_3,79,free
of_25,opt_11,opt_3,80,free
of_25,opt_11,opt_3,81,free
of_25,opt_11,opt_3,82,free
of_25,opt_11,opt_3,83,free
of_25,opt_11,opt_3,84,free
of_25,opt_11,opt_3,85,free
of_25,opt_11,opt_3,86,free
of_25,opt_11,opt_3,87,free
of_25,opt_11,opt_3,88,free
of_25,opt_11,opt_3,89,free
of_25,opt_11,opt_3,90,free
of_25,opt_11,opt_3,91,free
of_25,opt_11,opt_3,92,free
of_25,opt_11,opt_3,93,free
of_25,opt_11,opt_3,94,free
of_25,opt_11,opt_3,95,free
of_25,opt_11,opt_3,96,free
of_25,opt_11,opt_3,97,free
of_25,opt_11,opt_3,98,free
of_25,opt_11,opt_3,99,free
of_26,opt_11,opt_7,0,free
of_26,opt_11,opt_7,1,free
of_26,opt_11,opt_7,2,free
of_26,opt_11,opt_7,3,free
of_26,opt_11,opt_7,4,free
of_26,opt_11,opt_7,5,free
of_26,opt_11,opt_7,6,free
of_26,opt_11,opt_7,7,free
of_26,opt_11,opt_7,8,free
of_26,opt_11,opt_7,9,free
of_26,opt_11,opt_7,10,free
of_26,opt_11,opt_7,11,free
of_26,opt_11,opt_7,12,free
of_26,opt_11,opt_7,13,free
of_26,opt_11,opt_7,14,free
of_26,opt_11,opt_7,15,free
of_26,opt_11,opt_7,16,free
of_26,opt_11,opt_7,17,free
of_26,opt_11,opt_7,18,free
of_26,opt_11,opt_7,19,free
of_26,opt_11,opt_7,20,free
of_26,opt_11,opt_7,21,free
of_26,opt_11,opt_7,22,free
of_26,opt_11,opt_7,23,free
of_26,opt_11,opt_7,24,free
of_26,opt_11,opt_7,25,free
of_26,opt_11,opt_7,26,free
of_26,opt_11,opt_7,27,free
of_26,opt_11,opt_7,28,free
of_26,opt_11,opt_7,29,free
of_26,opt_11,opt_7,30,free
of_26,opt_11,opt_7,31,free
of_26,opt_11,opt_7,32,free
of_26,opt_11,opt_7,33,free
of_26,opt_11,opt_7,34,free
of_26,opt_11,opt_7,35,free
of_26,opt_11,opt_7,36,free
of_26,opt_11,opt_7,37,free
of_26,opt_11,opt_7,38,free
of_26,opt_11,opt_7,39,free
of_26,opt_11,opt_7,40,free
of_26,opt_11,opt_7,41,free
of_26,opt_11,opt_7,42,free
of_26,opt_11,opt_7,43,free
of_26,opt_11,opt_7,44,free
of_26,opt_11,opt_7,45,free
of_26,opt_11,opt_7,46,free
of_26,opt_11,opt_7,47,free
of_26,opt_11,opt_7,48,free
of_26,opt_11,opt_7,49,free
of_26,opt_11,opt_7,50,free
of_26,opt_11,opt_7,51,free
of_26,opt_11,opt_7,52,free
of_26,opt_11,opt_7,53,free
of_26,opt_11,opt_7,54,free
of_26,opt_11,opt_7,55,free
of_26,opt_11,opt_7,56,free
of_26,opt_11,opt_7,57,free
of_26,opt_11,opt_7,58,free
of_26,opt_11,opt_7,59,free
of_26,opt_11,opt_7,60,free
of_26,opt_11,opt_7,61,free
of_26,opt_11,opt_7,62,free
of_26,opt_11,opt_7,63,free
of_26,opt_11,opt_7,64,free
of_26,opt_11,opt_7,65,free
of_26,opt_11,opt_7,66,free
of_26,opt_11,opt_7,67,free
of_26,opt_11,opt_7,68,free
of_26,opt_11,opt_7,69,free
of_26,opt_11,opt_7,70,free
of_26,opt_11,opt_7,71,free
of_26,opt_11,opt_7,72,free
of_26,opt_11,opt_7,73,free
of_26,opt_11,opt_7,74,free
of_26,opt_11,opt_7,75,free
of_26,opt_11,opt_7,76,free
of_26,opt_11,opt_7,77,free
of_26,opt_11,opt_7,78,free
of_26,opt_11,opt_7,79,free
of_26,opt_11,opt_7,80,free
of_26,opt_11,opt_7,81,free
of_26,opt_11,opt_7,82,free
of_26,opt_11,opt_7,83,free
of_26,opt_11,opt_7,84,free
of_26,opt_11,opt_7,85,free
of_26,opt_11,opt_7,86,free
of_26,opt_11,opt_7,87,free
of_26,opt_11,opt_7,88,free
of_26,opt_11,opt_7,89,free
of_26,opt_11,opt_7,90,free
of_26,opt_11,opt_7,91,free
of_26,opt_11,opt_7,92,free
of_26,opt_11,opt_7,93,free
of_26,opt_11,opt_7,94,free
of_26,opt_11,opt_7,95,free
of_26,opt_11,opt_7,96,free
of_26,opt_11,opt_7,97,free
of_26,opt_11,opt_7,98,free
of_26,opt_11,opt_7,99,free
of_27,opt_12,opt_13,0,free
of_27,opt_12,opt_13,1,free
of_27,opt_12,opt_13,2,free
of_27,opt_12,opt_13,3,free
of_27,opt_12,opt_13,4,free
of_27,opt_12,opt_13,5,free
of_27,opt_12,opt_13,6,free
of_27,opt_12,opt_13,7,free
of_27,opt_12,opt_13,8,free
of_27,opt_12,opt_13,9,free
of_27,opt_12,opt_13,10,free
of_27,opt_12,opt_13,11,free
of_27,opt_12,opt_13,12,free
of_27,opt_12,opt_13,13,free
of_27,opt_12,opt_13,14,free
of_27,opt_12,opt_13,15,free
of_27,opt_12,opt_13,16,free
of_27,opt_12,opt_13,17,free
of_27,opt_12,opt_13,18,free
of_27,opt_12,opt_13,19,free
of_27,opt_12,opt_13,20,free
of_27,opt_12,opt_13,21,free
of_27,opt_12,opt_13,22,free
of_27,opt_12,opt_13,23,free
of_27,opt_12,opt_13,24,free
of_27,opt_12,opt_13,25,free
of_27,opt_12,opt_13,26,free
of_27,opt_12,opt_13,27,free
of_27,opt_12,opt_13,28,free
of_27,opt_12,opt_13,29,free
of_27,opt_12,opt_13,30,free
of_27,opt_12,opt_13,31,free
of_27,opt_12,opt_13,32,free
of_27,opt_12,opt_13,33,free
of_27,opt_12,opt_13,34,free
of_27,opt_12,opt_13,35,free
of_27,opt_12,opt_13,36,free
of_27,opt_12,opt_13,37,free
of_27,opt_12,opt_13,38,free
of_27,opt_12,opt_13,39,free
of_27,opt_12,opt_13,40,free
of_27,opt_12,opt_13,41,free
of_27,opt_12,opt_13,42,free
of_27,opt_12,opt_13,43,free
of_27,opt_12,opt_13,44,free
of_27,opt_12,opt_13,45,free
of_27,opt_12,opt_13,46,free
of_27,opt_12,opt_13,47,free
of_27,opt_12,opt_13,48,free
of_27,opt_12,opt_13,49,free
of_27,opt_12,opt_13,50,free
of_27,opt_12,opt_13,51,free
of_27,opt_12,opt_13,52,free
of_27,opt_12,opt_13,53,free
of_27,opt_12,opt_13,54,free
of_27,opt_12,opt_13,55,free
of_27,opt_12,opt_13,56,free
of_27,opt_12,opt_13,57,free
of_27,opt_12,opt_13,58,free
of_27,opt_12,opt_13,59,free
of_27,opt_12,opt_13,60,free
of_27,opt_12,opt_13,61,free
of_27,opt_12,opt_13,62,free
of_27,opt_12,opt_13,63,free
of_27,opt_12,opt_13,64,free
of_27,opt_12,opt_13,65,free
of_27,opt_12,opt_13,66,free
of_27,opt_12,opt_13,67,free
of_27,opt_12,opt_13,68,free
of_27,opt_12,opt_13,69,free
of_27,opt_12,opt_13,70,free
of_27,opt_12,opt_13,71,free
of_27,opt_12,opt_13,72,free
of_27,opt_12,opt_13,73,free
of_27,opt_12,opt_13,74,free
of_27,opt_12,opt_13,75,free
of_27,opt_12,opt_13,76,free
of_27,opt_12,opt_13,77,free
of_27,opt_12,opt_13,78,free
of_27,opt_12,opt_13,79,free
of_27,opt_12,opt_13,80,free
of_27,opt_12,opt_13,81,free
of_27,opt_12,opt_13,82,free
of_27,opt_12,opt_13,83,free
of_27,opt_12,opt_13,84,free
of_27,opt_12,opt_13,85,free
of_27,opt_12,opt_13,86,free
of_27,opt_12,opt_13,87,free
of_27,opt_12,opt_13,88,free
of_27,opt_12,opt_13,89,free
of_27,opt_12,opt_13,90,free
of_27,opt_12,opt_13,91,free
of_27,opt_12,opt_13,92,free
of_27,opt_12,opt_13,93,free
of_27,opt_12,opt_13,94,free
of_27,opt_12,opt_13,95,free
of_27,opt_12,opt_13,96,free
of_27,opt_12,opt_13,97,free
of_27,opt_12,opt_13,98,free
of_27,opt_12,opt_13,99,free
of_28,opt_12,opt_16,0,free
of_28,opt_12,opt_16,1,free
of_28,opt_12,opt_16,2,free
of_28,opt_12,opt_16,3,free
of_28,opt_12,opt_16,4,free
of_28,opt_12,opt_16,5,free
of_28,opt_12,opt_16,6,free
of_28,opt_12,opt_16,7,free
of_28,opt_12,opt_16,8,free
of_28,opt_12,opt_16,9,free
of_28,opt_12,opt_16,10,free
of_28,opt_12,opt_16,11,free
of_28,opt_12,opt_16,12,free
of_28,opt_12,opt_16,13,free
of_28,opt_12,opt_16,14,free
of_28,opt_12,opt_16,15,free
of_28,opt_12,opt_16,16,free
of_28,opt_12,opt_16,17,free
of_28,opt_12,opt_16,18,free
of_28,opt_12,opt_16,19,free
of_28,opt_12,opt_16,20,free
of_28,opt_12,opt_16,21,free
of_28,opt_12,opt_16,22,free
of_28,opt_12,opt_16,23,free
of_28,opt_12,opt_16,24,free
of_28,opt_12,opt_16,25,free
of_28,opt_12,opt_16,26,free
of_28,opt_12,opt_16,27,free
of_28,opt_12,opt_16,28,free
of_28,opt_12,opt_16,29,free
of_28,opt_12,opt_16,30,free
of_28,opt_12,opt_16,31,free
of_28,opt_12,opt_16,32,free
of_28,opt_12,opt_16,33,free
of_28,opt_12,opt_16,34,free
of_28,opt_12,opt_16,35,free
of_28,opt_12,opt_16,36,free
of_28,opt_12,opt_16,37,free
of_28,opt_12,opt_16,38,free
of_28,opt_12,opt_16,39,free
of_28,opt_12,opt_16,40,free
of_28,opt_12,opt_16,41,free
of_28,opt_12,opt_16,42,free
of_28,opt_12,opt_16,43,free
of_28,opt_12,opt_16,44,free
of_28,opt_12,opt_16,45,free
of_28,opt_12,opt_16,46,free
of_28,opt_12,opt_16,47,free
of_28,opt_12,opt_16,48,free
of_28,opt_12,opt_16,49,free
of_28,opt_12,opt_16,50,free
of_28,opt_12,opt_16,51,free
of_28,opt_12,opt_16,52,free
of_28,opt_12,opt_16,53,free
of_28,opt_12,opt_16,54,free
of_28,opt_12,opt_16,55,free
of_28,opt_12,opt_16,56,free
of_28,opt_12,opt_16,57,free
of_28,opt_12,opt_16,58,free
of_28,opt_12,opt_16,59,free
of_28,opt_12,opt_16,60,free
of_28,opt_12,opt_16,61,free
of_28,opt_12,opt_16,62,free
of_28,opt_12,opt_16,63,free
of_28,opt_12,opt_16,64,free
of_28,opt_12,opt_16,65,free
of_28,opt_12,opt_16,66,free
of_28,opt_12,opt_16,67,free
of_28,opt_12,opt_16,68,free
of_28,opt_12,opt_16,69,free
of_28,opt_12,opt_16,70,free
of_28,opt_12,opt_16,71,free
of_28,opt_12,opt_16,72,free
of_28,opt_12,opt_16,73,free
of_28,opt_12,opt_16,74,free
of_28,opt_12,opt_16,75,free
of_28,opt_12,opt_16,76,free
of_28,opt_12,opt_16,77,free
of_28,opt_12,opt_16,78,free
of_28,opt_12,opt_16,79,free
of_28,opt_12,opt_16,80,free
of_28,opt_12,opt_16,81,free
of_28,opt_12,opt_16,82,free
of_28,opt_12,opt_16,83,free
of_28,opt_12,opt_16,84,free
of_28,opt_12,opt_16,85,free
of_28,opt_12,opt_16,86,free
of_28,opt_12,opt_16,87,free
of_28,opt_12,opt_16,88,free
of_28,opt_12,opt_16,89,free
of_28,opt_12,opt_16,90,free
of_28,opt_12,opt_16,91,free
of_28,opt_12,opt_16,92,free
of_28,opt_12,opt_16,93,free
of_28,opt_12,opt_16,94,free
of_28,opt_12,opt_16,95,free
of_28,opt_12,opt_16,96,free
of_28,opt_12,opt_16,97,free
of_28,opt_12,opt_16,98,free
of_28,opt_12,opt_16,99,free
of_29,opt_12,opt_19,0,free
of_29,opt_12,opt_19,1,free
of_29,opt_12,opt_19,2,free
of_29,opt_12,opt_19,3,free
of_29,opt_12,opt_19,4,free
of_29,opt_12,opt_19,5,free
of_29,opt_12,opt_19,6,free
of_29,opt_12,opt_19,7,free
of_29,opt_12,opt_19,8,free
of_29,opt_12,opt_19,9,free
of_29,opt_12,opt_19,10,free
of_29,opt_12,opt_19,11,free
of_29,opt_12,opt_19,12,free
of_29,opt_12,opt_19,13,free
of_29,opt_12,opt_19,14,free
of_29,opt_12,opt_19,15,free
of_29,opt_12,opt_19,16,free
of_29,opt_12,opt_19,17,free
of_29,opt_12,opt_19,18,free
of_29,opt_12,opt_19,19,free
of_29,opt_12,opt_19,20,free
of_29,opt_12,opt_19,21,free
of_29,opt_12,opt_19,22,free
of_29,opt_12,opt_19,23,free
of_29,opt_12,opt_19,24,free
of_29,opt_12,opt_19,25,free
of_29,opt_12,opt_19,26,free
of_29,opt_12,opt_19,27,free
of_29,opt_12,opt_19,28,free
of_29,opt_12,opt_19,29,free
of_29,opt_12,opt_19,30,free
of_29,opt_12,opt_19,31,free
of_29,opt_12,opt_19,32,free
of_29,opt_12,opt_19,33,free
of_29,opt_12,opt_19,34,free
of_29,opt_12,opt_19,35,free
of_29,opt_12,opt_19,36,free
of_29,opt_12,opt_19,37,free
of_29,opt_12,opt_19,38,free
of_29,opt_12,opt_19,39,free
of_29,opt_12,opt_19,40,free
of_29,opt_12,opt_19,41,free
of_29,opt_12,opt_19,42,free
of_29,opt_12,opt_19,43,free
of_29,opt_12,opt_19,44,free
of_29,opt_12,opt_19,45,free
of_29,opt_12,opt_19,46,free
of_29,opt_12,opt_19,47,free
of_29,opt_12,opt_19,48,free
of_29,opt_12,opt_19,49,free
of_29,opt_12,opt_19,50,free
of_29,opt_12,opt_19,51,free
of_29,opt_12,opt_19,52,free
of_29,opt_12,opt_19,53,free
of_29,opt_12,opt_19,54,free
of_29,opt_12,opt_19,55,free
of_29,opt_12,opt_19,56,free
of_29,opt_12,opt_19,57,free
of_29,opt_12,opt_19,58,free
of_29,opt_12,opt_19,59,free
of_29,opt_12,opt_19,60,free
of_29,opt_12,opt_19,61,free
of_29,opt_12,opt_19,62,free
of_29,opt_12,opt_19,63,free
of_29,opt_12,opt_19,64,free
of_29,opt_12,opt_19,65,free
of_29,opt_12,opt_19,66,free
of_29,opt_12,opt_19,67,free
of_29,opt_12,opt_19,68,free
of_29,opt_12,opt_19,69,free
of_29,opt_12,opt_19,70,free
of_29,opt_12,opt_19,71,free
of_29,opt_12,opt_19,72,free
of_29,opt_12,opt_19,73,free
of_29,opt_12,opt_19,74,free
of_29,opt_12,opt_19,75,free
of_29,opt_12,opt_19,76,free
of_29,opt_12,opt_19,77,free
of_29,opt_12,opt_19,78,free
of_29,opt_12,opt_19,79,free
of_29,opt_12,opt_19,80,free
of_29,opt_12,opt_19,81,free
of_29,opt_12,opt_19,82,free
of_29,opt_12,opt_19,83,free
of_29,opt_12,opt_19,84,free
of_29,opt_12,opt_19,85,free
of_29,opt_12,opt_19,86,free
of_29,opt_12,opt_19,87,free
of_29,opt_12,opt_19,88,free
of_29,opt_12,opt_19,89,free
of_29,opt_12,opt_19,90,free
of_29,opt_12,opt_19,91,free
of_29,opt_12,opt_19,92,free
of_29,opt_12,opt_19,93,free
of_29,opt_12,opt_19,94,free
of_29,opt_12,opt_19,95,free
of_29,opt_12,opt_19,96,free
of_29,opt_12,opt_19,97,free
of_29,opt_12,opt_19,98,free
of_29,opt_12,opt_19,99,free
of_30,opt_12,opt_2,0,free
of_30,opt_12,opt_2,1,free
of_30,opt_12,opt_2,2,free
of_30,opt_12,opt_2,3,free
of_30,opt_12,opt_2,4,free
of_30,opt_12,opt_2,5,free
of_30,opt_12,opt_2,6,free
of_30,opt_12,opt_2,7,free
of_30,opt_12,opt_2,8,free
of_30,opt_12,opt_2,9,free
of_30,opt_12,opt_2,10,free
of_30,opt_12,opt_2,11,free
of_30,opt_12,opt_2,12,free
of_30,opt_12,opt_2,13,free
of_30,opt_12,opt_2,14,free
of_30,opt_12,opt_2,15,free
of_30,opt_12,opt_2,16,free
of_30,opt_12,opt_2,17,free
of_30,opt_12,opt_2,18,free
of_30,opt_12,opt_2,19,free
of_30,opt_12,opt_2,20,free
of_30,opt_12,opt_2,21,free
of_30,opt_12,opt_2,22,free
of_30,opt_12,opt_2,23,free
of_30,opt_12,opt_2,24,free
of_30,opt_12,opt_2,25,free
of_30,opt_12,opt_2,26,free
of_30,opt_12,opt_2,27,free
of_30,opt_12,opt_2,28,free
of_30,opt_12,opt_2,29,free
of_30,opt_12,opt_2,30,free
of_30,opt_12,opt_2,31,free
of_30,opt_12,opt_2,32,free
of_30,opt_12,opt_2,33,free
of_30,opt_12,opt_2,34,free
of_30,opt_12,opt_2,35,free
of_30,opt_12,opt_2,36,free
of_30,opt_12,opt_2,37,free
of_30,opt_12,opt_2,38,free
of_30,opt_12,opt_2,39,free
of_30,opt_12,opt_2,40,free
of_30,opt_12,opt_2,41,free
of_30,opt_12,opt_2,42,free
of_30,opt_12,opt_2,43,free
of_30,opt_12,opt_2,44,free
of_30,opt_12,opt_2,45,free
of_30,opt_12,opt_2,46,free
of_30,opt_12,opt_2,47,free
of_30,opt_12,opt_2,48,free
of_30,opt_12,opt_2,49,free
of_30,opt_12,opt_2,50,free
of_30,opt_12,opt_2,51,free
of_30,opt_12,opt_2,52,free
of_30,opt_12,opt_2,53,free
of_30,opt_12,opt_2,54,free
of_30,opt_12,opt_2,55,free
of_30,opt_12,opt_2,56,free
of_30,opt_12,opt_2,57,free
of_30,opt_12,opt_2,58,free
of_30,opt_12,opt_2,59,free
of_30,opt_12,opt_2,60,free
of_30,opt_12,opt_2,61,free
of_30,opt_12,opt_2,62,free
of_30,opt_12,opt_2,63,free
of_30,opt_12,opt_2,64,free
of_30,opt_12,opt_2,65,free
of_30,opt_12,opt_2,66,free
of_30,opt_12,opt_2,67,free
of_30,opt_12,opt_2,68,free
of_30,opt_12,opt_2,69,free
of_30,opt_12,opt_2,70,free
of_30,opt_12,opt_2,71,free
of_30,opt_12,opt_2,72,free
of_30,opt_12,opt_2,73,free
of_30,opt_12,opt_2,74,free
of_30,opt_12,opt_2,75,free
of_30,opt_12,opt_2,76,free
of_30,opt_12,opt_2,77,free
of_30,opt_12,opt_2,78,free
of_30,opt_12,opt_2,79,free
of_30,opt_12,opt_2,80,free
of_30,opt_12,opt_2,81,free
of_30,opt_12,opt_2,82,free
of_30,opt_12,opt_2,83,free
of_30,opt_12,opt_2,84,free
of_30,opt_12,opt_2,85,free
of_30,opt_12,opt_2,86,free
of_30,opt_12,opt_2,87,free
of_30,opt_12,opt_2,88,free
of_30,opt_12,opt_2,89,free
of_30,opt_12,opt_2,90,free
of_30,opt_12,opt_2,91,free
of_30,opt_12,opt_2,92,free
of_30,opt_12,opt_2,93,free
of_30,opt_12,opt_2,94,free
of_30,opt_12,opt_2,95,free
of_30,opt_12,opt_2,96,free
of_30,opt_12,opt_2,97,free
of_30,opt_12,opt_2,98,free
of_30,opt_12,opt_2,99,free
of_31,opt_12,opt_21,0,free
of_31,opt_12,opt_21,1,free
of_31,opt_12,opt_21,2,free
of_31,opt_12,opt_21,3,free
of_31,opt_12,opt_21,4,free
of_31,opt_12,opt_21,5,free
of_31,opt_12,opt_21,6,free
of_31,opt_12,opt_21,7,free
of_31,opt_12,opt_21,8,free
of_31,opt_12,opt_21,9,free
of_31,opt_12,opt_21,10,free
of_31,opt_12,opt_21,11,free
of_31,opt_12,opt_21,12,free
of_31,opt_12,opt_21,13,free
of_31,opt_12,opt_21,14,free
of_31,opt_12,opt_21,15,free
of_31,opt_12,opt_21,16,free
of_31,opt_12,opt_21,17,free
of_31,opt_12,opt_21,18,free
of_31,opt_12,opt_21,19,free
of_31,opt_12,opt_21,20,free
of_31,opt_12,opt_21,21,free
of_31,opt_12,opt_21,22,free
of_31,opt_12,opt_21,23,free
of_31,opt_12,opt_21,24,free
of_31,opt_12,opt_21,25,free
of_31,opt_12,opt_21,26,free
of_31,opt_12,opt_21,27,free
of_31,opt_12,opt_21,28,free
of_31,opt_12,opt_21,29,free
of_31,opt_12,opt_21,30,free
of_31,opt_12,opt_21,31,free
of_31,opt_12,opt_21,32,free
of_31,opt_12,opt_21,33,free
of_31,opt_12,opt_21,34,free
of_31,opt_12,opt_21,35,free
of_31,opt_12,opt_21,36,free
of_31,opt_12,opt_21,37,free
of_31,opt_12,opt_21,38,free
of_31,opt_12,opt_21,39,free
of_31,opt_12,opt_21,40,free
of_31,opt_12,opt_21,41,free
of_31,opt_12,opt_21,42,free
of_31,opt_12,opt_21,43,free
of_31,opt_12,opt_21,44,free
of_31,opt_12,opt_21,45,free
of_31,opt_12,opt_21,46,free
of_31,opt_12,opt_21,47,free
of_31,opt_12,opt_21,48,free
of_31,opt_12,opt_21,49,free
of_31,opt_12,opt_21,50,free
of_31,opt_12,opt_21,51,free
of_31,opt_12,opt_21,52,free
of_31,opt_12,opt_21,53,free
of_31,opt_12,opt_21,54,free
of_31,opt_12,opt_21,55,free
of_31,opt_12,opt_21,56,free
of_31,opt_12,opt_21,57,free
of_31,opt_12,opt_21,58,free
of_31,opt_12,opt_21,59,free
of_31,opt_12,opt_21,60,free
of_31,opt_12,opt_21,61,free
of_31,opt_12,opt_21,62,free
of_31,opt_12,opt_21,63,free
of_31,opt_12,opt_21,64,free
of_31,opt_12,opt_21,65,free
of_31,opt_12,opt_21,66,free
of_31,opt_12,opt_21,67,free
of_31,opt_12,opt_21,68,free
of_31,opt_12,opt_21,69,free
of_31,opt_12,opt_21,70,free
of_31,opt_12,opt_21,71,free
of_31,opt_12,opt_21,72,free
of_31,opt_12,opt_21,73,free
of_31,opt_12,opt_21,74,free
of_31,opt_12,opt_21,75,free
of_31,opt_12,opt_21,76,free
of_31,opt_12,opt_21,77,free
of_31,opt_12,opt_21,78,free
of_31,opt_12,opt_21,79,free
of_31,opt_12,opt_21,80,free
of_31,opt_12,opt_21,81,free
of_31,opt_12,opt_21,82,free
of_31,opt_12,opt_21,83,free
of_31,opt_12,opt_21,84,free
of_31,opt_12,opt_21,85,free
of_31,opt_12,opt_21,86,free
of_31,opt_12,opt_21,87,free
of_31,opt_12,opt_21,88,free
of_31,opt_12,opt_21,89,free
of_31,opt_12,opt_21,90,free
of_31,opt_12,opt_21,91,free
of_31,opt_12,opt_21,92,free
of_31,opt_12,opt_21,93,free
of_31,opt_12,opt_21,94,free
of_31,opt_12,opt_21,95,free
of_31,opt_12,opt_21,96,free
of_31,opt_12,opt_21,97,free
of_31,opt_12,opt_21,98,free
of_31,opt_12,opt_21,99,free
of_32,opt_12,opt_22,0,free
of_32,opt_12,opt_22,1,free
of_32,opt_12,opt_22,2,free
of_32,opt_12,opt_22,3,free
of_32,opt_12,opt_22,4,free
of_32,opt_12,opt_22,5,free
of_32,opt_12,opt_22,6,free
of_32,opt_12,opt_22,7,free
of_32,opt_12,opt_22,8,free
of_32,opt_12,opt_22,9,free
of_32,opt_12,opt_22,10,free
of_32,opt_12,opt_22,11,free
of_32,opt_12,opt_22,12,free
of_32,opt_12,opt_22,13,free
of_32,opt_12,opt_22,14,free
of_32,opt_12,opt_22,15,free
of_32,opt_12,opt_22,16,free
of_32,opt_12,opt_22,17,free
of_32,opt_12,opt_22,18,free
of_32,opt_12,opt_22,19,free
of_32,opt_12,opt_22,20,free
of_32,opt_12,opt_22,21,free
of_32,opt_12,opt_22,22,free
of_32,opt_12,opt_22,23,free
of_32,opt_12,opt_22,24,free
of_32,opt_12,opt_22,25,free
of_32,opt_12,opt_22,26,free
of_32,opt_12,opt_22,27,free
of_32,opt_12,opt_22,28,free
of_32,opt_12,opt_22,29,free
of_32,opt_12,opt_22,30,free
of_32,opt_12,opt_22,31,free
of_32,opt_12,opt_22,32,free
of_32,opt_12,opt_22,33,free
of_32,opt_12,opt_22,34,free
of_32,opt_12,opt_22,35,free
of_32,opt_12,opt_22,36,free
of_32,opt_12,opt_22,37,free
of_32,opt_12,opt_22,38,free
of_32,opt_12,opt_22,39,free
of_32,opt_12,opt_22,40,free
of_32,opt_12,opt_22,41,free
of_32,opt_12,opt_22,42,free
of_32,opt_12,opt_22,43,free
of_32,opt_12,opt_22,44,free
of_32,opt_12,opt_22,45,free
of_32,opt_12,opt_22,46,free
of_32,opt_12,opt_22,47,free
of_32,opt_12,opt_22,48,free
of_32,opt_12,opt_22,49,free
of_32,opt_12,opt_22,50,free
of_32,opt_12,opt_22,51,free
of_32,opt_12,opt_22,52,free
of_32,opt_12,opt_22,53,free
of_32,opt_12,opt_22,54,free
of_32,opt_12,opt_22,55,free
of_32,opt_12,opt_22,56,free
of_32,opt_12,opt_22,57,free
of_32,opt_12,opt_22,58,free
of_32,opt_12,opt_22,59,free
of_32,opt_12,opt_22,60,free
of_32,opt_12,opt_22,61,free
of_32,opt_12,opt_22,62,free
of_32,opt_12,opt_22,63,free
of_32,opt_12,opt_22,64,free
of_32,opt_12,opt_22,65,free
of_32,opt_12,opt_22,66,free
of_32,opt_12,opt_22,67,free
of_32,opt_12,opt_22,68,free
of_32,opt_12,opt_22,69,free
of_32,opt_12,opt_22,70,free
of_32,opt_12,opt_22,71,free
of_32,opt_12,opt_22,72,free
of_32,opt_12,opt_22,73,free
of_32,opt_12,opt_22,74,free
of_32,opt_12,opt_22,75,free
of_32,opt_12,opt_22,76,free
of_32,opt_12,opt_22,77,free
of_32,opt_12,opt_22,78,free
of_32,opt_12,opt_22,79,free
of_32,opt_12,opt_22,80,free
of_32,opt_12,opt_22,81,free
of_32,opt_12,opt_22,82,free
of_32,opt_12,opt_22,83,free
of_32,opt_12,opt_22,84,free
of_32,opt_12,opt_22,85,free
of_32,opt_12,opt_22,86,free
of_32,opt_12,opt_22,87,free
of_32,opt_12,opt_22,88,free
of_32,opt_12,opt_22,89,free
of_32,opt_12,opt_22,90,free
of_32,opt_12,opt_22,91,free
of_32,opt_12,opt_22,92,free
of_32,opt_12,opt_22,93,free
of_32,opt_12,opt_22,94,free
of_32,opt_12,opt_22,95,free
of_32,opt_12,opt_22,96,free
of_32,opt_12,opt_22,97,free
of_32,opt_12,opt_22,98,free
of_32,opt_12,opt_22,99,free
of_33,opt_12,opt_23,0,free
of_33,opt_12,opt_23,1,free
of_33,opt_12,opt_23,2,free
of_33,opt_12,opt_23,3,free
of_33,opt_12,opt_23,4,free
of_33,opt_12,opt_23,5,free
of_33,opt_12,opt_23,6,free
of_33,opt_12,opt_23,7,free
of_33,opt_12,opt_23,8,free
of_33,opt_12,opt_23,9,free
of_33,opt_12,opt_23,10,free
of_33,opt_12,opt_23,11,free
of_33,opt_12,opt_23,12,free
of_33,opt_12,opt_23,13,free
of_33,opt_12,opt_23,14,free
of_33,opt_12,opt_23,15,free
of_33,opt_12,opt_23,16,free
of_33,opt_12,opt_23,17,free
of_33,opt_12,opt_23,18,free
of_33,opt_12,opt_23,19,free
of_33,opt_12,opt_23,20,free
of_33,opt_12,opt_23,21,free
of_33,opt_12,opt_23,22,free
of_33,opt_12,opt_23,23,free
of_33,opt_12,opt_23,24,free
of_33,opt_12,opt_23,25,free
of_33,opt_12,opt_23,26,free
of_33,opt_12,opt_23,27,free
of_33,opt_12,opt_23,28,free
of_33,opt_12,opt_23,29,free
of_33,opt_12,opt_23,30,free
of_33,opt_12,opt_23,31,free
of_33,opt_12,opt_23,32,free
of_33,opt_12,opt_23,33,free
of_33,opt_12,opt_23,34,free
of_33,opt_12,opt_23,35,free
of_33,opt_12,opt_23,36,free
of_33,opt_12,opt_23,37,free
of_33,opt_12,opt_23,38,free
of_33,opt_12,opt_23,39,free
of_33,opt_12,opt_23,40,free
of_33,opt_12,opt_23,41,free
of_33,opt_12,opt_23,42,free
of_33,opt_12,opt_23,43,free
of_33,opt_12,opt_23,44,free
of_33,opt_12,opt_23,45,free
of_33,opt_12,opt_23,46,free
of_33,opt_12,opt_23,47,free
of_33,opt_12,opt_23,48,free
of_33,opt_12,opt_23,49,free
of_33,opt_12,opt_23,50,free
of_33,opt_12,opt_23,51,free
of_33,opt_12,opt_23,52,free
of_33,opt_12,opt_23,53,free
of_33,opt_12,opt_23,54,free
of_33,opt_12,opt_23,55,free
of_33,opt_12,opt_23,56,free
of_33,opt_12,opt_23,57,free
of_33,opt_12,opt_23,58,free
of_33,opt_12,opt_23,59,free
of_33,opt_12,opt_23,60,free
of_33,opt_12,opt_23,61,free
of_33,opt_12,opt_23,62,free
of_33,opt_12,opt_23,63,free
of_33,opt_12,opt_23,64,free
of_33,opt_12,opt_23,65,free
of_33,opt_12,opt_23,66,free
of_33,opt_12,opt_23,67,free
of_33,opt_12,opt_23,68,free
of_33,opt_12,opt_23,69,free
of_33,opt_12,opt_23,70,free
of_33,opt_12,opt_23,71,free
of_33,opt_12,opt_23,72,free
of_33,opt_12,opt_23,73,free
of_33,opt_12,opt_23,74,free
of_33,opt_12,opt_23,75,free
of_33,opt_12,opt_23,76,free
of_33,opt_12,opt_23,77,free
of_33,opt_12,opt_23,78,free
of_33,opt_12,opt_23,79,free
of_33,opt_12,opt_23,80,free
of_33,opt_12,opt_23,81,free
of_33,opt_12,opt_23,82,free
of_33,opt_12,opt_23,83,free
of_33,opt_12,opt_23,84,free
of_33,opt_12,opt_23,85,free
of_33,opt_12,opt_23,86,free
of_33,opt_12,opt_23,87,free
of_33,opt_12,opt_23,88,free
of_33,opt_12,opt_23,89,free
of_33,opt_12,opt_23,90,free
of_33,opt_12,opt_23,91,free
of_33,opt_12,opt_23,92,free
of_33,opt_12,opt_23,93,free
of_33,opt_12,opt_23,94,free
of_33,opt_12,opt_23,95,free
of_33,opt_12,opt_23,96,free
of_33,opt_12,opt_23,97,free
of_33,opt_12,opt_23,98,free
of_33,opt_12,opt_23,99,free
of_34,opt_12,opt_26,0,free
of_34,opt_12,opt_26,1,free
of_34,opt_12,opt_26,2,free
of_34,opt_12,opt_26,3,free
of_34,opt_12,opt_26,4,free
of_34,opt_12,opt_26,5,free
of_34,opt_12,opt_26,6,free
of_34,opt_12,opt_26,7,free
of_34,opt_12,opt_26,8,free
of_34,opt_12,opt_26,9,free
of_34,opt_12,opt_26,10,free
of_34,opt_12,opt_26,11,free
of_34,opt_12,opt_26,12,free
of_34,opt_12,opt_26,13,free
of_34,opt_12,opt_26,14,free
of_34,opt_12,opt_26,15,free
of_34,opt_12,opt_26,16,free
of_34,opt_12,opt_26,17,free
of_34,opt_12,opt_26,18,free
of_34,opt_12,opt_26,19,free
of_34,opt_12,opt_26,20,free
of_34,opt_12,opt_26,21,free
of_34,opt_12,opt_26,22,free
of_34,opt_12,opt_26,23,free
of_34,opt_12,opt_26,24,free
of_34,opt_12,opt_26,25,free
of_34,opt_12,opt_26,26,free
of_34,opt_12,opt_26,27,free
of_34,opt_12,opt_26,28,free
of_34,opt_12,opt_26,29,free
of_34,opt_12,opt_26,30,free
of_34,opt_12,opt_26,31,free
of_34,opt_12,opt_26,32,free
of_34,opt_12,opt_26,33,free
of_34,opt_12,opt_26,34,free
of_34,opt_12,opt_26,35,free
of_34,opt_12,opt_26,36,free
of_34,opt_12,opt_26,37,free
of_34,opt_12,opt_26,38,free
of_34,opt_12,opt_26,39,free
of_34,opt_12,opt_26,40,free
of_34,opt_12,opt_26,41,free
of_34,opt_12,opt_26,42,free
of_34,opt_12,opt_26,43,free
of_34,opt_12,opt_26,44,free
of_34,opt_12,opt_26,45,free
of_34,opt_12,opt_26,46,free
of_34,opt_12,opt_26,47,free
of_34,opt_12,opt_26,48,free
of_34,opt_12,opt_26,49,free
of_34,opt_12,opt_26,50,free
of_34,opt_12,opt_26,51,free
of_34,opt_12,opt_26,52,free
of_34,opt_12,opt_26,53,free
of_34,opt_12,opt_26,54,free
of_34,opt_12,opt_26,55,free
of_34,opt_12,opt_26,56,free
of_34,opt_12,opt_26,57,free
of_34,opt_12,opt_26,58,free
of_34,opt_12,opt_26,59,free
of_34,opt_12,opt_26,60,free
of_34,opt_12,opt_26,61,free
of_34,opt_12,opt_26,62,free
of_34,opt_12,opt_26,63,free
of_34,opt_12,opt_26,64,free
of_34,opt_12,opt_26,65,free
of_34,opt_12,opt_26,66,free
of_34,opt_12,opt_26,67,free
of_34,opt_12,opt_26,68,free
of_34,opt_12,opt_26,69,free
of_34,opt_12,opt_26,70,free
of_34,opt_12,opt_26,71,free
of_34,opt_12,opt_26,72,free
of_34,opt_12,opt_26,73,free
of_34,opt_12,opt_26,74,free
of_34,opt_12,opt_26,75,free
of_34,opt_12,opt_26,76,free
of_34,opt_12,opt_26,77,free
of_34,opt_12,opt_26,78,free
of_34,opt_12,opt_26,79,free
of_34,opt_12,opt_26,80,free
of_34,opt_12,opt_26,81,free
of_34,opt_12,opt_26,82,free
of_34,opt_12,opt_26,83,free
of_34,opt_12,opt_26,84,free
of_34,opt_12,opt_26,85,free
of_34,opt_12,opt_26,86,free
of_34,opt_12,opt_26,87,free
of_34,opt_12,opt_26,88,free
of_34,opt_12,opt_26,89,free
of_34,opt_12,opt_26,90,free
of_34,opt_12,opt_26,91,free
of_34,opt_12,opt_26,92,free
of_34,opt_12,opt_26,93,free
of_34,opt_12,opt_26,94,free
of_34,opt_12,opt_26,95,free
of_34,opt_12,opt_26,96,free
of_34,opt_12,opt_26,97,free
of_34,opt_12,opt_26,98,free
of_34,opt_12,opt_26,99,free
of_35,opt_12,opt_29,0,free
of_35,opt_12,opt_29,1,free
of_35,opt_12,opt_29,2,free
of_35,opt_12,opt_29,3,free
of_35,opt_12,opt_29,4,free
of_35,opt_12,opt_29,5,free
of_35,opt_12,opt_29,6,free
of_35,opt_12,opt_29,7,free
of_35,opt_12,opt_29,8,free
of_35,opt_12,opt_29,9,free
of_35,opt_12,opt_29,10,free
of_35,opt_12,opt_29,11,free
of_35,opt_12,opt_29,12,free
of_35,opt_12,opt_29,13,free
of_35,opt_12,opt_29,14,free
of_35,opt_12,opt_29,15,free
of_35,opt_12,opt_29,16,free
of_35,opt_12,opt_29,17,free
of_35,opt_12,opt_29,18,free
of_35,opt_12,opt_29,19,free
of_35,opt_12,opt_29,20,free
of_35,opt_12,opt_29,21,free
of_35,opt_12,opt_29,22,free
of_35,opt_12,opt_29,23,free
of_35,opt_12,opt_29,24,free
of_35,opt_12,opt_29,25,free
of_35,opt_12,opt_29,26,free
of_35,opt_12,opt_29,27,free
of_35,opt_12,opt_29,28,free
of_35,opt_12,opt_29,29,free
of_35,opt_12,opt_29,30,free
of_35,opt_12,opt_29,31,free
of_35,opt_12,opt_29,32,free
of_35,opt_12,opt_29,33,free
of_35,opt_12,opt_29,34,free
of_35,opt_12,opt_29,35,free
of_35,opt_12,opt_29,36,free
of_35,opt_12,opt_29,37,free
of_35,opt_12,opt_29,38,free
of_35,opt_12,opt_29,39,free
of_35,opt_12,opt_29,40,free
of_35,opt_12,opt_29,41,free
of_35,opt_12,opt_29,42,free
of_35,opt_12,opt_29,43,free
of_35,opt_12,opt_29,44,free
of_35,opt_12,opt_29,45,free
of_35,opt_12,opt_29,46,free
of_35,opt_12,opt_29,47,free
of_35,opt_12,opt_29,48,free
of_35,opt_12,opt_29,49,free
of_35,opt_12,opt_29,50,free
of_35,opt_12,opt_29,51,free
of_35,opt_12,opt_29,52,free
of_35,opt_12,opt_29,53,free
of_35,opt_12,opt_29,54,free
of_35,opt_12,opt_29,55,free
of_35,opt_12,opt_29,56,free
of_35,opt_12,opt_29,57,free
of_35,opt_12,opt_29,58,free
of_35,opt_12,opt_29,59,free
of_35,opt_12,opt_29,60,free
of_35,opt_12,opt_29,61,free
of_35,opt_12,opt_29,62,free
of_35,opt_12,opt_29,63,free
of_35,opt_12,opt_29,64,free
of_35,opt_12,opt_29,65,free
of_35,opt_12,opt_29,66,free
of_35,opt_12,opt_29,67,free
of_35,opt_12,opt_29,68,free
of_35,opt_12,opt_29,69,free
of_35,opt_12,opt_29,70,free
of_35,opt_12,opt_29,71,free
of_35,opt_12,opt_29,72,free
of_35,opt_12,opt_29,73,free
of_35,opt_12,opt_29,74,free
of_35,opt_12,opt_29,75,free
of_35,opt_12,opt_29,76,free
of_35,opt_12,opt_29,77,free
of_35,opt_12,opt_29,78,free
of_35,opt_12,opt_29,79,free
of_35,opt_12,opt_29,80,free
of_35,opt_12,opt_29,81,free
of_35,opt_12,opt_29,82,free
of_35,opt_12,opt_29,83,free
of_35,opt_12,opt_29,84,free
of_35,opt_12,opt_29,85,free
of_35,opt_12,opt_29,86,free
of_35,opt_12,opt_29,87,free
of_35,opt_12,opt_29,88,free
of_35,opt_12,opt_29,89,free
of_35,opt_12,opt_29,90,free
of_35,opt_12,opt_29,91,free
of_35,opt_12,opt_29,92,free
of_35,opt_12,opt_29,93,free
of_35,opt_12,opt_29,94,free
of_35,opt_12,opt_29,95,free
of_35,opt_12,opt_29,96,free
of_35,opt_12,opt_29,97,free
of_35,opt_12,opt_29,98,free
of_35,opt_12,opt_29,99,free
of_36,opt_12,opt_9,0,free
of_36,opt_12,opt_9,1,free
of_36,opt_12,opt_9,2,free
of_36,opt_12,opt_9,3,free
of_36,opt_12,opt_9,4,free
of_36,opt_12,opt_9,5,free
of_36,opt_12,opt_9,6,free
of_36,opt_12,opt_9,7,free
of_36,opt_12,opt_9,8,free
of_36,opt_12,opt_9,9,free
of_36,opt_12,opt_9,10,free
of_36,opt_12,opt_9,11,free
of_36,opt_12,opt_9,12,free
of_36,opt_12,opt_9,13,free
of_36,opt_12,opt_9,14,free
of_36,opt_12,opt_9,15,free
of_36,opt_12,opt_9,16,free
of_36,opt_12,opt_9,17,free
of_36,opt_12,opt_9,18,free
of_36,opt_12,opt_9,19,free
of_36,opt_12,opt_9,20,free
of_36,opt_12,opt_9,21,free
of_36,opt_12,opt_9,22,free
of_36,opt_12,opt_9,23,free
of_36,opt_12,opt_9,24,free
of_36,opt_12,opt_9,25,free
of_36,opt_12,opt_9,26,free
of_36,opt_12,opt_9,27,free
of_36,opt_12,opt_9,28,free
of_36,opt_12,opt_9,29,free
of_36,opt_12,opt_9,30,free
of_36,opt_12,opt_9,31,free
of_36,opt_12,opt_9,32,free
of_36,opt_12,opt_9,33,free
of_36,opt_12,opt_9,34,free
of_36,opt_12,opt_9,35,free
of_36,opt_12,opt_9,36,free
of_36,opt_12,opt_9,37,free
of_36,opt_12,opt_9,38,free
of_36,opt_12,opt_9,39,free
of_36,opt_12,opt_9,40,free
of_36,opt_12,opt_9,41,free
of_36,opt_12,opt_9,42,free
of_36,opt_12,opt_9,43,free
of_36,opt_12,opt_9,44,free
of_36,opt_12,opt_9,45,free
of_36,opt_12,opt_9,46,free
of_36,opt_12,opt_9,47,free
of_36,opt_12,opt_9,48,free
of_36,opt_12,opt_9,49,free
of_36,opt_12,opt_9,50,free
of_36,opt_12,opt_9,51,free
of_36,opt_12,opt_9,52,free
of_36,opt_12,opt_9,53,free
of_36,opt_12,opt_9,54,free
of_36,opt_12,opt_9,55,free
of_36,opt_12,opt_9,56,free
of_36,opt_12,opt_9,57,free
of_36,opt_12,opt_9,58,free
of_36,opt_12,opt_9,59,free
of_36,opt_12,opt_9,60,free
of_36,opt_12,opt_9,61,free
of_36,opt_12,opt_9,62,free
of_36,opt_12,opt_9,63,free
of_36,opt_12,opt_9,64,free
of_36,opt_12,opt_9,65,free
of_36,opt_12,opt_9,66,free
of_36,opt_12,opt_9,67,free
of_36,opt_12,opt_9,68,free
of_36,opt_12,opt_9,69,free
of_36,opt_12,opt_9,70,free
of_36,opt_12,opt_9,71,free
of_36,opt_12,opt_9,72,free
of_36,opt_12,opt_9,73,free
of_36,opt_12,opt_9,74,free
of_36,opt_12,opt_9,75,free
of_36,opt_12,opt_9,76,free
of_36,opt_12,opt_9,77,free
of_36,opt_12,opt_9,78,free
of_36,opt_12,opt_9,79,free
of_36,opt_12,opt_9,80,free
of_36,opt_12,opt_9,81,free
of_36,opt_12,opt_9,82,free
of_36,opt_12,opt_9,83,free
of_36,opt_12,opt_9,84,free
of_36,opt_12,opt_9,85,free
of_36,opt_12,opt_9,86,free
of_36,opt_12,opt_9,87,free
of_36,opt_12,opt_9,88,free
of_36,opt_12,opt_9,89,free
of_36,opt_12,opt_9,90,free
of_36,opt_12,opt_9,91,free
of_36,opt_12,opt_9,92,free
of_36,opt_12,opt_9,93,free
of_36,opt_12,opt_9,94,free
of_36,opt_12,opt_9,95,free
of_36,opt_12,opt_9,96,free
of_36,opt_12,opt_9,97,free
of_36,opt_12,opt_9,98,free
of_36,opt_12,opt_9,99,free
of_37,opt_13,opt_14,0,free
of_37,opt_13,opt_14,1,free
of_37,opt_13,opt_14,2,free
of_37,opt_13,opt_14,3,free
of_37,opt_13,opt_14,4,free
of_37,opt_13,opt_14,5,free
of_37,opt_13,opt_14,6,free
of_37,opt_13,opt_14,7,free
of_37,opt_13,opt_14,8,free
of_37,opt_13,opt_14,9,free
of_37,opt_13,opt_14,10,free
of_37,opt_13,opt_14,11,free
of_37,opt_13,opt_14,12,free
of_37,opt_13,opt_14,13,free
of_37,opt_13,opt_14,14,free
of_37,opt_13,opt_14,15,free
of_37,opt_13,opt_14,16,free
of_37,opt_13,opt_14,17,free
of_37,opt_13,opt_14,18,free
of_37,opt_13,opt_14,19,free
of_37,opt_13,opt_14,20,free
of_37,opt_13,opt_14,21,free
of_37,opt_13,opt_14,22,free
of_37,opt_13,opt_14,23,free
of_37,opt_13,opt_14,24,free
of_37,opt_13,opt_14,25,free
of_37,opt_13,opt_14,26,free
of_37,opt_13,opt_14,27,free
of_37,opt_13,opt_14,28,free
of_37,opt_13,opt_14,29,free
of_37,opt_13,opt_14,30,free
of_37,opt_13,opt_14,31,free
of_37,opt_13,opt_14,32,free
of_37,opt_13,opt_14,33,free
of_37,opt_13,opt_14,34,free
of_37,opt_13,opt_14,35,free
of_37,opt_13,opt_14,36,free
of_37,opt_13,opt_14,37,free
of_37,opt_13,opt_14,38,free
of_37,opt_13,opt_14,39,free
of_37,opt_13,opt_14,40,free
of_37,opt_13,opt_14,41,free
of_37,opt_13,opt_14,42,free
of_37,opt_13,opt_14,43,free
of_37,opt_13,opt_14,44,free
of_37,opt_13,opt_14,45,free
of_37,opt_13,opt_14,46,free
of_37,opt_13,opt_14,47,free
of_37,opt_13,opt_14,48,free
of_37,opt_13,opt_14,49,free
of_37,opt_13,opt_14,50,free
of_37,opt_13,opt_14,51,free
of_37,opt_13,opt_14,52,free
of_37,opt_13,opt_14,53,free
of_37,opt_13,opt_14,54,free
of_37,opt_13,opt_14,55,free
of_37,opt_13,opt_14,56,free
of_37,opt_13,opt_14,57,free
of_37,opt_13,opt_14,58,free
of_37,opt_13,opt_14,59,free
of_37,opt_13,opt_14,60,free
of_37,opt_13,opt_14,61,free
of_37,opt_13,opt_14,62,free
of_37,opt_13,opt_14,63,free
of_37,opt_13,opt_14,64,free
of_37,opt_13,opt_14,65,free
of_37,opt_13,opt_14,66,free
of_37,opt_13,opt_14,67,free
of_37,opt_13,opt_14,68,free
of_37,opt_13,opt_14,69,free
of_37,opt_13,opt_14,70,free
of_37,opt_13,opt_14,71,free
of_37,opt_13,opt_14,72,free
of_37,opt_13,opt_14,73,free
of_37,opt_13,opt_14,74,free
of_37,opt_13,opt_14,75,free
of_37,opt_13,opt_14,76,free
of_37,opt_13,opt_14,77,free
of_37,opt_13,opt_14,78,free
of_37,opt_13,opt_14,79,free
of_37,opt_13,opt_14,80,free
of_37,opt_13,opt_14,81,free
of_37,opt_13,opt_14,82,free
of_37,opt_13,opt_14,83,free
of_37,opt_13,opt_14,84,free
of_37,opt_13,opt_14,85,free
of_37,opt_13,opt_14,86,free
of_37,opt_13,opt_14,87,free
of_37,opt_13,opt_14,88,free
of_37,opt_13,opt_14,89,free
of_37,opt_13,opt_14,90,free
of_37,opt_13,opt_14,91,free
of_37,opt_13,opt_14,92,free
of_37,opt_13,opt_14,93,free
of_37,opt_13,opt_14,94,free
of_37,opt_13,opt_14,95,free
of_37,opt_13,opt_14,96,free
of_37,opt_13,opt_14,97,free
of_37,opt_13,opt_14,98,free
of_37,opt_13,opt_14,99,free
of_38,opt_13,opt_16,0,free
of_38,opt_13,opt_16,1,free
of_38,opt_13,opt_16,2,free
of_38,opt_13,opt_16,3,free
of_38,opt_13,opt_16,4,free
of_38,opt_13,opt_16,5,free
of_38,opt_13,opt_16,6,free
of_38,opt_13,opt_16,7,free
of_38,opt_13,opt_16,8,free
of_38,opt_13,opt_16,9,free
of_38,opt_13,opt_16,10,free
of_38,opt_13,opt_16,11,free
of_38,opt_13,opt_16,12,free
of_38,opt_13,opt_16,13,free
of_38,opt_13,opt_16,14,free
of_38,opt_13,opt_16,15,free
of_38,opt_13,opt_16,16,free
of_38,opt_13,opt_16,17,free
of_38,opt_13,opt_16,18,free
of_38,opt_13,opt_16,19,free
of_38,opt_13,opt_16,20,free
of_38,opt_13,opt_16,21,free
of_38,opt_13,opt_16,22,free
of_38,opt_13,opt_16,23,free
of_38,opt_13,opt_16,24,free
of_38,opt_13,opt_16,25,free
of_38,opt_13,opt_16,26,free
of_38,opt_13,opt_16,27,free
of_38,opt_13,opt_16,28,free
of_38,opt_13,opt_16,29,free
of_38,opt_13,opt_16,30,free
of_38,opt_13,opt_16,31,free
of_38,opt_13,opt_16,32,free
of_38,opt_13,opt_16,33,free
of_38,opt_13,opt_16,34,free
of_38,opt_13,opt_16,35,free
of_38,opt_13,opt_16,36,free
of_38,opt_13,opt_16,37,free
of_38,opt_13,opt_16,38,free
of_38,opt_13,opt_16,39,free
of_38,opt_13,opt_16,40,free
of_38,opt_13,opt_16,41,free
of_38,opt_13,opt_16,42,free
of_38,opt_13,opt_16,43,free
of_38,opt_13,opt_16,44,free
of_38,opt_13,opt_16,45,free
of_38,opt_13,opt_16,46,free
of_38,opt_13,opt_16,47,free
of_38,opt_13,opt_16,48,free
of_38,opt_13,opt_16,49,free
of_38,opt_13,opt_16,50,free
of_38,opt_13,opt_16,51,free
of_38,opt_13,opt_16,52,free
of_38,opt_13,opt_16,53,free
of_38,opt_13,opt_16,54,free
of_38,opt_13,opt_16,55,free
of_38,opt_13,opt_16,56,free
of_38,opt_13,opt_16,57,free
of_38,opt_13,opt_16,58,free
of_38,opt_13,opt_16,59,free
of_38,opt_13,opt_16,60,free
of_38,opt_13,opt_16,61,free
of_38,opt_13,opt_16,62,free
of_38,opt_13,opt_16,63,free
of_38,opt_13,opt_16,64,free
of_38,opt_13,opt_16,65,free
of_38,opt_13,opt_16,66,free
of_38,opt_13,opt_16,67,free
of_38,opt_13,opt_16,68,free
of_38,opt_13,opt_16,69,free
of_38,opt_13,opt_16,70,free
of_38,opt_13,opt_16,71,free
of_38,opt_13,opt_16,72,free
of_38,opt_13,opt_16,73,free
of_38,opt_13,opt_16,74,free
of_38,opt_13,opt_16,75,free
of_38,opt_13,opt_16,76,free
of_38,opt_13,opt_16,77,free
of_38,opt_13,opt_16,78,free
of_38,opt_13,opt_16,79,free
of_38,opt_13,opt_16,80,free
of_38,opt_13,opt_16,81,free
of_38,opt_13,opt_16,82,free
of_38,opt_13,opt_16,83,free
of_38,opt_13,opt_16,84,free
of_38,opt_13,opt_16,85,free
of_38,opt_13,opt_16,86,free
of_38,opt_13,opt_16,87,free
of_38,opt_13,opt_16,88,free
of_38,opt_13,opt_16,89,free
of_38,opt_13,opt_16,90,free
of_38,opt_13,opt_16,91,free
of_38,opt_13,opt_16,92,free
of_38,opt_13,opt_16,93,free
of_38,opt_13,opt_16,94,free
of_38,opt_13,opt_16,95,free
of_38,opt_13,opt_16,96,free
of_38,opt_13,opt_16,97,free
of_38,opt_13,opt_16,98,free
of_38,opt_13,opt_16,99,free
of_39,opt_13,opt_18,0,free
of_39,opt_13,opt_18,1,free
of_39,opt_13,opt_18,2,free
of_39,opt_13,opt_18,3,free
of_39,opt_13,opt_18,4,free
of_39,opt_13,opt_18,5,free
of_39,opt_13,opt_18,6,free
of_39,opt_13,opt_18,7,free
of_39,opt_13,opt_18,8,free
of_39,opt_13,opt_18,9,free
of_39,opt_13,opt_18,10,free
of_39,opt_13,opt_18,11,free
of_39,opt_13,opt_18,12,free
of_39,opt_13,opt_18,13,free
of_39,opt_13,opt_18,14,free
of_39,opt_13,opt_18,15,free
of_39,opt_13,opt_18,16,free
of_39,opt_13,opt_18,17,free
of_39,opt_13,opt_18,18,free
of_39,opt_13,opt_18,19,free
of_39,opt_13,opt_18,20,free
of_39,opt_13,opt_18,21,free
of_39,opt_13,opt_18,22,free
of_39,opt_13,opt_18,23,free
of_39,opt_13,opt_18,24,free
of_39,opt_13,opt_18,25,free
of_39,opt_13,opt_18,26,free
of_39,opt_13,opt_18,27,free
of_39,opt_13,opt_18,28,free
of_39,opt_13,opt_18,29,free
of_39,opt_13,opt_18,30,free
of_39,opt_13,opt_18,31,free
of_39,opt_13,opt_18,32,free
of_39,opt_13,opt_18,33,free
of_39,opt_13,opt_18,34,free
of_39,opt_13,opt_18,35,free
of_39,opt_13,opt_18,36,free
of_39,opt_13,opt_18,37,free
of_39,opt_13,opt_18,38,free
of_39,opt_13,opt_18,39,free
of_39,opt_13,opt_18,40,free
of_39,opt_13,opt_18,41,free
of_39,opt_13,opt_18,42,free
of_39,opt_13,opt_18,43,free
of_39,opt_13,opt_18,44,free
of_39,opt_13,opt_18,45,free
of_39,opt_13,opt_18,46,free
of_39,opt_13,opt_18,47,free
of_39,opt_13,opt_18,48,free
of_39,opt_13,opt_18,49,free
of_39,opt_13,opt_18,50,free
of_39,opt_13,opt_18,51,free
of_39,opt_13,opt_18,52,free
of_39,opt_13,opt_18,53,free
of_39,opt_13,opt_18,54,free
of_39,opt_13,opt_18,55,free
of_39,opt_13,opt_18,56,free
of_39,opt_13,opt_18,57,free
of_39,opt_13,opt_18,58,free
of_39,opt_13,opt_18,59,free
of_39,opt_13,opt_18,60,free
of_39,opt_13,opt_18,61,free
of_39,opt_13,opt_18,62,free
of_39,opt_13,opt_18,63,free
of_39,opt_13,opt_18,64,free
of_39,opt_13,opt_18,65,free
of_39,opt_13,opt_18,66,free
of_39,opt_13,opt_18,67,free
of_39,opt_13,opt_18,68,free
of_39,opt_13,opt_18,69,free
of_39,opt_13,opt_18,70,free
of_39,opt_13,opt_18,71,free
of_39,opt_13,opt_18,72,free
of_39,opt_13,opt_18,73,free
of_39,opt_13,opt_18,74,free
of_39,opt_13,opt_18,75,free
of_39,opt_13,opt_18,76,free
of_39,opt_13,opt_18,77,free
of_39,opt_13,opt_18,78,free
of_39,opt_13,opt_18,79,free
of_39,opt_13,opt_18,80,free
of_39,opt_13,opt_18,81,free
of_39,opt_13,opt_18,82,free
of_39,opt_13,opt_18,83,free
of_39,opt_13,opt_18,84,free
of_39,opt_13,opt_18,85,free
of_39,opt_13,opt_18,86,free
of_39,opt_13,opt_18,87,free
of_39,opt_13,opt_18,88,free
of_39,opt_13,opt_18,89,free
of_39,opt_13,opt_18,90,free
of_39,opt_13,opt_18,91,free
of_39,opt_13,opt_18,92,free
of_39,opt_13,opt_18,93,free
of_39,opt_13,opt_18,94,free
of_39,opt_13,opt_18,95,free
of_39,opt_13,opt_18,96,free
of_39,opt_13,opt_18,97,free
of_39,opt_13,opt_18,98,free
of_39,opt_13,opt_18,99,free
of_40,opt_13,opt_27,0,free
of_40,opt_13,opt_27,1,free
of_40,opt_13,opt_27,2,free
of_40,opt_13,opt_27,3,free
of_40,opt_13,opt_27,4,free
of_40,opt_13,opt_27,5,free
of_40,opt_13,opt_27,6,free
of_40,opt_13,opt_27,7,free
of_40,opt_13,opt_27,8,free
of_40,opt_13,opt_27,9,free
of_40,opt_13,opt_27,10,free
of_40,opt_13,opt_27,11,free
of_40,opt_13,opt_27,12,free
of_40,opt_13,opt_27,13,free
of_40,opt_13,opt_27,14,free
of_40,opt_13,opt_27,15,free
of_40,opt_13,opt_27,16,free
of_40,opt_13,opt_27,17,free
of_40,opt_13,opt_27,18,free
of_40,opt_13,opt_27,19,free
of_40,opt_13,opt_27,20,free
of_40,opt_13,opt_27,21,free
of_40,opt_13,opt_27,22,free
of_40,opt_13,opt_27,23,free
of_40,opt_13,opt_27,24,free
of_40,opt_13,opt_27,25,free
of_40,opt_13,opt_27,26,free
of_40,opt_13,opt_27,27,free
of_40,opt_13,opt_27,28,free
of_40,opt_13,opt_27,29,free
of_40,opt_13,opt_27,30,free
of_40,opt_13,opt_27,31,free
of_40,opt_13,opt_27,32,free
of_40,opt_13,opt_27,33,free
of_40,opt_13,opt_27,34,free
of_40,opt_13,opt_27,35,free
of_40,opt_13,opt_27,36,free
of_40,opt_13,opt_27,37,free
of_40,opt_13,opt_27,38,free
of_40,opt_13,opt_27,39,free
of_40,opt_13,opt_27,40,free
of_40,opt_13,opt_27,41,free
of_40,opt_13,opt_27,42,free
of_40,opt_13,opt_27,43,free
of_40,opt_13,opt_27,44,free
of_40,opt_13,opt_27,45,free
of_40,opt_13,opt_27,46,free
of_40,opt_13,opt_27,47,free
of_40,opt_13,opt_27,48,free
of_40,opt_13,opt_27,49,free
of_40,opt_13,opt_27,50,free
of_40,opt_13,opt_27,51,free
of_40,opt_13,opt_27,52,free
of_40,opt_13,opt_27,53,free
of_40,opt_13,opt_27,54,free
of_40,opt_13,opt_27,55,free
of_40,opt_13,opt_27,56,free
of_40,opt_13,opt_27,57,free
of_40,opt_13,opt_27,58,free
of_40,opt_13,opt_27,59,free
of_40,opt_13,opt_27,60,free
of_40,opt_13,opt_27,61,free
of_40,opt_13,opt_27,62,free
of_40,opt_13,opt_27,63,free
of_40,opt_13,opt_27,64,free
of_40,opt_13,opt_27,65,free
of_40,opt_13,opt_27,66,free
of_40,opt_13,opt_27,67,free
of_40,opt_13,opt_27,68,free
of_40,opt_13,opt_27,69,free
of_40,opt_13,opt_27,70,free
of_40,opt_13,opt_27,71,free
of_40,opt_13,opt_27,72,free
of_40,opt_13,opt_27,73,free
of_40,opt_13,opt_27,74,free
of_40,opt_13,opt_27,75,free
of_40,opt_13,opt_27,76,free
of_40,opt_13,opt_27,77,free
of_40,opt_13,opt_27,78,free
of_40,opt_13,opt_27,79,free
of_40,opt_13,opt_27,80,free
of_40,opt_13,opt_27,81,free
of_40,opt_13,opt_27,82,free
of_40,opt_13,opt_27,83,free
of_40,opt_13,opt_27,84,free
of_40,opt_13,opt_27,85,free
of_40,opt_13,opt_27,86,free
of_40,opt_13,opt_27,87,free
of_40,opt_13,opt_27,88,free
of_40,opt_13,opt_27,89,free
of_40,opt_13,opt_27,90,free
of_40,opt_13,opt_27,91,free
of_40,opt_13,opt_27,92,free
of_40,opt_13,opt_27,93,free
of_40,opt_13,opt_27,94,free
of_40,opt_13,opt_27,95,free
of_40,opt_13,opt_27,96,free
of_40,opt_13,opt_27,97,free
of_40,opt_13,opt_27,98,free
of_40,opt_13,opt_27,99,free
of_41,opt_13,opt_30,0,free
of_41,opt_13,opt_30,1,free
of_41,opt_13,opt_30,2,free
of_41,opt_13,opt_30,3,free
of_41,opt_13,opt_30,4,free
of_41,opt_13,opt_30,5,free
of_41,opt_13,opt_30,6,free
of_41,opt_13,opt_30,7,free
of_41,opt_13,opt_30,8,free
of_41,opt_13,opt_30,9,free
of_41,opt_13,opt_30,10,free
of_41,opt_13,opt_30,11,free
of_41,opt_13,opt_30,12,free
of_41,opt_13,opt_30,13,free
of_41,opt_13,opt_30,14,free
of_41,opt_13,opt_30,15,free
of_41,opt_13,opt_30,16,free
of_41,opt_13,opt_30,17,free
of_41,opt_13,opt_30,18,free
of_41,opt_13,opt_30,19,free
of_41,opt_13,opt_30,20,free
of_41,opt_13,opt_30,21,free
of_41,opt_13,opt_30,22,free
of_41,opt_13,opt_30,23,free
of_41,opt_13,opt_30,24,free
of_41,opt_13,opt_30,25,free
of_41,opt_13,opt_30,26,free
of_41,opt_13,opt_30,27,free
of_41,opt_13,opt_30,28,free
of_41,opt_13,opt_30,29,free
of_41,opt_13,opt_30,30,free
of_41,opt_13,opt_30,31,free
of_41,opt_13,opt_30,32,free
of_41,opt_13,opt_30,33,free
of_41,opt_13,opt_30,34,free
of_41,opt_13,opt_30,35,free
of_41,opt_13,opt_30,36,free
of_41,opt_13,opt_30,37,free
of_41,opt_13,opt_30,38,free
of_41,opt_13,opt_30,39,free
of_41,opt_13,opt_30,40,free
of_41,opt_13,opt_30,41,free
of_41,opt_13,opt_30,42,free
of_41,opt_13,opt_30,43,free
of_41,opt_13,opt_30,44,free
of_41,opt_13,opt_30,45,free
of_41,opt_13,opt_30,46,free
of_41,opt_13,opt_30,47,free
of_41,opt_13,opt_30,48,free
of_41,opt_13,opt_30,49,free
of_41,opt_13,opt_30,50,free
of_41,opt_13,opt_30,51,free
of_41,opt_13,opt_30,52,free
of_41,opt_13,opt_30,53,free
of_41,opt_13,opt_30,54,free
of_41,opt_13,opt_30,55,free
of_41,opt_13,opt_30,56,free
of_41,opt_13,opt_30,57,free
of_41,opt_13,opt_30,58,free
of_41,opt_13,opt_30,59,free
of_41,opt_13,opt_30,60,free
of_41,opt_13,opt_30,61,free
of_41,opt_13,opt_30,62,free
of_41,opt_13,opt_30,63,free
of_41,opt_13,opt_30,64,free
of_41,opt_13,opt_30,65,free
of_41,opt_13,opt_30,66,free
of_41,opt_13,opt_30,67,free
of_41,opt_13,opt_30,68,free
of_41,opt_13,opt_30,69,free
of_41,opt_13,opt_30,70,free
of_41,opt_13,opt_30,71,free
of_41,opt_13,opt_30,72,free
of_41,opt_13,opt_30,73,free
of_41,opt_13,opt_30,74,free
of_41,opt_13,opt_30,75,free
of_41,opt_13,opt_30,76,free
of_41,opt_13,opt_30,77,free
of_41,opt_13,opt_30,78,free
of_41,opt_13,opt_30,79,free
of_41,opt_13,opt_30,80,free
of_41,opt_13,opt_30,81,free
of_41,opt_13,opt_30,82,free
of_41,opt_13,opt_30,83,free
of_41,opt_13,opt_30,84,free
of_41,opt_13,opt_30,85,free
of_41,opt_13,opt_30,86,free
of_41,opt_13,opt_30,87,free
of_41,opt_13,opt_30,88,free
of_41,opt_13,opt_30,89,free
of_41,opt_13,opt_30,90,free
of_41,opt_13,opt_30,91,free
of_41,opt_13,opt_30,92,free
of_41,opt_13,opt_30,93,free
of_41,opt_13,opt_30,94,free
of_41,opt_13,opt_30,95,free
of_41,opt_13,opt_30,96,free
of_41,opt_13,opt_30,97,free
of_41,opt_13,opt_30,98,free
of_41,opt_13,opt_30,99,free
of_42,opt_13,opt_4,0,free
of_42,opt_13,opt_4,1,free
of_42,opt_13,opt_4,2,free
of_42,opt_13,opt_4,3,free
of_42,opt_13,opt_4,4,free
of_42,opt_13,opt_4,5,free
of_42,opt_13,opt_4,6,free
of_42,opt_13,opt_4,7,free
of_42,opt_13,opt_4,8,free
of_42,opt_13,opt_4,9,free
of_42,opt_13,opt_4,10,free
of_42,opt_13,opt_4,11,free
of_42,opt_13,opt_4,12,free
of_42,opt_13,opt_4,13,free
of_42,opt_13,opt_4,14,free
of_42,opt_13,opt_4,15,free
of_42,opt_13,opt_4,16,free
of_42,opt_13,opt_4,17,free
of_42,opt_13,opt_4,18,free
of_42,opt_13,opt_4,19,free
of_42,opt_13,opt_4,20,free
of_42,opt_13,opt_4,21,free
of_42,opt_13,opt_4,22,free
of_42,opt_13,opt_4,23,free
of_42,opt_13,opt_4,24,free
of_42,opt_13,opt_4,25,free
of_42,opt_13,opt_4,26,free
of_42,opt_13,opt_4,27,free
of_42,opt_13,opt_4,28,free
of_42,opt_13,opt_4,29,free
of_42,opt_13,opt_4,30,free
of_42,opt_13,opt_4,31,free
of_42,opt_13,opt_4,32,free
of_42,opt_13,opt_4,33,free
of_42,opt_13,opt_4,34,free
of_42,opt_13,opt_4,35,free
of_42,opt_13,opt_4,36,free
of_42,opt_13,opt_4,37,free
of_42,opt_13,opt_4,38,free
of_42,opt_13,opt_4,39,free
of_42,opt_13,opt_4,40,free
of_42,opt_13,opt_4,41,free
of_42,opt_13,opt_4,42,free
of_42,opt_13,opt_4,43,free
of_42,opt_13,opt_4,44,free
of_42,opt_13,opt_4,45,free
of_42,opt_13,opt_4,46,free
of_42,opt_13,opt_4,47,free
of_42,opt_13,opt_4,48,free
of_42,opt_13,opt_4,49,free
of_42,opt_13,opt_4,50,free
of_42,opt_13,opt_4,51,free
of_42,opt_13,opt_4,52,free
of_42,opt_13,opt_4,53,free
of_42,opt_13,opt_4,54,free
of_42,opt_13,opt_4,55,free
of_42,opt_13,opt_4,56,free
of_42,opt_13,opt_4,57,free
of_42,opt_13,opt_4,58,free
of_42,opt_13,opt_4,59,free
of_42,opt_13,opt_4,60,free
of_42,opt_13,opt_4,61,free
of_42,opt_13,opt_4,62,free
of_42,opt_13,opt_4,63,free
of_42,opt_13,opt_4,64,free
of_42,opt_13,opt_4,65,free
of_42,opt_13,opt_4,66,free
of_42,opt_13,opt_4,67,free
of_42,opt_13,opt_4,68,free
of_42,opt_13,opt_4,69,free
of_42,opt_13,opt_4,70,free
of_42,opt_13,opt_4,71,free
of_42,opt_13,opt_4,72,free
of_42,opt_13,opt_4,73,free
of_42,opt_13,opt_4,74,free
of_42,opt_13,opt_4,75,free
of_42,opt_13,opt_4,76,free
of_42,opt_13,opt_4,77,free
of_42,opt_13,opt_4,78,free
of_42,opt_13,opt_4,79,free
of_42,opt_13,opt_4,80,free
of_42,opt_13,opt_4,81,free
of_42,opt_13,opt_4,82,free
of_42,opt_13,opt_4,83,free
of_42,opt_13,opt_4,84,free
of_42,opt_13,opt_4,85,free
of_42,opt_13,opt_4,86,free
of_42,opt_13,opt_4,87,free
of_42,opt_13,opt_4,88,free
of_42,opt_13,opt_4,89,free
of_42,opt_13,opt_4,90,free
of_42,opt_13,opt_4,91,free
of_42,opt_13,opt_4,92,free
of_42,opt_13,opt_4,93,free
of_42,opt_13,opt_4,94,free
of_42,opt_13,opt_4,95,free
of_42,opt_13,opt_4,96,free
of_42,opt_13,opt_4,97,free
of_42,opt_13,opt_4,98,free
of_42,opt_13,opt_4,99,free
of_43,opt_14,opt_16,0,free
of_43,opt_14,opt_16,1,free
of_43,opt_14,opt_16,2,free
of_43,opt_14,opt_16,3,free
of_43,opt_14,opt_16,4,free
of_43,opt_14,opt_16,5,free
of_43,opt_14,opt_16,6,free
of_43,opt_14,opt_16,7,free
of_43,opt_14,opt_16,8,free
of_43,opt_14,opt_16,9,free
of_43,opt_14,opt_16,10,free
of_43,opt_14,opt_16,11,free
of_43,opt_14,opt_16,12,free
of_43,opt_14,opt_16,13,free
of_43,opt_14,opt_16,14,free
of_43,opt_14,opt_16,15,free
of_43,opt_14,opt_16,16,free
of_43,opt_14,opt_16,17,free
of_43,opt_14,opt_16,18,free
of_43,opt_14,opt_16,19,free
of_43,opt_14,opt_16,20,free
of_43,opt_14,opt_16,21,free
of_43,opt_14,opt_16,22,free
of_43,opt_14,opt_16,23,free
of_43,opt_14,opt_16,24,free
of_43,opt_14,opt_16,25,free
of_43,opt_14,opt_16,26,free
of_43,opt_14,opt_16,27,free
of_43,opt_14,opt_16,28,free
of_43,opt_14,opt_16,29,free
of_43,opt_14,opt_16,30,free
of_43,opt_14,opt_16,31,free
of_43,opt_14,opt_16,32,free
of_43,opt_14,opt_16,33,free
of_43,opt_14,opt_16,34,free
of_43,opt_14,opt_16,35,free
of_43,opt_14,opt_16,36,free
of_43,opt_14,opt_16,37,free
of_43,opt_14,opt_16,38,free
of_43,opt_14,opt_16,39,free
of_43,opt_14,opt_16,40,free
of_43,opt_14,opt_16,41,free
of_43,opt_14,opt_16,42,free
of_43,opt_14,opt_16,43,free
of_43,opt_14,opt_16,44,free
of_43,opt_14,opt_16,45,free
of_43,opt_14,opt_16,46,free
of_43,opt_14,opt_16,47,free
of_43,opt_14,opt_16,48,free
of_43,opt_14,opt_16,49,free
of_43,opt_14,opt_16,50,free
of_43,opt_14,opt_16,51,free
of_43,opt_14,opt_16,52,free
of_43,opt_14,opt_16,53,free
of_43,opt_14,opt_16,54,free
of_43,opt_14,opt_16,55,free
of_43,opt_14,opt_16,56,free
of_43,opt_14,opt_16,57,free
of_43,opt_14,opt_16,58,free
of_43,opt_14,opt_16,59,free
of_43,opt_14,opt_16,60,free
of_43,opt_14,opt_16,61,free
of_43,opt_14,opt_16,62,free
of_43,opt_14,opt_16,63,free
of_43,opt_14,opt_16,64,free
of_43,opt_14,opt_16,65,free
of_43,opt_14,opt_16,66,free
of_43,opt_14,opt_16,67,free
of_43,opt_14,opt_16,68,free
of_43,opt_14,opt_16,69,free
of_43,opt_14,opt_16,70,free
of_43,opt_14,opt_16,71,free
of_43,opt_14,opt_16,72,free
of_43,opt_14,opt_16,73,free
of_43,opt_14,opt_16,74,free
of_43,opt_14,opt_16,75,free
of_43,opt_14,opt_16,76,free
of_43,opt_14,opt_16,77,free
of_43,opt_14,opt_16,78,free
of_43,opt_14,opt_16,79,free
of_43,opt_14,opt_16,80,free
of_43,opt_14,opt_16,81,free
of_43,opt_14,opt_16,82,free
of_43,opt_14,opt_16,83,free
of_43,opt_14,opt_16,84,free
of_43,opt_14,opt_16,85,free
of_43,opt_14,opt_16,86,free
of_43,opt_14,opt_16,87,free
of_43,opt_14,opt_16,88,free
of_43,opt_14,opt_16,89,free
of_43,opt_14,opt_16,90,free
of_43,opt_14,opt_16,91,free
of_43,opt_14,opt_16,92,free
of_43,opt_14,opt_16,93,free
of_43,opt_14,opt_16,94,free
of_43,opt_14,opt_16,95,free
of_43,opt_14,opt_16,96,free
of_43,opt_14,opt_16,97,free
of_43,opt_14,opt_16,98,free
of_43,opt_14,opt_16,99,free
of_44,opt_14,opt_18,0,free
of_44,opt_14,opt_18,1,free
of_44,opt_14,opt_18,2,free
of_44,opt_14,opt_18,3,free
of_44,opt_14,opt_18,4,free
of_44,opt_14,opt_18,5,free
of_44,opt_14,opt_18,6,free
of_44,opt_14,opt_18,7,free
of_44,opt_14,opt_18,8,free
of_44,opt_14,opt_18,9,free
of_44,opt_14,opt_18,10,free
of_44,opt_14,opt_18,11,free
of_44,opt_14,opt_18,12,free
of_44,opt_14,opt_18,13,free
of_44,opt_14,opt_18,14,free
of_44,opt_14,opt_18,15,free
of_44,opt_14,opt_18,16,free
of_44,opt_14,opt_18,17,free
of_44,opt_14,opt_18,18,free
of_44,opt_14,opt_18,19,free
of_44,opt_14,opt_18,20,free
of_44,opt_14,opt_18,21,free
of_44,opt_14,opt_18,22,free
of_44,opt_14,opt_18,23,free
of_44,opt_14,opt_18,24,free
of_44,opt_14,opt_18,25,free
of_44,opt_14,opt_18,26,free
of_44,opt_14,opt_18,27,free
of_44,opt_14,opt_18,28,free
of_44,opt_14,opt_18,29,free
of_44,opt_14,opt_18,30,free
of_44,opt_14,opt_18,31,free
of_44,opt_14,opt_18,32,free
of_44,opt_14,opt_18,33,free
of_44,opt_14,opt_18,34,free
of_44,opt_14,opt_18,35,free
of_44,opt_14,opt_18,36,free
of_44,opt_14,opt_18,37,free
of_44,opt_14,opt_18,38,free
of_44,opt_14,opt_18,39,free
of_44,opt_14,opt_18,40,free
of_44,opt_14,opt_18,41,free
of_44,opt_14,opt_18,42,free
of_44,opt_14,opt_18,43,free
of_44,opt_14,opt_18,44,free
of_44,opt_14,opt_18,45,free
of_44,opt_14,opt_18,46,free
of_44,opt_14,opt_18,47,free
of_44,opt_14,opt_18,48,free
of_44,opt_14,opt_18,49,free
of_44,opt_14,opt_18,50,free
of_44,opt_14,opt_18,51,free
of_44,opt_14,opt_18,52,free
of_44,opt_14,opt_18,53,free
of_44,opt_14,opt_18,54,free
of_44,opt_14,opt_18,55,free
of_44,opt_14,opt_18,56,free
of_44,opt_14,opt_18,57,free
of_44,opt_14,opt_18,58,free
of_44,opt_14,opt_18,59,free
of_44,opt_14,opt_18,60,free
of_44,opt_14,opt_18,61,free
of_44,opt_14,opt_18,62,free
of_44,opt_14,opt_18,63,free
of_44,opt_14,opt_18,64,free
of_44,opt_14,opt_18,65,free
of_44,opt_14,opt_18,66,free
of_44,opt_14,opt_18,67,free
of_44,opt_14,opt_18,68,free
of_44,opt_14,opt_18,69,free
of_44,opt_14,opt_18,70,free
of_44,opt_14,opt_18,71,free
of_44,opt_14,opt_18,72,free
of_44,opt_14,opt_18,73,free
of_44,opt_14,opt_18,74,free
of_44,opt_14,opt_18,75,free
of_44,opt_14,opt_18,76,free
of_44,opt_14,opt_18,77,free
of_44,opt_14,opt_18,78,free
of_44,opt_14,opt_18,79,free
of_44,opt_14,opt_18,80,free
of_44,opt_14,opt_18,81,free
of_44,opt_14,opt_18,82,free
of_44,opt_14,opt_18,83,free
of_44,opt_14,opt_18,84,free
of_44,opt_14,opt_18,85,free
of_44,opt_14,opt_18,86,free
of_44,opt_14,opt_18,87,free
of_44,opt_14,opt_18,88,free
of_44,opt_14,opt_18,89,free
of_44,opt_14,opt_18,90,free
of_44,opt_14,opt_18,91,free
of_44,opt_14,opt_18,92,free
of_44,opt_14,opt_18,93,free
of_44,opt_14,opt_18,94,free
of_44,opt_14,opt_18,95,free
of_44,opt_14,opt_18,96,free
of_44,opt_14,opt_18,97,free
of_44,opt_14,opt_18,98,free
of_44,opt_14,opt_18,99,free
of_45,opt_14,opt_2,0,free
of_45,opt_14,opt_2,1,free
of_45,opt_14,opt_2,2,free
of_45,opt_14,opt_2,3,free
of_45,opt_14,opt_2,4,free
of_45,opt_14,opt_2,5,free
of_45,opt_14,opt_2,6,free
of_45,opt_14,opt_2,7,free
of_45,opt_14,opt_2,8,free
of_45,opt_14,opt_2,9,free
of_45,opt_14,opt_2,10,free
of_45,opt_14,opt_2,11,free
of_45,opt_14,opt_2,12,free
of_45,opt_14,opt_2,13,free
of_45,opt_14,opt_2,14,free
of_45,opt_14,opt_2,15,free
of_45,opt_14,opt_2,16,free
of_45,opt_14,opt_2,17,free
of_45,opt_14,opt_2,18,free
of_45,opt_14,opt_2,19,free
of_45,opt_14,opt_2,20,free
of_45,opt_14,opt_2,21,free
of_45,opt_14,opt_2,22,free
of_45,opt_14,opt_2,23,free
of_45,opt_14,opt_2,24,free
of_45,opt_14,opt_2,25,free
of_45,opt_14,opt_2,26,free
of_45,opt_14,opt_2,27,free
of_45,opt_14,opt_2,28,free
of_45,opt_14,opt_2,29,free
of_45,opt_14,opt_2,30,free
of_45,opt_14,opt_2,31,free
of_45,opt_14,opt_2,32,free
of_45,opt_14,opt_2,33,free
of_45,opt_14,opt_2,34,free
of_45,opt_14,opt_2,35,free
of_45,opt_14,opt_2,36,free
of_45,opt_14,opt_2,37,free
of_45,opt_14,opt_2,38,free
of_45,opt_14,opt_2,39,free
of_45,opt_14,opt_2,40,free
of_45,opt_14,opt_2,41,free
of_45,opt_14,opt_2,42,free
of_45,opt_14,opt_2,43,free
of_45,opt_14,opt_2,44,free
of_45,opt_14,opt_2,45,free
of_45,opt_14,opt_2,46,free
of_45,opt_14,opt_2,47,free
of_45,opt_14,opt_2,48,free
of_45,opt_14,opt_2,49,free
of_45,opt_14,opt_2,50,free
of_45,opt_14,opt_2,51,free
of_45,opt_14,opt_2,52,free
of_45,opt_14,opt_2,53,free
of_45,opt_14,opt_2,54,free
of_45,opt_14,opt_2,55,free
of_45,opt_14,opt_2,56,free
of_45,opt_14,opt_2,57,free
of_45,opt_14,opt_2,58,free
of_45,opt_14,opt_2,59,free
of_45,opt_14,opt_2,60,free
of_45,opt_14,opt_2,61,free
of_45,opt_14,opt_2,62,free
of_45,opt_14,opt_2,63,free
of_45,opt_14,opt_2,64,free
of_45,opt_14,opt_2,65,free
of_45,opt_14,opt_2,66,free
of_45,opt_14,opt_2,67,free
of_45,opt_14,opt_2,68,free
of_45,opt_14,opt_2,69,free
of_45,opt_14,opt_2,70,free
of_45,opt_14,opt_2,71,free
of_45,opt_14,opt_2,72,free
of_45,opt_14,opt_2,73,free
of_45,opt_14,opt_2,74,free
of_45,opt_14,opt_2,75,free
of_45,opt_14,opt_2,76,free
of_45,opt_14,opt_2,77,free
of_45,opt_14,opt_2,78,free
of_45,opt_14,opt_2,79,free
of_45,opt_14,opt_2,80,free
of_45,opt_14,opt_2,81,free
of_45,opt_14,opt_2,82,free
of_45,opt_14,opt_2,83,free
of_45,opt_14,opt_2,84,free
of_45,opt_14,opt_2,85,free
of_45,opt_14,opt_2,86,free
of_45,opt_14,opt_2,87,free
of_45,opt_14,opt_2,88,free
of_45,opt_14,opt_2,89,free
of_45,opt_14,opt_2,90,free
of_45,opt_14,opt_2,91,free
of_45,opt_14,opt_2,92,free
of_45,opt_14,opt_2,93,free
of_45,opt_14,opt_2,94,free
of_45,opt_14,opt_2,95,free
of_45,opt_14,opt_2,96,free
of_45,opt_14,opt_2,97,free
of_45,opt_14,opt_2,98,free
of_45,opt_14,opt_2,99,free
of_46,opt_14,opt_3,0,free
of_46,opt_14,opt_3,1,free
of_46,opt_14,opt_3,2,free
of_46,opt_14,opt_3,3,free
of_46,opt_14,opt_3,4,free
of_46,opt_14,opt_3,5,free
of_46,opt_14,opt_3,6,free
of_46,opt_14,opt_3,7,free
of_46,opt_14,opt_3,8,free
of_46,opt_14,opt_3,9,free
of_46,opt_14,opt_3,10,free
of_46,opt_14,opt_3,11,free
of_46,opt_14,opt_3,12,free
of_46,opt_14,opt_3,13,free
of_46,opt_14,opt_3,14,free
of_46,opt_14,opt_3,15,free
of_46,opt_14,opt_3,16,free
of_46,opt_14,opt_3,17,free
of_46,opt_14,opt_3,18,free
of_46,opt_14,opt_3,19,free
of_46,opt_14,opt_3,20,free
of_46,opt_14,opt_3,21,free
of_46,opt_14,opt_3,22,free
of_46,opt_14,opt_3,23,free
of_46,opt_14,opt_3,24,free
of_46,opt_14,opt_3,25,free
of_46,opt_14,opt_3,26,free
of_46,opt_14,opt_3,27,free
of_46,opt_14,opt_3,28,free
of_46,opt_14,opt_3,29,free
of_46,opt_14,opt_3,30,free
of_46,opt_14,opt_3,31,free
of_46,opt_14,opt_3,32,free
of_46,opt_14,opt_3,33,free
of_46,opt_14,opt_3,34,free
of_46,opt_14,opt_3,35,free
of_46,opt_14,opt_3,36,free
of_46,opt_14,opt_3,37,free
of_46,opt_14,opt_3,38,free
of_46,opt_14,opt_3,39,free
of_46,opt_14,opt_3,40,free
of_46,opt_14,opt_3,41,free
of_46,opt_14,opt_3,42,free
of_46,opt_14,opt_3,43,free
of_46,opt_14,opt_3,44,free
of_46,opt_14,opt_3,45,free
of_46,opt_14,opt_3,46,free
of_46,opt_14,opt_3,47,free
of_46,opt_14,opt_3,48,free
of_46,opt_14,opt_3,49,free
of_46,opt_14,opt_3,50,free
of_46,opt_14,opt_3,51,free
of_46,opt_14,opt_3,52,free
of_46,opt_14,opt_3,53,free
of_46,opt_14,opt_3,54,free
of_46,opt_14,opt_3,55,free
of_46,opt_14,opt_3,56,free
of_46,opt_14,opt_3,57,free
of_46,opt_14,opt_3,58,free
of_46,opt_14,opt_3,59,free
of_46,opt_14,opt_3,60,free
of_46,opt_14,opt_3,61,free
of_46,opt_14,opt_3,62,free
of_46,opt_14,opt_3,63,free
of_46,opt_14,opt_3,64,free
of_46,opt_14,opt_3,65,free
of_46,opt_14,opt_3,66,free
of_46,opt_14,opt_3,67,free
of_46,opt_14,opt_3,68,free
of_46,opt_14,opt_3,69,free
of_46,opt_14,opt_3,70,free
of_46,opt_14,opt_3,71,free
of_46,opt_14,opt_3,72,free
of_46,opt_14,opt_3,73,free
of_46,opt_14,opt_3,74,free
of_46,opt_14,opt_3,75,free
of_46,opt_14,opt_3,76,free
of_46,opt_14,opt_3,77,free
of_46,opt_14,opt_3,78,free
of_46,opt_14,opt_3,79,free
of_46,opt_14,opt_3,80,free
of_46,opt_14,opt_3,81,free
of_46,opt_14,opt_3,82,free
of_46,opt_14,opt_3,83,free
of_46,opt_14,opt_3,84,free
of_46,opt_14,opt_3,85,free
of_46,opt_14,opt_3,86,free
of_46,opt_14,opt_3,87,free
of_46,opt_14,opt_3,88,free
of_46,opt_14,opt_3,89,free
of_46,opt_14,opt_3,90,free
of_46,opt_14,opt_3,91,free
of_46,opt_14,opt_3,92,free
of_46,opt_14,opt_3,93,free
of_46,opt_14,opt_3,94,free
of_46,opt_14,opt_3,95,free
of_46,opt_14,opt_3,96,free
of_46,opt_14,opt_3,97,free
of_46,opt_14,opt_3,98,free
of_46,opt_14,opt_3,99,free
of_47,opt_14,opt_30,0,free
of_47,opt_14,opt_30,1,free
of_47,opt_14,opt_30,2,free
of_47,opt_14,opt_30,3,free
of_47,opt_14,opt_30,4,free
of_47,opt_14,opt_30,5,free
of_47,opt_14,opt_30,6,free
of_47,opt_14,opt_30,7,free
of_47,opt_14,opt_30,8,free
of_47,opt_14,opt_30,9,free
of_47,opt_14,opt_30,10,free
of_47,opt_14,opt_30,11,free
of_47,opt_14,opt_30,12,free
of_47,opt_14,opt_30,13,free
of_47,opt_14,opt_30,14,free
of_47,opt_14,opt_30,15,free
of_47,opt_14,opt_30,16,free
of_47,opt_14,opt_30,17,free
of_47,opt_14,opt_30,18,free
of_47,opt_14,opt_30,19,free
of_47,opt_14,opt_30,20,free
of_47,opt_14,opt_30,21,free
of_47,opt_14,opt_30,22,free
of_47,opt_14,opt_30,23,free
of_47,opt_14,opt_30,24,free
of_47,opt_14,opt_30,25,free
of_47,opt_14,opt_30,26,free
of_47,opt_14,opt_30,27,free
of_47,opt_14,opt_30,28,free
of_47,opt_14,opt_30,29,free
of_47,opt_14,opt_30,30,free
of_47,opt_14,opt_30,31,free
of_47,opt_14,opt_30,32,free
of_47,opt_14,opt_30,33,free
of_47,opt_14,opt_30,34,free
of_47,opt_14,opt_30,35,free
of_47,opt_14,opt_30,36,free
of_47,opt_14,opt_30,37,free
of_47,opt_14,opt_30,38,free
of_47,opt_14,opt_30,39,free
of_47,opt_14,opt_30,40,free
of_47,opt_14,opt_30,41,free
of_47,opt_14,opt_30,42,free
of_47,opt_14,opt_30,43,free
of_47,opt_14,opt_30,44,free
of_47,opt_14,opt_30,45,free
of_47,opt_14,opt_30,46,free
of_47,opt_14,opt_30,47,free
of_47,opt_14,opt_30,48,free
of_47,opt_14,opt_30,49,free
of_47,opt_14,opt_30,50,free
of_47,opt_14,opt_30,51,free
of_47,opt_14,opt_30,52,free
of_47,opt_14,opt_30,53,free
of_47,opt_14,opt_30,54,free
of_47,opt_14,opt_30,55,free
of_47,opt_14,opt_30,56,free
of_47,opt_14,opt_30,57,free
of_47,opt_14,opt_30,58,free
of_47,opt_14,opt_30,59,free
of_47,opt_14,opt_30,60,free
of_47,opt_14,opt_30,61,free
of_47,opt_14,opt_30,62,free
of_47,opt_14,opt_30,63,free
of_47,opt_14,opt_30,64,free
of_47,opt_14,opt_30,65,free
of_47,opt_14,opt_30,66,free
of_47,opt_14,opt_30,67,free
of_47,opt_14,opt_30,68,free
of_47,opt_14,opt_30,69,free
of_47,opt_14,opt_30,70,free
of_47,opt_14,opt_30,71,free
of_47,opt_14,opt_30,72,free
of_47,opt_14,opt_30,73,free
of_47,opt_14,opt_30,74,free
of_47,opt_14,opt_30,75,free
of_47,opt_14,opt_30,76,free
of_47,opt_14,opt_30,77,free
of_47,opt_14,opt_30,78,free
of_47,opt_14,opt_30,79,free
of_47,opt_14,opt_30,80,free
of_47,opt_14,opt_30,81,free
of_47,opt_14,opt_30,82,free
of_47,opt_14,opt_30,83,free
of_47,opt_14,opt_30,84,free
of_47,opt_14,opt_30,85,free
of_47,opt_14,opt_30,86,free
of_47,opt_14,opt_30,87,free
of_47,opt_14,opt_30,88,free
of_47,opt_14,opt_30,89,free
of_47,opt_14,opt_30,90,free
of_47,opt_14,opt_30,91,free
of_47,opt_14,opt_30,92,free
of_47,opt_14,opt_30,93,free
of_47,opt_14,opt_30,94,free
of_47,opt_14,opt_30,95,free
of_47,opt_14,opt_30,96,free
of_47,opt_14,opt_30,97,free
of_47,opt_14,opt_30,98,free
of_47,opt_14,opt_30,99,free
of_48,opt_14,opt_4,0,free
of_48,opt_14,opt_4,1,free
of_48,opt_14,opt_4,2,free
of_48,opt_14,opt_4,3,free
of_48,opt_14,opt_4,4,free
of_48,opt_14,opt_4,5,free
of_48,opt_14,opt_4,6,free
of_48,opt_14,opt_4,7,free
of_48,opt_14,opt_4,8,free
of_48,opt_14,opt_4,9,free
of_48,opt_14,opt_4,10,free
of_48,opt_14,opt_4,11,free
of_48,opt_14,opt_4,12,free
of_48,opt_14,opt_4,13,free
of_48,opt_14,opt_4,14,free
of_48,opt_14,opt_4,15,free
of_48,opt_14,opt_4,16,free
of_48,opt_14,opt_4,17,free
of_48,opt_14,opt_4,18,free
of_48,opt_14,opt_4,19,free
of_48,opt_14,opt_4,20,free
of_48,opt_14,opt_4,21,free
of_48,opt_14,opt_4,22,free
of_48,opt_14,opt_4,23,free
of_48,opt_14,opt_4,24,free
of_48,opt_14,opt_4,25,free
of_48,opt_14,opt_4,26,free
of_48,opt_14,opt_4,27,free
of_48,opt_14,opt_4,28,free
of_48,opt_14,opt_4,29,free
of_48,opt_14,opt_4,30,free
of_48,opt_14,opt_4,31,free
of_48,opt_14,opt_4,32,free
of_48,opt_14,opt_4,33,free
of_48,opt_14,opt_4,34,free
of_48,opt_14,opt_4,35,free
of_48,opt_14,opt_4,36,free
of_48,opt_14,opt_4,37,free
of_48,opt_14,opt_4,38,free
of_48,opt_14,opt_4,39,free
of_48,opt_14,opt_4,40,free
of_48,opt_14,opt_4,41,free
of_48,opt_14,opt_4,42,free
of_48,opt_14,opt_4,43,free
of_48,opt_14,opt_4,44,free
of_48,opt_14,opt_4,45,free
of_48,opt_14,opt_4,46,free
of_48,opt_14,opt_4,47,free
of_48,opt_14,opt_4,48,free
of_48,opt_14,opt_4,49,free
of_48,opt_14,opt_4,50,free
of_48,opt_14,opt_4,51,free
of_48,opt_14,opt_4,52,free
of_48,opt_14,opt_4,53,free
of_48,opt_14,opt_4,54,free
of_48,opt_14,opt_4,55,free
of_48,opt_14,opt_4,56,free
of_48,opt_14,opt_4,57,free
of_48,opt_14,opt_4,58,free
of_48,opt_14,opt_4,59,free
of_48,opt_14,opt_4,60,free
of_48,opt_14,opt_4,61,free
of_48,opt_14,opt_4,62,free
of_48,opt_14,opt_4,63,free
of_48,opt_14,opt_4,64,free
of_48,opt_14,opt_4,65,free
of_48,opt_14,opt_4,66,free
of_48,opt_14,opt_4,67,free
of_48,opt_14,opt_4,68,free
of_48,opt_14,opt_4,69,free
of_48,opt_14,opt_4,70,free
of_48,opt_14,opt_4,71,free
of_48,opt_14,opt_4,72,free
of_48,opt_14,opt_4,73,free
of_48,opt_14,opt_4,74,free
of_48,opt_14,opt_4,75,free
of_48,opt_14,opt_4,76,free
of_48,opt_14,opt_4,77,free
of_48,opt_14,opt_4,78,free
of_48,opt_14,opt_4,79,free
of_48,opt_14,opt_4,80,free
of_48,opt_14,opt_4,81,free
of_48,opt_14,opt_4,82,free
of_48,opt_14,opt_4,83,free
of_48,opt_14,opt_4,84,free
of_48,opt_14,opt_4,85,free
of_48,opt_14,opt_4,86,free
of_48,opt_14,opt_4,87,free
of_48,opt_14,opt_4,88,free
of_48,opt_14,opt_4,89,free
of_48,opt_14,opt_4,90,free
of_48,opt_14,opt_4,91,free
of_48,opt_14,opt_4,92,free
of_48,opt_14,opt_4,93,free
of_48,opt_14,opt_4,94,free
of_48,opt_14,opt_4,95,free
of_48,opt_14,opt_4,96,free
of_48,opt_14,opt_4,97,free
of_48,opt_14,opt_4,98,free
of_48,opt_14,opt_4,99,free
of_49,opt_14,opt_6,0,free
of_49,opt_14,opt_6,1,free
of_49,opt_14,opt_6,2,free
of_49,opt_14,opt_6,3,free
of_49,opt_14,opt_6,4,free
of_49,opt_14,opt_6,5,free
of_49,opt_14,opt_6,6,free
of_49,opt_14,opt_6,7,free
of_49,opt_14,opt_6,8,free
of_49,opt_14,opt_6,9,free
of_49,opt_14,opt_6,10,free
of_49,opt_14,opt_6,11,free
of_49,opt_14,opt_6,12,free
of_49,opt_14,opt_6,13,free
of_49,opt_14,opt_6,14,free
of_49,opt_14,opt_6,15,free
of_49,opt_14,opt_6,16,free
of_49,opt_14,opt_6,17,free
of_49,opt_14,opt_6,18,free
of_49,opt_14,opt_6,19,free
of_49,opt_14,opt_6,20,free
of_49,opt_14,opt_6,21,free
of_49,opt_14,opt_6,22,free
of_49,opt_14,opt_6,23,free
of_49,opt_14,opt_6,24,free
of_49,opt_14,opt_6,25,free
of_49,opt_14,opt_6,26,free
of_49,opt_14,opt_6,27,free
of_49,opt_14,opt_6,28,free
of_49,opt_14,opt_6,29,free
of_49,opt_14,opt_6,30,free
of_49,opt_14,opt_6,31,free
of_49,opt_14,opt_6,32,free
of_49,opt_14,opt_6,33,free
of_49,opt_14,opt_6,34,free
of_49,opt_14,opt_6,35,free
of_49,opt_14,opt_6,36,free
of_49,opt_14,opt_6,37,free
of_49,opt_14,opt_6,38,free
of_49,opt_14,opt_6,39,free
of_49,opt_14,opt_6,40,free
of_49,opt_14,opt_6,41,free
of_49,opt_14,opt_6,42,free
of_49,opt_14,opt_6,43,free
of_49,opt_14,opt_6,44,free
of_49,opt_14,opt_6,45,free
of_49,opt_14,opt_6,46,free
of_49,opt_14,opt_6,47,free
of_49,opt_14,opt_6,48,free
of_49,opt_14,opt_6,49,free
of_49,opt_14,opt_6,50,free
of_49,opt_14,opt_6,51,free
of_49,opt_14,opt_6,52,free
of_49,opt_14,opt_6,53,free
of_49,opt_14,opt_6,54,free
of_49,opt_14,opt_6,55,free
of_49,opt_14,opt_6,56,free
of_49,opt_14,opt_6,57,free
of_49,opt_14,opt_6,58,free
of_49,opt_14,opt_6,59,free
of_49,opt_14,opt_6,60,free
of_49,opt_14,opt_6,61,free
of_49,opt_14,opt_6,62,free
of_49,opt_14,opt_6,63,free
of_49,opt_14,opt_6,64,free
of_49,opt_14,opt_6,65,free
of_49,opt_14,opt_6,66,free
of_49,opt_14,opt_6,67,free
of_49,opt_14,opt_6,68,free
of_49,opt_14,opt_6,69,free
of_49,opt_14,opt_6,70,free
of_49,opt_14,opt_6,71,free
of_49,opt_14,opt_6,72,free
of_49,opt_14,opt_6,73,free
of_49,opt_14,opt_6,74,free
of_49,opt_14,opt_6,75,free
of_49,opt_14,opt_6,76,free
of_49,opt_14,opt_6,77,free
of_49,opt_14,opt_6,78,free
of_49,opt_14,opt_6,79,free
of_49,opt_14,opt_6,80,free
of_49,opt_14,opt_6,81,free
of_49,opt_14,opt_6,82,free
of_49,opt_14,opt_6,83,free
of_49,opt_14,opt_6,84,free
of_49,opt_14,opt_6,85,free
of_49,opt_14,opt_6,86,free
of_49,opt_14,opt_6,87,free
of_49,opt_14,opt_6,88,free
of_49,opt_14,opt_6,89,free
of_49,opt_14,opt_6,90,free
of_49,opt_14,opt_6,91,free
of_49,opt_14,opt_6,92,free
of_49,opt_14,opt_6,93,free
of_49,opt_14,opt_6,94,free
of_49,opt_14,opt_6,95,free
of_49,opt_14,opt_6,96,free
of_49,opt_14,opt_6,97,free
of_49,opt_14,opt_6,98,free
of_49,opt_14,opt_6,99,free
of_50,opt_14,opt_7,0,free
of_50,opt_14,opt_7,1,free
of_50,opt_14,opt_7,2,free
of_50,opt_14,opt_7,3,free
of_50,opt_14,opt_7,4,free
of_50,opt_14,opt_7,5,free
of_50,opt_14,opt_7,6,free
of_50,opt_14,opt_7,7,free
of_50,opt_14,opt_7,8,free
of_50,opt_14,opt_7,9,free
of_50,opt_14,opt_7,10,free
of_50,opt_14,opt_7,11,free
of_50,opt_14,opt_7,12,free
of_50,opt_14,opt_7,13,free
of_50,opt_14,opt_7,14,free
of_50,opt_14,opt_7,15,free
of_50,opt_14,opt_7,16,free
of_50,opt_14,opt_7,17,free
of_50,opt_14,opt_7,18,free
of_50,opt_14,opt_7,19,free
of_50,opt_14,opt_7,20,free
of_50,opt_14,opt_7,21,free
of_50,opt_14,opt_7,22,free
of_50,opt_14,opt_7,23,free
of_50,opt_14,opt_7,24,free
of_50,opt_14,opt_7,25,free
of_50,opt_14,opt_7,26,free
of_50,opt_14,opt_7,27,free
of_50,opt_14,opt_7,28,free
of_50,opt_14,opt_7,29,free
of_50,opt_14,opt_7,30,free
of_50,opt_14,opt_7,31,free
of_50,opt_14,opt_7,32,free
of_50,opt_14,opt_7,33,free
of_50,opt_14,opt_7,34,free
of_50,opt_14,opt_7,35,free
of_50,opt_14,opt_7,36,free
of_50,opt_14,opt_7,37,free
of_50,opt_14,opt_7,38,free
of_50,opt_14,opt_7,39,free
of_50,opt_14,opt_7,40,free
of_50,opt_14,opt_7,41,free
of_50,opt_14,opt_7,42,free
of_50,opt_14,opt_7,43,free
of_50,opt_14,opt_7,44,free
of_50,opt_14,opt_7,45,free
of_50,opt_14,opt_7,46,free
of_50,opt_14,opt_7,47,free
of_50,opt_14,opt_7,48,free
of_50,opt_14,opt_7,49,free
of_50,opt_14,opt_7,50,free
of_50,opt_14,opt_7,51,free
of_50,opt_14,opt_7,52,free
of_50,opt_14,opt_7,53,free
of_50,opt_14,opt_7,54,free
of_50,opt_14,opt_7,55,free
of_50,opt_14,opt_7,56,free
of_50,opt_14,opt_7,57,free
of_50,opt_14,opt_7,58,free
of_50,opt_14,opt_7,59,free
of_50,opt_14,opt_7,60,free
of_50,opt_14,opt_7,61,free
of_50,opt_14,opt_7,62,free
of_50,opt_14,opt_7,63,free
of_50,opt_14,opt_7,64,free
of_50,opt_14,opt_7,65,free
of_50,opt_14,opt_7,66,free
of_50,opt_14,opt_7,67,free
of_50,opt_14,opt_7,68,free
of_50,opt_14,opt_7,69,free
of_50,opt_14,opt_7,70,free
of_50,opt_14,opt_7,71,free
of_50,opt_14,opt_7,72,free
of_50,opt_14,opt_7,73,free
of_50,opt_14,opt_7,74,free
of_50,opt_14,opt_7,75,free
of_50,opt_14,opt_7,76,free
of_50,opt_14,opt_7,77,free
of_50,opt_14,opt_7,78,free
of_50,opt_14,opt_7,79,free
of_50,opt_14,opt_7,80,free
of_50,opt_14,opt_7,81,free
of_50,opt_14,opt_7,82,free
of_50,opt_14,opt_7,83,free
of_50,opt_14,opt_7,84,free
of_50,opt_14,opt_7,85,free
of_50,opt_14,opt_7,86,free
of_50,opt_14,opt_7,87,free
of_50,opt_14,opt_7,88,free
of_50,opt_14,opt_7,89,free
of_50,opt_14,opt_7,90,free
of_50,opt_14,opt_7,91,free
of_50,opt_14,opt_7,92,free
of_50,opt_14,opt_7,93,free
of_50,opt_14,opt_7,94,free
of_50,opt_14,opt_7,95,free
of_50,opt_14,opt_7,96,free
of_50,opt_14,opt_7,97,free
of_50,opt_14,opt_7,98,free
of_50,opt_14,opt_7,99,free
of_51,opt_14,opt_8,0,free
of_51,opt_14,opt_8,1,free
of_51,opt_14,opt_8,2,free
of_51,opt_14,opt_8,3,free
of_51,opt_14,opt_8,4,free
of_51,opt_14,opt_8,5,free
of_51,opt_14,opt_8,6,free
of_51,opt_14,opt_8,7,free
of_51,opt_14,opt_8,8,free
of_51,opt_14,opt_8,9,free
of_51,opt_14,opt_8,10,free
of_51,opt_14,opt_8,11,free
of_51,opt_14,opt_8,12,free
of_51,opt_14,opt_8,13,free
of_51,opt_14,opt_8,14,free
of_51,opt_14,opt_8,15,free
of_51,opt_14,opt_8,16,free
of_51,opt_14,opt_8,17,free
of_51,opt_14,opt_8,18,free
of_51,opt_14,opt_8,19,free
of_51,opt_14,opt_8,20,free
of_51,opt_14,opt_8,21,free
of_51,opt_14,opt_8,22,free
of_51,opt_14,opt_8,23,free
of_51,opt_14,opt_8,24,free
of_51,opt_14,opt_8,25,free
of_51,opt_14,opt_8,26,free
of_51,opt_14,opt_8,27,free
of_51,opt_14,opt_8,28,free
of_51,opt_14,opt_8,29,free
of_51,opt_14,opt_8,30,free
of_51,opt_14,opt_8,31,free
of_51,opt_14,opt_8,32,free
of_51,opt_14,opt_8,33,free
of_51,opt_14,opt_8,34,free
of_51,opt_14,opt_8,35,free
of_51,opt_14,opt_8,36,free
of_51,opt_14,opt_8,37,free
of_51,opt_14,opt_8,38,free
of_51,opt_14,opt_8,39,free
of_51,opt_14,opt_8,40,free
of_51,opt_14,opt_8,41,free
of_51,opt_14,opt_8,42,free
of_51,opt_14,opt_8,43,free
of_51,opt_14,opt_8,44,free
of_51,opt_14,opt_8,45,free
of_51,opt_14,opt_8,46,free
of_51,opt_14,opt_8,47,free
of_51,opt_14,opt_8,48,free
of_51,opt_14,opt_8,49,free
of_51,opt_14,opt_8,50,free
of_51,opt_14,opt_8,51,free
of_51,opt_14,opt_8,52,free
of_51,opt_14,opt_8,53,free
of_51,opt_14,opt_8,54,free
of_51,opt_14,opt_8,55,free
of_51,opt_14,opt_8,56,free
of_51,opt_14,opt_8,57,free
of_51,opt_14,opt_8,58,free
of_51,opt_14,opt_8,59,free
of_51,opt_14,opt_8,60,free
of_51,opt_14,opt_8,61,free
of_51,opt_14,opt_8,62,free
of_51,opt_14,opt_8,63,free
of_51,opt_14,opt_8,64,free
of_51,opt_14,opt_8,65,free
of_51,opt_14,opt_8,66,free
of_51,opt_14,opt_8,67,free
of_51,opt_14,opt_8,68,free
of_51,opt_14,opt_8,69,free
of_51,opt_14,opt_8,70,free
of_51,opt_14,opt_8,71,free
of_51,opt_14,opt_8,72,free
of_51,opt_14,opt_8,73,free
of_51,opt_14,opt_8,74,free
of_51,opt_14,opt_8,75,free
of_51,opt_14,opt_8,76,free
of_51,opt_14,opt_8,77,free
of_51,opt_14,opt_8,78,free
of_51,opt_14,opt_8,79,free
of_51,opt_14,opt_8,80,free
of_51,opt_14,opt_8,81,free
of_51,opt_14,opt_8,82,free
of_51,opt_14,opt_8,83,free
of_51,opt_14,opt_8,84,free
of_51,opt_14,opt_8,85,free
of_51,opt_14,opt_8,86,free
of_51,opt_14,opt_8,87,free
of_51,opt_14,opt_8,88,free
of_51,opt_14,opt_8,89,free
of_51,opt_14,opt_8,90,free
of_51,opt_14,opt_8,91,free
of_51,opt_14,opt_8,92,free
of_51,opt_14,opt_8,93,free
of_51,opt_14,opt_8,94,free
of_51,opt_14,opt_8,95,free
of_51,opt_14,opt_8,96,free
of_51,opt_14,opt_8,97,free
of_51,opt_14,opt_8,98,free
of_51,opt_14,opt_8,99,free
of_52,opt_15,opt_29,0,free
of_52,opt_15,opt_29,1,free
of_52,opt_15,opt_29,2,free
of_52,opt_15,opt_29,3,free
of_52,opt_15,opt_29,4,free
of_52,opt_15,opt_29,5,free
of_52,opt_15,opt_29,6,free
of_52,opt_15,opt_29,7,free
of_52,opt_15,opt_29,8,free
of_52,opt_15,opt_29,9,free
of_52,opt_15,opt_29,10,free
of_52,opt_15,opt_29,11,free
of_52,opt_15,opt_29,12,free
of_52,opt_15,opt_29,13,free
of_52,opt_15,opt_29,14,free
of_52,opt_15,opt_29,15,free
of_52,opt_15,opt_29,16,free
of_52,opt_15,opt_29,17,free
of_52,opt_15,opt_29,18,free
of_52,opt_15,opt_29,19,free
of_52,opt_15,opt_29,20,free
of_52,opt_15,opt_29,21,free
of_52,opt_15,opt_29,22,free
of_52,opt_15,opt_29,23,free
of_52,opt_15,opt_29,24,free
of_52,opt_15,opt_29,25,free
of_52,opt_15,opt_29,26,free
of_52,opt_15,opt_29,27,free
of_52,opt_15,opt_29,28,free
of_52,opt_15,opt_29,29,free
of_52,opt_15,opt_29,30,free
of_52,opt_15,opt_29,31,free
of_52,opt_15,opt_29,32,free
of_52,opt_15,opt_29,33,free
of_52,opt_15,opt_29,34,free
of_52,opt_15,opt_29,35,free
of_52,opt_15,opt_29,36,free
of_52,opt_15,opt_29,37,free
of_52,opt_15,opt_29,38,free
of_52,opt_15,opt_29,39,free
of_52,opt_15,opt_29,40,free
of_52,opt_15,opt_29,41,free
of_52,opt_15,opt_29,42,free
of_52,opt_15,opt_29,43,free
of_52,opt_15,opt_29,44,free
of_52,opt_15,opt_29,45,free
of_52,opt_15,opt_29,46,free
of_52,opt_15,opt_29,47,free
of_52,opt_15,opt_29,48,free
of_52,opt_15,opt_29,49,free
of_52,opt_15,opt_29,50,free
of_52,opt_15,opt_29,51,free
of_52,opt_15,opt_29,52,free
of_52,opt_15,opt_29,53,free
of_52,opt_15,opt_29,54,free
of_52,opt_15,opt_29,55,free
of_52,opt_15,opt_29,56,free
of_52,opt_15,opt_29,57,free
of_52,opt_15,opt_29,58,free
of_52,opt_15,opt_29,59,free
of_52,opt_15,opt_29,60,free
of_52,opt_15,opt_29,61,free
of_52,opt_15,opt_29,62,free
of_52,opt_15,opt_29,63,free
of_52,opt_15,opt_29,64,free
of_52,opt_15,opt_29,65,free
of_52,opt_15,opt_29,66,free
of_52,opt_15,opt_29,67,free
of_52,opt_15,opt_29,68,free
of_52,opt_15,opt_29,69,free
of_52,opt_15,opt_29,70,free
of_52,opt_15,opt_29,71,free
of_52,opt_15,opt_29,72,free
of_52,opt_15,opt_29,73,free
of_52,opt_15,opt_29,74,free
of_52,opt_15,opt_29,75,free
of_52,opt_15,opt_29,76,free
of_52,opt_15,opt_29,77,free
of_52,opt_15,opt_29,78,free
of_52,opt_15,opt_29,79,free
of_52,opt_15,opt_29,80,free
of_52,opt_15,opt_29,81,free
of_52,opt_15,opt_29,82,free
of_52,opt_15,opt_29,83,free
of_52,opt_15,opt_29,84,free
of_52,opt_15,opt_29,85,free
of_52,opt_15,opt_29,86,free
of_52,opt_15,opt_29,87,free
of_52,opt_15,opt_29,88,free
of_52,opt_15,opt_29,89,free
of_52,opt_15,opt_29,90,free
of_52,opt_15,opt_29,91,free
of_52,opt_15,opt_29,92,free
of_52,opt_15,opt_29,93,free
of_52,opt_15,opt_29,94,free
of_52,opt_15,opt_29,95,free
of_52,opt_15,opt_29,96,free
of_52,opt_15,opt_29,97,free
of_52,opt_15,opt_29,98,free
of_52,opt_15,opt_29,99,free
of_53,opt_15,opt_31,0,free
of_53,opt_15,opt_31,1,free
of_53,opt_15,opt_31,2,free
of_53,opt_15,opt_31,3,free
of_53,opt_15,opt_31,4,free
of_53,opt_15,opt_31,5,free
of_53,opt_15,opt_31,6,free
of_53,opt_15,opt_31,7,free
of_53,opt_15,opt_31,8,free
of_53,opt_15,opt_31,9,free
of_53,opt_15,opt_31,10,free
of_53,opt_15,opt_31,11,free
of_53,opt_15,opt_31,12,free
of_53,opt_15,opt_31,13,free
of_53,opt_15,opt_31,14,free
of_53,opt_15,opt_31,15,free
of_53,opt_15,opt_31,16,free
of_53,opt_15,opt_31,17,free
of_53,opt_15,opt_31,18,free
of_53,opt_15,opt_31,19,free
of_53,opt_15,opt_31,20,free
of_53,opt_15,opt_31,21,free
of_53,opt_15,opt_31,22,free
of_53,opt_15,opt_31,23,free
of_53,opt_15,opt_31,24,free
of_53,opt_15,opt_31,25,free
of_53,opt_15,opt_31,26,free
of_53,opt_15,opt_31,27,free
of_53,opt_15,opt_31,28,free
of_53,opt_15,opt_31,29,free
of_53,opt_15,opt_31,30,free
of_53,opt_15,opt_31,31,free
of_53,opt_15,opt_31,32,free
of_53,opt_15,opt_31,33,free
of_53,opt_15,opt_31,34,free
of_53,opt_15,opt_31,35,free
of_53,opt_15,opt_31,36,free
of_53,opt_15,opt_31,37,free
of_53,opt_15,opt_31,38,free
of_53,opt_15,opt_31,39,free
of_53,opt_15,opt_31,40,free
of_53,opt_15,opt_31,41,free
of_53,opt_15,opt_31,42,free
of_53,opt_15,opt_31,43,free
of_53,opt_15,opt_31,44,free
of_53,opt_15,opt_31,45,free
of_53,opt_15,opt_31,46,free
of_53,opt_15,opt_31,47,free
of_53,opt_15,opt_31,48,free
of_53,opt_15,opt_31,49,free
of_53,opt_15,opt_31,50,free
of_53,opt_15,opt_31,51,free
of_53,opt_15,opt_31,52,free
of_53,opt_15,opt_31,53,free
of_53,opt_15,opt_31,54,free
of_53,opt_15,opt_31,55,free
of_53,opt_15,opt_31,56,free
of_53,opt_15,opt_31,57,free
of_53,opt_15,opt_31,58,free
of_53,opt_15,opt_31,59,free
of_53,opt_15,opt_31,60,free
of_53,opt_15,opt_31,61,free
of_53,opt_15,opt_31,62,free
of_53,opt_15,opt_31,63,free
of_53,opt_15,opt_31,64,free
of_53,opt_15,opt_31,65,free
of_53,opt_15,opt_31,66,free
of_53,opt_15,opt_31,67,free
of_53,opt_15,opt_31,68,free
of_53,opt_15,opt_31,69,free
of_53,opt_15,opt_31,70,free
of_53,opt_15,opt_31,71,free
of_53,opt_15,opt_31,72,free
of_53,opt_15,opt_31,73,free
of_53,opt_15,opt_31,74,free
of_53,opt_15,opt_31,75,free
of_53,opt_15,opt_31,76,free
of_53,opt_15,opt_31,77,free
of_53,opt_15,opt_31,78,free
of_53,opt_15,opt_31,79,free
of_53,opt_15,opt_31,80,free
of_53,opt_15,opt_31,81,free
of_53,opt_15,opt_31,82,free
of_53,opt_15,opt_31,83,free
of_53,opt_15,opt_31,84,free
of_53,opt_15,opt_31,85,free
of_53,opt_15,opt_31,86,free
of_53,opt_15,opt_31,87,free
of_53,opt_15,opt_31,88,free
of_53,opt_15,opt_31,89,free
of_53,opt_15,opt_31,90,free
of_53,opt_15,opt_31,91,free
of_53,opt_15,opt_31,92,free
of_53,opt_15,opt_31,93,free
of_53,opt_15,opt_31,94,free
of_53,opt_15,opt_31,95,free
of_53,opt_15,opt_31,96,free
of_53,opt_15,opt_31,97,free
of_53,opt_15,opt_31,98,free
of_53,opt_15,opt_31,99,free
of_54,opt_15,opt_6,0,free
of_54,opt_15,opt_6,1,free
of_54,opt_15,opt_6,2,free
of_54,opt_15,opt_6,3,free
of_54,opt_15,opt_6,4,free
of_54,opt_15,opt_6,5,free
of_54,opt_15,opt_6,6,free
of_54,opt_15,opt_6,7,free
of_54,opt_15,opt_6,8,free
of_54,opt_15,opt_6,9,free
of_54,opt_15,opt_6,10,free
of_54,opt_15,opt_6,11,free
of_54,opt_15,opt_6,12,free
of_54,opt_15,opt_6,13,free
of_54,opt_15,opt_6,14,free
of_54,opt_15,opt_6,15,free
of_54,opt_15,opt_6,16,free
of_54,opt_15,opt_6,17,free
of_54,opt_15,opt_6,18,free
of_54,opt_15,opt_6,19,free
of_54,opt_15,opt_6,20,free
of_54,opt_15,opt_6,21,free
of_54,opt_15,opt_6,22,free
of_54,opt_15,opt_6,23,free
of_54,opt_15,opt_6,24,free
of_54,opt_15,opt_6,25,free
of_54,opt_15,opt_6,26,free
of_54,opt_15,opt_6,27,free
of_54,opt_15,opt_6,28,free
of_54,opt_15,opt_6,29,free
of_54,opt_15,opt_6,30,free
of_54,opt_15,opt_6,31,free
of_54,opt_15,opt_6,32,free
of_54,opt_15,opt_6,33,free
of_54,opt_15,opt_6,34,free
of_54,opt_15,opt_6,35,free
of_54,opt_15,opt_6,36,free
of_54,opt_15,opt_6,37,free
of_54,opt_15,opt_6,38,free
of_54,opt_15,opt_6,39,free
of_54,opt_15,opt_6,40,free
of_54,opt_15,opt_6,41,free
of_54,opt_15,opt_6,42,free
of_54,opt_15,opt_6,43,free
of_54,opt_15,opt_6,44,free
of_54,opt_15,opt_6,45,free
of_54,opt_15,opt_6,46,free
of_54,opt_15,opt_6,47,free
of_54,opt_15,opt_6,48,free
of_54,opt_15,opt_6,49,free
of_54,opt_15,opt_6,50,free
of_54,opt_15,opt_6,51,free
of_54,opt_15,opt_6,52,free
of_54,opt_15,opt_6,53,free
of_54,opt_15,opt_6,54,free
of_54,opt_15,opt_6,55,free
of_54,opt_15,opt_6,56,free
of_54,opt_15,opt_6,57,free
of_54,opt_15,opt_6,58,free
of_54,opt_15,opt_6,59,free
of_54,opt_15,opt_6,60,free
of_54,opt_15,opt_6,61,free
of_54,opt_15,opt_6,62,free
of_54,opt_15,opt_6,63,free
of_54,opt_15,opt_6,64,free
of_54,opt_15,opt_6,65,free
of_54,opt_15,opt_6,66,free
of_54,opt_15,opt_6,67,free
of_54,opt_15,opt_6,68,free
of_54,opt_15,opt_6,69,free
of_54,opt_15,opt_6,70,free
of_54,opt_15,opt_6,71,free
of_54,opt_15,opt_6,72,free
of_54,opt_15,opt_6,73,free
of_54,opt_15,opt_6,74,free
of_54,opt_15,opt_6,75,free
of_54,opt_15,opt_6,76,free
of_54,opt_15,opt_6,77,free
of_54,opt_15,opt_6,78,free
of_54,opt_15,opt_6,79,free
of_54,opt_15,opt_6,80,free
of_54,opt_15,opt_6,81,free
of_54,opt_15,opt_6,82,free
of_54,opt_15,opt_6,83,free
of_54,opt_15,opt_6,84,free
of_54,opt_15,opt_6,85,free
of_54,opt_15,opt_6,86,free
of_54,opt_15,opt_6,87,free
of_54,opt_15,opt_6,88,free
of_54,opt_15,opt_6,89,free
of_54,opt_15,opt_6,90,free
of_54,opt_15,opt_6,91,free
of_54,opt_15,opt_6,92,free
of_54,opt_15,opt_6,93,free
of_54,opt_15,opt_6,94,free
of_54,opt_15,opt_6,95,free
of_54,opt_15,opt_6,96,free
of_54,opt_15,opt_6,97,free
of_54,opt_15,opt_6,98,free
of_54,opt_15,opt_6,99,free
of_55,opt_16,opt_18,0,free
of_55,opt_16,opt_18,1,free
of_55,opt_16,opt_18,2,free
of_55,opt_16,opt_18,3,free
of_55,opt_16,opt_18,4,free
of_55,opt_16,opt_18,5,free
of_55,opt_16,opt_18,6,free
of_55,opt_16,opt_18,7,free
of_55,opt_16,opt_18,8,free
of_55,opt_16,opt_18,9,free
of_55,opt_16,opt_18,10,free
of_55,opt_16,opt_18,11,free
of_55,opt_16,opt_18,12,free
of_55,opt_16,opt_18,13,free
of_55,opt_16,opt_18,14,free
of_55,opt_16,opt_18,15,free
of_55,opt_16,opt_18,16,free
of_55,opt_16,opt_18,17,free
of_55,opt_16,opt_18,18,free
of_55,opt_16,opt_18,19,free
of_55,opt_16,opt_18,20,free
of_55,opt_16,opt_18,21,free
of_55,opt_16,opt_18,22,free
of_55,opt_16,opt_18,23,free
of_55,opt_16,opt_18,24,free
of_55,opt_16,opt_18,25,free
of_55,opt_16,opt_18,26,free
of_55,opt_16,opt_18,27,free
of_55,opt_16,opt_18,28,free
of_55,opt_16,opt_18,29,free
of_55,opt_16,opt_18,30,free
of_55,opt_16,opt_18,31,free
of_55,opt_16,opt_18,32,free
of_55,opt_16,opt_18,33,free
of_55,opt_16,opt_18,34,free
of_55,opt_16,opt_18,35,free
of_55,opt_16,opt_18,36,free
of_55,opt_16,opt_18,37,free
of_55,opt_16,opt_18,38,free
of_55,opt_16,opt_18,39,free
of_55,opt_16,opt_18,40,free
of_55,opt_16,opt_18,41,free
of_55,opt_16,opt_18,42,free
of_55,opt_16,opt_18,43,free
of_55,opt_16,opt_18,44,free
of_55,opt_16,opt_18,45,free
of_55,opt_16,opt_18,46,free
of_55,opt_16,opt_18,47,free
of_55,opt_16,opt_18,48,free
of_55,opt_16,opt_18,49,free
of_55,opt_16,opt_18,50,free
of_55,opt_16,opt_18,51,free
of_55,opt_16,opt_18,52,free
of_55,opt_16,opt_18,53,free
of_55,opt_16,opt_18,54,free
of_55,opt_16,opt_18,55,free
of_55,opt_16,opt_18,56,free
of_55,opt_16,opt_18,57,free
of_55,opt_16,opt_18,58,free
of_55,opt_16,opt_18,59,free
of_55,opt_16,opt_18,60,free
of_55,opt_16,opt_18,61,free
of_55,opt_16,opt_18,62,free
of_55,opt_16,opt_18,63,free
of_55,opt_16,opt_18,64,free
of_55,opt_16,opt_18,65,free
of_55,opt_16,opt_18,66,free
of_55,opt_16,opt_18,67,free
of_55,opt_16,opt_18,68,free
of_55,opt_16,opt_18,69,free
of_55,opt_16,opt_18,70,free
of_55,opt_16,opt_18,71,free
of_55,opt_16,opt_18,72,free
of_55,opt_16,opt_18,73,free
of_55,opt_16,opt_18,74,free
of_55,opt_16,opt_18,75,free
of_55,opt_16,opt_18,76,free
of_55,opt_16,opt_18,77,free
of_55,opt_16,opt_18,78,free
of_55,opt_16,opt_18,79,free
of_55,opt_16,opt_18,80,free
of_55,opt_16,opt_18,81,free
of_55,opt_16,opt_18,82,free
of_55,opt_16,opt_18,83,free
of_55,opt_16,opt_18,84,free
of_55,opt_16,opt_18,85,free
of_55,opt_16,opt_18,86,free
of_55,opt_16,opt_18,87,free
of_55,opt_16,opt_18,88,free
of_55,opt_16,opt_18,89,free
of_55,opt_16,opt_18,90,free
of_55,opt_16,opt_18,91,free
of_55,opt_16,opt_18,92,free
of_55,opt_16,opt_18,93,free
of_55,opt_16,opt_18,94,free
of_55,opt_16,opt_18,95,free
of_55,opt_16,opt_18,96,free
of_55,opt_16,opt_18,97,free
of_55,opt_16,opt_18,98,free
of_55,opt_16,opt_18,99,free
of_56,opt_16,opt_27,0,free
of_56,opt_16,opt_27,1,free
of_56,opt_16,opt_27,2,free
of_56,opt_16,opt_27,3,free
of_56,opt_16,opt_27,4,free
of_56,opt_16,opt_27,5,free
of_56,opt_16,opt_27,6,free
of_56,opt_16,opt_27,7,free
of_56,opt_16,opt_27,8,free
of_56,opt_16,opt_27,9,free
of_56,opt_16,opt_27,10,free
of_56,opt_16,opt_27,11,free
of_56,opt_16,opt_27,12,free
of_56,opt_16,opt_27,13,free
of_56,opt_16,opt_27,14,free
of_56,opt_16,opt_27,15,free
of_56,opt_16,opt_27,16,free
of_56,opt_16,opt_27,17,free
of_56,opt_16,opt_27,18,free
of_56,opt_16,opt_27,19,free
of_56,opt_16,opt_27,20,free
of_56,opt_16,opt_27,21,free
of_56,opt_16,opt_27,22,free
of_56,opt_16,opt_27,23,free
of_56,opt_16,opt_27,24,free
of_56,opt_16,opt_27,25,free
of_56,opt_16,opt_27,26,free
of_56,opt_16,opt_27,27,free
of_56,opt_16,opt_27,28,free
of_56,opt_16,opt_27,29,free
of_56,opt_16,opt_27,30,free
of_56,opt_16,opt_27,31,free
of_56,opt_16,opt_27,32,free
of_56,opt_16,opt_27,33,free
of_56,opt_16,opt_27,34,free
of_56,opt_16,opt_27,35,free
of_56,opt_16,opt_27,36,free
of_56,opt_16,opt_27,37,free
of_56,opt_16,opt_27,38,free
of_56,opt_16,opt_27,39,free
of_56,opt_16,opt_27,40,free
of_56,opt_16,opt_27,41,free
of_56,opt_16,opt_27,42,free
of_56,opt_16,opt_27,43,free
of_56,opt_16,opt_27,44,free
of_56,opt_16,opt_27,45,free
of_56,opt_16,opt_27,46,free
of_56,opt_16,opt_27,47,free
of_56,opt_16,opt_27,48,free
of_56,opt_16,opt_27,49,free
of_56,opt_16,opt_27,50,free
of_56,opt_16,opt_27,51,free
of_56,opt_16,opt_27,52,free
of_56,opt_16,opt_27,53,free
of_56,opt_16,opt_27,54,free
of_56,opt_16,opt_27,55,free
of_56,opt_16,opt_27,56,free
of_56,opt_16,opt_27,57,free
of_56,opt_16,opt_27,58,free
of_56,opt_16,opt_27,59,free
of_56,opt_16,opt_27,60,free
of_56,opt_16,opt_27,61,free
of_56,opt_16,opt_27,62,free
of_56,opt_16,opt_27,63,free
of_56,opt_16,opt_27,64,free
of_56,opt_16,opt_27,65,free
of_56,opt_16,opt_27,66,free
of_56,opt_16,opt_27,67,free
of_56,opt_16,opt_27,68,free
of_56,opt_16,opt_27,69,free
of_56,opt_16,opt_27,70,free
of_56,opt_16,opt_27,71,free
of_56,opt_16,opt_27,72,free
of_56,opt_16,opt_27,73,free
of_56,opt_16,opt_27,74,free
of_56,opt_16,opt_27,75,free
of_56,opt_16,opt_27,76,free
of_56,opt_16,opt_27,77,free
of_56,opt_16,opt_27,78,free
of_56,opt_16,opt_27,79,free
of_56,opt_16,opt_27,80,free
of_56,opt_16,opt_27,81,free
of_56,opt_16,opt_27,82,free
of_56,opt_16,opt_27,83,free
of_56,opt_16,opt_27,84,free
of_56,opt_16,opt_27,85,free
of_56,opt_16,opt_27,86,free
of_56,opt_16,opt_27,87,free
of_56,opt_16,opt_27,88,free
of_56,opt_16,opt_27,89,free
of_56,opt_16,opt_27,90,free
of_56,opt_16,opt_27,91,free
of_56,opt_16,opt_27,92,free
of_56,opt_16,opt_27,93,free
of_56,opt_16,opt_27,94,free
of_56,opt_16,opt_27,95,free
of_56,opt_16,opt_27,96,free
of_56,opt_16,opt_27,97,free
of_56,opt_16,opt_27,98,free
of_56,opt_16,opt_27,99,free
of_57,opt_16,opt_3,0,free
of_57,opt_16,opt_3,1,free
of_57,opt_16,opt_3,2,free
of_57,opt_16,opt_3,3,free
of_57,opt_16,opt_3,4,free
of_57,opt_16,opt_3,5,free
of_57,opt_16,opt_3,6,free
of_57,opt_16,opt_3,7,free
of_57,opt_16,opt_3,8,free
of_57,opt_16,opt_3,9,free
of_57,opt_16,opt_3,10,free
of_57,opt_16,opt_3,11,free
of_57,opt_16,opt_3,12,free
of_57,opt_16,opt_3,13,free
of_57,opt_16,opt_3,14,free
of_57,opt_16,opt_3,15,free
of_57,opt_16,opt_3,16,free
of_57,opt_16,opt_3,17,free
of_57,opt_16,opt_3,18,free
of_57,opt_16,opt_3,19,free
of_57,opt_16,opt_3,20,free
of_57,opt_16,opt_3,21,free
of_57,opt_16,opt_3,22,free
of_57,opt_16,opt_3,23,free
of_57,opt_16,opt_3,24,free
of_57,opt_16,opt_3,25,free
of_57,opt_16,opt_3,26,free
of_57,opt_16,opt_3,27,free
of_57,opt_16,opt_3,28,free
of_57,opt_16,opt_3,29,free
of_57,opt_16,opt_3,30,free
of_57,opt_16,opt_3,31,free
of_57,opt_16,opt_3,32,free
of_57,opt_16,opt_3,33,free
of_57,opt_16,opt_3,34,free
of_57,opt_16,opt_3,35,free
of_57,opt_16,opt_3,36,free
of_57,opt_16,opt_3,37,free
of_57,opt_16,opt_3,38,free
of_57,opt_16,opt_3,39,free
of_57,opt_16,opt_3,40,free
of_57,opt_16,opt_3,41,free
of_57,opt_16,opt_3,42,free
of_57,opt_16,opt_3,43,free
of_57,opt_16,opt_3,44,free
of_57,opt_16,opt_3,45,free
of_57,opt_16,opt_3,46,free
of_57,opt_16,opt_3,47,free
of_57,opt_16,opt_3,48,free
of_57,opt_16,opt_3,49,free
of_57,opt_16,opt_3,50,free
of_57,opt_16,opt_3,51,free
of_57,opt_16,opt_3,52,free
of_57,opt_16,opt_3,53,free
of_57,opt_16,opt_3,54,free
of_57,opt_16,opt_3,55,free
of_57,opt_16,opt_3,56,free
of_57,opt_16,opt_3,57,free
of_57,opt_16,opt_3,58,free
of_57,opt_16,opt_3,59,free
of_57,opt_16,opt_3,60,free
of_57,opt_16,opt_3,61,free
of_57,opt_16,opt_3,62,free
of_57,opt_16,opt_3,63,free
of_57,opt_16,opt_3,64,free
of_57,opt_16,opt_3,65,free
of_57,opt_16,opt_3,66,free
of_57,opt_16,opt_3,67,free
of_57,opt_16,opt_3,68,free
of_57,opt_16,opt_3,69,free
of_57,opt_16,opt_3,70,free
of_57,opt_16,opt_3,71,free
of_57,opt_16,opt_3,72,free
of_57,opt_16,opt_3,73,free
of_57,opt_16,opt_3,74,free
of_57,opt_16,opt_3,75,free
of_57,opt_16,opt_3,76,free
of_57,opt_16,opt_3,77,free
of_57,opt_16,opt_3,78,free
of_57,opt_16,opt_3,79,free
of_57,opt_16,opt_3,80,free
of_57,opt_16,opt_3,81,free
of_57,opt_16,opt_3,82,free
of_57,opt_16,opt_3,83,free
of_57,opt_16,opt_3,84,free
of_57,opt_16,opt_3,85,free
of_57,opt_16,opt_3,86,free
of_57,opt_16,opt_3,87,free
of_57,opt_16,opt_3,88,free
of_57,opt_16,opt_3,89,free
of_57,opt_16,opt_3,90,free
of_57,opt_16,opt_3,91,free
of_57,opt_16,opt_3,92,free
of_57,opt_16,opt_3,93,free
of_57,opt_16,opt_3,94,free
of_57,opt_16,opt_3,95,free
of_57,opt_16,opt_3,96,free
of_57,opt_16,opt_3,97,free
of_57,opt_16,opt_3,98,free
of_57,opt_16,opt_3,99,free
of_58,opt_16,opt_30,0,free
of_58,opt_16,opt_30,1,free
of_58,opt_16,opt_30,2,free
of_58,opt_16,opt_30,3,free
of_58,opt_16,opt_30,4,free
of_58,opt_16,opt_30,5,free
of_58,opt_16,opt_30,6,free
of_58,opt_16,opt_30,7,free
of_58,opt_16,opt_30,8,free
of_58,opt_16,opt_30,9,free
of_58,opt_16,opt_30,10,free
of_58,opt_16,opt_30,11,free
of_58,opt_16,opt_30,12,free
of_58,opt_16,opt_30,13,free
of_58,opt_16,opt_30,14,free
of_58,opt_16,opt_30,15,free
of_58,opt_16,opt_30,16,free
of_58,opt_16,opt_30,17,free
of_58,opt_16,opt_30,18,free
of_58,opt_16,opt_30,19,free
of_58,opt_16,opt_30,20,free
of_58,opt_16,opt_30,21,free
of_58,opt_16,opt_30,22,free
of_58,opt_16,opt_30,23,free
of_58,opt_16,opt_30,24,free
of_58,opt_16,opt_30,25,free
of_58,opt_16,opt_30,26,free
of_58,opt_16,opt_30,27,free
of_58,opt_16,opt_30,28,free
of_58,opt_16,opt_30,29,free
of_58,opt_16,opt_30,30,free
of_58,opt_16,opt_30,31,free
of_58,opt_16,opt_30,32,free
of_58,opt_16,opt_30,33,free
of_58,opt_16,opt_30,34,free
of_58,opt_16,opt_30,35,free
of_58,opt_16,opt_30,36,free
of_58,opt_16,opt_30,37,free
of_58,opt_16,opt_30,38,free
of_58,opt_16,opt_30,39,free
of_58,opt_16,opt_30,40,free
of_58,opt_16,opt_30,41,free
of_58,opt_16,opt_30,42,free
of_58,opt_16,opt_30,43,free
of_58,opt_16,opt_30,44,free
of_58,opt_16,opt_30,45,free
of_58,opt_16,opt_30,46,free
of_58,opt_16,opt_30,47,free
of_58,opt_16,opt_30,48,free
of_58,opt_16,opt_30,49,free
of_58,opt_16,opt_30,50,free
of_58,opt_16,opt_30,51,free
of_58,opt_16,opt_30,52,free
of_58,opt_16,opt_30,53,free
of_58,opt_16,opt_30,54,free
of_58,opt_16,opt_30,55,free
of_58,opt_16,opt_30,56,free
of_58,opt_16,opt_30,57,free
of_58,opt_16,opt_30,58,free
of_58,opt_16,opt_30,59,free
of_58,opt_16,opt_30,60,free
of_58,opt_16,opt_30,61,free
of_58,opt_16,opt_30,62,free
of_58,opt_16,opt_30,63,free
of_58,opt_16,opt_30,64,free
of_58,opt_16,opt_30,65,free
of_58,opt_16,opt_30,66,free
of_58,opt_16,opt_30,67,free
of_58,opt_16,opt_30,68,free
of_58,opt_16,opt_30,69,free
of_58,opt_16,opt_30,70,free
of_58,opt_16,opt_30,71,free
of_58,opt_16,opt_30,72,free
of_58,opt_16,opt_30,73,free
of_58,opt_16,opt_30,74,free
of_58,opt_16,opt_30,75,free
of_58,opt_16,opt_30,76,free
of_58,opt_16,opt_30,77,free
of_58,opt_16,opt_30,78,free
of_58,opt_16,opt_30,79,free
of_58,opt_16,opt_30,80,free
of_58,opt_16,opt_30,81,free
of_58,opt_16,opt_30,82,free
of_58,opt_16,opt_30,83,free
of_58,opt_16,opt_30,84,free
of_58,opt_16,opt_30,85,free
of_58,opt_16,opt_30,86,free
of_58,opt_16,opt_30,87,free
of_58,opt_16,opt_30,88,free
of_58,opt_16,opt_30,89,free
of_58,opt_16,opt_30,90,free
of_58,opt_16,opt_30,91,free
of_58,opt_16,opt_30,92,free
of_58,opt_16,opt_30,93,free
of_58,opt_16,opt_30,94,free
of_58,opt_16,opt_30,95,free
of_58,opt_16,opt_30,96,free
of_58,opt_16,opt_30,97,free
of_58,opt_16,opt_30,98,free
of_58,opt_16,opt_30,99,free
of_59,opt_16,opt_31,0,free
of_59,opt_16,opt_31,1,free
of_59,opt_16,opt_31,2,free
of_59,opt_16,opt_31,3,free
of_59,opt_16,opt_31,4,free
of_59,opt_16,opt_31,5,free
of_59,opt_16,opt_31,6,free
of_59,opt_16,opt_31,7,free
of_59,opt_16,opt_31,8,free
of_59,opt_16,opt_31,9,free
of_59,opt_16,opt_31,10,free
of_59,opt_16,opt_31,11,free
of_59,opt_16,opt_31,12,free
of_59,opt_16,opt_31,13,free
of_59,opt_16,opt_31,14,free
of_59,opt_16,opt_31,15,free
of_59,opt_16,opt_31,16,free
of_59,opt_16,opt_31,17,free
of_59,opt_16,opt_31,18,free
of_59,opt_16,opt_31,19,free
of_59,opt_16,opt_31,20,free
of_59,opt_16,opt_31,21,free
of_59,opt_16,opt_31,22,free
of_59,opt_16,opt_31,23,free
of_59,opt_16,opt_31,24,free
of_59,opt_16,opt_31,25,free
of_59,opt_16,opt_31,26,free
of_59,opt_16,opt_31,27,free
of_59,opt_16,opt_31,28,free
of_59,opt_16,opt_31,29,free
of_59,opt_16,opt_31,30,free
of_59,opt_16,opt_31,31,free
of_59,opt_16,opt_31,32,free
of_59,opt_16,opt_31,33,free
of_59,opt_16,opt_31,34,free
of_59,opt_16,opt_31,35,free
of_59,opt_16,opt_31,36,free
of_59,opt_16,opt_31,37,free
of_59,opt_16,opt_31,38,free
of_59,opt_16,opt_31,39,free
of_59,opt_16,opt_31,40,free
of_59,opt_16,opt_31,41,free
of_59,opt_16,opt_31,42,free
of_59,opt_16,opt_31,43,free
of_59,opt_16,opt_31,44,free
of_59,opt_16,opt_31,45,free
of_59,opt_16,opt_31,46,free
of_59,opt_16,opt_31,47,free
of_59,opt_16,opt_31,48,free
of_59,opt_16,opt_31,49,free
of_59,opt_16,opt_31,50,free
of_59,opt_16,opt_31,51,free
of_59,opt_16,opt_31,52,free
of_59,opt_16,opt_31,53,free
of_59,opt_16,opt_31,54,free
of_59,opt_16,opt_31,55,free
of_59,opt_16,opt_31,56,free
of_59,opt_16,opt_31,57,free
of_59,opt_16,opt_31,58,free
of_59,opt_16,opt_31,59,free
of_59,opt_16,opt_31,60,free
of_59,opt_16,opt_31,61,free
of_59,opt_16,opt_31,62,free
of_59,opt_16,opt_31,63,free
of_59,opt_16,opt_31,64,free
of_59,opt_16,opt_31,65,free
of_59,opt_16,opt_31,66,free
of_59,opt_16,opt_31,67,free
of_59,opt_16,opt_31,68,free
of_59,opt_16,opt_31,69,free
of_59,opt_16,opt_31,70,free
of_59,opt_16,opt_31,71,free
of_59,opt_16,opt_31,72,free
of_59,opt_16,opt_31,73,free
of_59,opt_16,opt_31,74,free
of_59,opt_16,opt_31,75,free
of_59,opt_16,opt_31,76,free
of_59,opt_16,opt_31,77,free
of_59,opt_16,opt_31,78,free
of_59,opt_16,opt_31,79,free
of_59,opt_16,opt_31,80,free
of_59,opt_16,opt_31,81,free
of_59,opt_16,opt_31,82,free
of_59,opt_16,opt_31,83,free
of_59,opt_16,opt_31,84,free
of_59,opt_16,opt_31,85,free
of_59,opt_16,opt_31,86,free
of_59,opt_16,opt_31,87,free
of_59,opt_16,opt_31,88,free
of_59,opt_16,opt_31,89,free
of_59,opt_16,opt_31,90,free
of_59,opt_16,opt_31,91,free
of_59,opt_16,opt_31,92,free
of_59,opt_16,opt_31,93,free
of_59,opt_16,opt_31,94,free
of_59,opt_16,opt_31,95,free
of_59,opt_16,opt_31,96,free
of_59,opt_16,opt_31,97,free
of_59,opt_16,opt_31,98,free
of_59,opt_16,opt_31,99,free
of_60,opt_16,opt_4,0,free
of_60,opt_16,opt_4,1,free
of_60,opt_16,opt_4,2,free
of_60,opt_16,opt_4,3,free
of_60,opt_16,opt_4,4,free
of_60,opt_16,opt_4,5,free
of_60,opt_16,opt_4,6,free
of_60,opt_16,opt_4,7,free
of_60,opt_16,opt_4,8,free
of_60,opt_16,opt_4,9,free
of_60,opt_16,opt_4,10,free
of_60,opt_16,opt_4,11,free
of_60,opt_16,opt_4,12,free
of_60,opt_16,opt_4,13,free
of_60,opt_16,opt_4,14,free
of_60,opt_16,opt_4,15,free
of_60,opt_16,opt_4,16,free
of_60,opt_16,opt_4,17,free
of_60,opt_16,opt_4,18,free
of_60,opt_16,opt_4,19,free
of_60,opt_16,opt_4,20,free
of_60,opt_16,opt_4,21,free
of_60,opt_16,opt_4,22,free
of_60,opt_16,opt_4,23,free
of_60,opt_16,opt_4,24,free
of_60,opt_16,opt_4,25,free
of_60,opt_16,opt_4,26,free
of_60,opt_16,opt_4,27,free
of_60,opt_16,opt_4,28,free
of_60,opt_16,opt_4,29,free
of_60,opt_16,opt_4,30,free
of_60,opt_16,opt_4,31,free
of_60,opt_16,opt_4,32,free
of_60,opt_16,opt_4,33,free
of_60,opt_16,opt_4,34,free
of_60,opt_16,opt_4,35,free
of_60,opt_16,opt_4,36,free
of_60,opt_16,opt_4,37,free
of_60,opt_16,opt_4,38,free
of_60,opt_16,opt_4,39,free
of_60,opt_16,opt_4,40,free
of_60,opt_16,opt_4,41,free
of_60,opt_16,opt_4,42,free
of_60,opt_16,opt_4,43,free
of_60,opt_16,opt_4,44,free
of_60,opt_16,opt_4,45,free
of_60,opt_16,opt_4,46,free
of_60,opt_16,opt_4,47,free
of_60,opt_16,opt_4,48,free
of_60,opt_16,opt_4,49,free
of_60,opt_16,opt_4,50,free
of_60,opt_16,opt_4,51,free
of_60,opt_16,opt_4,52,free
of_60,opt_16,opt_4,53,free
of_60,opt_16,opt_4,54,free
of_60,opt_16,opt_4,55,free
of_60,opt_16,opt_4,56,free
of_60,opt_16,opt_4,57,free
of_60,opt_16,opt_4,58,free
of_60,opt_16,opt_4,59,free
of_60,opt_16,opt_4,60,free
of_60,opt_16,opt_4,61,free
of_60,opt_16,opt_4,62,free
of_60,opt_16,opt_4,63,free
of_60,opt_16,opt_4,64,free
of_60,opt_16,opt_4,65,free
of_60,opt_16,opt_4,66,free
of_60,opt_16,opt_4,67,free
of_60,opt_16,opt_4,68,free
of_60,opt_16,opt_4,69,free
of_60,opt_16,opt_4,70,free
of_60,opt_16,opt_4,71,free
of_60,opt_16,opt_4,72,free
of_60,opt_16,opt_4,73,free
of_60,opt_16,opt_4,74,free
of_60,opt_16,opt_4,75,free
of_60,opt_16,opt_4,76,free
of_60,opt_16,opt_4,77,free
of_60,opt_16,opt_4,78,free
of_60,opt_16,opt_4,79,free
of_60,opt_16,opt_4,80,free
of_60,opt_16,opt_4,81,free
of_60,opt_16,opt_4,82,free
of_60,opt_16,opt_4,83,free
of_60,opt_16,opt_4,84,free
of_60,opt_16,opt_4,85,free
of_60,opt_16,opt_4,86,free
of_60,opt_16,opt_4,87,free
of_60,opt_16,opt_4,88,free
of_60,opt_16,opt_4,89,free
of_60,opt_16,opt_4,90,free
of_60,opt_16,opt_4,91,free
of_60,opt_16,opt_4,92,free
of_60,opt_16,opt_4,93,free
of_60,opt_16,opt_4,94,free
of_60,opt_16,opt_4,95,free
of_60,opt_16,opt_4,96,free
of_60,opt_16,opt_4,97,free
of_60,opt_16,opt_4,98,free
of_60,opt_16,opt_4,99,free
of_61,opt_17,opt_19,0,free
of_61,opt_17,opt_19,1,free
of_61,opt_17,opt_19,2,free
of_61,opt_17,opt_19,3,free
of_61,opt_17,opt_19,4,free
of_61,opt_17,opt_19,5,free
of_61,opt_17,opt_19,6,free
of_61,opt_17,opt_19,7,free
of_61,opt_17,opt_19,8,free
of_61,opt_17,opt_19,9,free
of_61,opt_17,opt_19,10,free
of_61,opt_17,opt_19,11,free
of_61,opt_17,opt_19,12,free
of_61,opt_17,opt_19,13,free
of_61,opt_17,opt_19,14,free
of_61,opt_17,opt_19,15,free
of_61,opt_17,opt_19,16,free
of_61,opt_17,opt_19,17,free
of_61,opt_17,opt_19,18,free
of_61,opt_17,opt_19,19,free
of_61,opt_17,opt_19,20,free
of_61,opt_17,opt_19,21,free
of_61,opt_17,opt_19,22,free
of_61,opt_17,opt_19,23,free
of_61,opt_17,opt_19,24,free
of_61,opt_17,opt_19,25,free
of_61,opt_17,opt_19,26,free
of_61,opt_17,opt_19,27,free
of_61,opt_17,opt_19,28,free
of_61,opt_17,opt_19,29,free
of_61,opt_17,opt_19,30,free
of_61,opt_17,opt_19,31,free
of_61,opt_17,opt_19,32,free
of_61,opt_17,opt_19,33,free
of_61,opt_17,opt_19,34,free
of_61,opt_17,opt_19,35,free
of_61,opt_17,opt_19,36,free
of_61,opt_17,opt_19,37,free
of_61,opt_17,opt_19,38,free
of_61,opt_17,opt_19,39,free
of_61,opt_17,opt_19,40,free
of_61,opt_17,opt_19,41,free
of_61,opt_17,opt_19,42,free
of_61,opt_17,opt_19,43,free
of_61,opt_17,opt_19,44,free
of_61,opt_17,opt_19,45,free
of_61,opt_17,opt_19,46,free
of_61,opt_17,opt_19,47,free
of_61,opt_17,opt_19,48,free
of_61,opt_17,opt_19,49,free
of_61,opt_17,opt_19,50,free
of_61,opt_17,opt_19,51,free
of_61,opt_17,opt_19,52,free
of_61,opt_17,opt_19,53,free
of_61,opt_17,opt_19,54,free
of_61,opt_17,opt_19,55,free
of_61,opt_17,opt_19,56,free
of_61,opt_17,opt_19,57,free
of_61,opt_17,opt_19,58,free
of_61,opt_17,opt_19,59,free
of_61,opt_17,opt_19,60,free
of_61,opt_17,opt_19,61,free
of_61,opt_17,opt_19,62,free
of_61,opt_17,opt_19,63,free
of_61,opt_17,opt_19,64,free
of_61,opt_17,opt_19,65,free
of_61,opt_17,opt_19,66,free
of_61,opt_17,opt_19,67,free
of_61,opt_17,opt_19,68,free
of_61,opt_17,opt_19,69,free
of_61,opt_17,opt_19,70,free
of_61,opt_17,opt_19,71,free
of_61,opt_17,opt_19,72,free
of_61,opt_17,opt_19,73,free
of_61,opt_17,opt_19,74,free
of_61,opt_17,opt_19,75,free
of_61,opt_17,opt_19,76,free
of_61,opt_17,opt_19,77,free
of_61,opt_17,opt_19,78,free
of_61,opt_17,opt_19,79,free
of_61,opt_17,opt_19,80,free
of_61,opt_17,opt_19,81,free
of_61,opt_17,opt_19,82,free
of_61,opt_17,opt_19,83,free
of_61,opt_17,opt_19,84,free
of_61,opt_17,opt_19,85,free
of_61,opt_17,opt_19,86,free
of_61,opt_17,opt_19,87,free
of_61,opt_17,opt_19,88,free
of_61,opt_17,opt_19,89,free
of_61,opt_17,opt_19,90,free
of_61,opt_17,opt_19,91,free
of_61,opt_17,opt_19,92,free
of_61,opt_17,opt_19,93,free
of_61,opt_17,opt_19,94,free
of_61,opt_17,opt_19,95,free
of_61,opt_17,opt_19,96,free
of_61,opt_17,opt_19,97,free
of_61,opt_17,opt_19,98,free
of_61,opt_17,opt_19,99,free
of_62,opt_17,opt_20,0,free
of_62,opt_17,opt_20,1,free
of_62,opt_17,opt_20,2,free
of_62,opt_17,opt_20,3,free
of_62,opt_17,opt_20,4,free
of_62,opt_17,opt_20,5,free
of_62,opt_17,opt_20,6,free
of_62,opt_17,opt_20,7,free
of_62,opt_17,opt_20,8,free
of_62,opt_17,opt_20,9,free
of_62,opt_17,opt_20,10,free
of_62,opt_17,opt_20,11,free
of_62,opt_17,opt_20,12,free
of_62,opt_17,opt_20,13,free
of_62,opt_17,opt_20,14,free
of_62,opt_17,opt_20,15,free
of_62,opt_17,opt_20,16,free
of_62,opt_17,opt_20,17,free
of_62,opt_17,opt_20,18,free
of_62,opt_17,opt_20,19,free
of_62,opt_17,opt_20,20,free
of_62,opt_17,opt_20,21,free
of_62,opt_17,opt_20,22,free
of_62,opt_17,opt_20,23,free
of_62,opt_17,opt_20,24,free
of_62,opt_17,opt_20,25,free
of_62,opt_17,opt_20,26,free
of_62,opt_17,opt_20,27,free
of_62,opt_17,opt_20,28,free
of_62,opt_17,opt_20,29,free
of_62,opt_17,opt_20,30,free
of_62,opt_17,opt_20,31,free
of_62,opt_17,opt_20,32,free
of_62,opt_17,opt_20,33,free
of_62,opt_17,opt_20,34,free
of_62,opt_17,opt_20,35,free
of_62,opt_17,opt_20,36,free
of_62,opt_17,opt_20,37,free
of_62,opt_17,opt_20,38,free
of_62,opt_17,opt_20,39,free
of_62,opt_17,opt_20,40,free
of_62,opt_17,opt_20,41,free
of_62,opt_17,opt_20,42,free
of_62,opt_17,opt_20,43,free
of_62,opt_17,opt_20,44,free
of_62,opt_17,opt_20,45,free
of_62,opt_17,opt_20,46,free
of_62,opt_17,opt_20,47,free
of_62,opt_17,opt_20,48,free
of_62,opt_17,opt_20,49,free
of_62,opt_17,opt_20,50,free
of_62,opt_17,opt_20,51,free
of_62,opt_17,opt_20,52,free
of_62,opt_17,opt_20,53,free
of_62,opt_17,opt_20,54,free
of_62,opt_17,opt_20,55,free
of_62,opt_17,opt_20,56,free
of_62,opt_17,opt_20,57,free
of_62,opt_17,opt_20,58,free
of_62,opt_17,opt_20,59,free
of_62,opt_17,opt_20,60,free
of_62,opt_17,opt_20,61,free
of_62,opt_17,opt_20,62,free
of_62,opt_17,opt_20,63,free
of_62,opt_17,opt_20,64,free
of_62,opt_17,opt_20,65,free
of_62,opt_17,opt_20,66,free
of_62,opt_17,opt_20,67,free
of_62,opt_17,opt_20,68,free
of_62,opt_17,opt_20,69,free
of_62,opt_17,opt_20,70,free
of_62,opt_17,opt_20,71,free
of_62,opt_17,opt_20,72,free
of_62,opt_17,opt_20,73,free
of_62,opt_17,opt_20,74,free
of_62,opt_17,opt_20,75,free
of_62,opt_17,opt_20,76,free
of_62,opt_17,opt_20,77,free
of_62,opt_17,opt_20,78,free
of_62,opt_17,opt_20,79,free
of_62,opt_17,opt_20,80,free
of_62,opt_17,opt_20,81,free
of_62,opt_17,opt_20,82,free
of_62,opt_17,opt_20,83,free
of_62,opt_17,opt_20,84,free
of_62,opt_17,opt_20,85,free
of_62,opt_17,opt_20,86,free
of_62,opt_17,opt_20,87,free
of_62,opt_17,opt_20,88,free
of_62,opt_17,opt_20,89,free
of_62,opt_17,opt_20,90,free
of_62,opt_17,opt_20,91,free
of_62,opt_17,opt_20,92,free
of_62,opt_17,opt_20,93,free
of_62,opt_17,opt_20,94,free
of_62,opt_17,opt_20,95,free
of_62,opt_17,opt_20,96,free
of_62,opt_17,opt_20,97,free
of_62,opt_17,opt_20,98,free
of_62,opt_17,opt_20,99,free
of_63,opt_17,opt_21,0,free
of_63,opt_17,opt_21,1,free
of_63,opt_17,opt_21,2,free
of_63,opt_17,opt_21,3,free
of_63,opt_17,opt_21,4,free
of_63,opt_17,opt_21,5,free
of_63,opt_17,opt_21,6,free
of_63,opt_17,opt_21,7,free
of_63,opt_17,opt_21,8,free
of_63,opt_17,opt_21,9,free
of_63,opt_17,opt_21,10,free
of_63,opt_17,opt_21,11,free
of_63,opt_17,opt_21,12,free
of_63,opt_17,opt_21,13,free
of_63,opt_17,opt_21,14,free
of_63,opt_17,opt_21,15,free
of_63,opt_17,opt_21,16,free
of_63,opt_17,opt_21,17,free
of_63,opt_17,opt_21,18,free
of_63,opt_17,opt_21,19,free
of_63,opt_17,opt_21,20,free
of_63,opt_17,opt_21,21,free
of_63,opt_17,opt_21,22,free
of_63,opt_17,opt_21,23,free
of_63,opt_17,opt_21,24,free
of_63,opt_17,opt_21,25,free
of_63,opt_17,opt_21,26,free
of_63,opt_17,opt_21,27,free
of_63,opt_17,opt_21,28,free
of_63,opt_17,opt_21,29,free
of_63,opt_17,opt_21,30,free
of_63,opt_17,opt_21,31,free
of_63,opt_17,opt_21,32,free
of_63,opt_17,opt_21,33,free
of_63,opt_17,opt_21,34,free
of_63,opt_17,opt_21,35,free
of_63,opt_17,opt_21,36,free
of_63,opt_17,opt_21,37,free
of_63,opt_17,opt_21,38,free
of_63,opt_17,opt_21,39,free
of_63,opt_17,opt_21,40,free
of_63,opt_17,opt_21,41,free
of_63,opt_17,opt_21,42,free
of_63,opt_17,opt_21,43,free
of_63,opt_17,opt_21,44,free
of_63,opt_17,opt_21,45,free
of_63,opt_17,opt_21,46,free
of_63,opt_17,opt_21,47,free
of_63,opt_17,opt_21,48,free
of_63,opt_17,opt_21,49,free
of_63,opt_17,opt_21,50,free
of_63,opt_17,opt_21,51,free
of_63,opt_17,opt_21,52,free
of_63,opt_17,opt_21,53,free
of_63,opt_17,opt_21,54,free
of_63,opt_17,opt_21,55,free
of_63,opt_17,opt_21,56,free
of_63,opt_17,opt_21,57,free
of_63,opt_17,opt_21,58,free
of_63,opt_17,opt_21,59,free
of_63,opt_17,opt_21,60,free
of_63,opt_17,opt_21,61,free
of_63,opt_17,opt_21,62,free
of_63,opt_17,opt_21,63,free
of_63,opt_17,opt_21,64,free
of_63,opt_17,opt_21,65,free
of_63,opt_17,opt_21,66,free
of_63,opt_17,opt_21,67,free
of_63,opt_17,opt_21,68,free
of_63,opt_17,opt_21,69,free
of_63,opt_17,opt_21,70,free
of_63,opt_17,opt_21,71,free
of_63,opt_17,opt_21,72,free
of_63,opt_17,opt_21,73,free
of_63,opt_17,opt_21,74,free
of_63,opt_17,opt_21,75,free
of_63,opt_17,opt_21,76,free
of_63,opt_17,opt_21,77,free
of_63,opt_17,opt_21,78,free
of_63,opt_17,opt_21,79,free
of_63,opt_17,opt_21,80,free
of_63,opt_17,opt_21,81,free
of_63,opt_17,opt_21,82,free
of_63,opt_17,opt_21,83,free
of_63,opt_17,opt_21,84,free
of_63,opt_17,opt_21,85,free
of_63,opt_17,opt_21,86,free
of_63,opt_17,opt_21,87,free
of_63,opt_17,opt_21,88,free
of_63,opt_17,opt_21,89,free
of_63,opt_17,opt_21,90,free
of_63,opt_17,opt_21,91,free
of_63,opt_17,opt_21,92,free
of_63,opt_17,opt_21,93,free
of_63,opt_17,opt_21,94,free
of_63,opt_17,opt_21,95,free
of_63,opt_17,opt_21,96,free
of_63,opt_17,opt_21,97,free
of_63,opt_17,opt_21,98,free
of_63,opt_17,opt_21,99,free
of_64,opt_17,opt_24,0,free
of_64,opt_17,opt_24,1,free
of_64,opt_17,opt_24,2,free
of_64,opt_17,opt_24,3,free
of_64,opt_17,opt_24,4,free
of_64,opt_17,opt_24,5,free
of_64,opt_17,opt_24,6,free
of_64,opt_17,opt_24,7,free
of_64,opt_17,opt_24,8,free
of_64,opt_17,opt_24,9,free
of_64,opt_17,opt_24,10,free
of_64,opt_17,opt_24,11,free
of_64,opt_17,opt_24,12,free
of_64,opt_17,opt_24,13,free
of_64,opt_17,opt_24,14,free
of_64,opt_17,opt_24,15,free
of_64,opt_17,opt_24,16,free
of_64,opt_17,opt_24,17,free
of_64,opt_17,opt_24,18,free
of_64,opt_17,opt_24,19,free
of_64,opt_17,opt_24,20,free
of_64,opt_17,opt_24,21,free
of_64,opt_17,opt_24,22,free
of_64,opt_17,opt_24,23,free
of_64,opt_17,opt_24,24,free
of_64,opt_17,opt_24,25,free
of_64,opt_17,opt_24,26,free
of_64,opt_17,opt_24,27,free
of_64,opt_17,opt_24,28,free
of_64,opt_17,opt_24,29,free
of_64,opt_17,opt_24,30,free
of_64,opt_17,opt_24,31,free
of_64,opt_17,opt_24,32,free
of_64,opt_17,opt_24,33,free
of_64,opt_17,opt_24,34,free
of_64,opt_17,opt_24,35,free
of_64,opt_17,opt_24,36,free
of_64,opt_17,opt_24,37,free
of_64,opt_17,opt_24,38,free
of_64,opt_17,opt_24,39,free
of_64,opt_17,opt_24,40,free
of_64,opt_17,opt_24,41,free
of_64,opt_17,opt_24,42,free
of_64,opt_17,opt_24,43,free
of_64,opt_17,opt_24,44,free
of_64,opt_17,opt_24,45,free
of_64,opt_17,opt_24,46,free
of_64,opt_17,opt_24,47,free
of_64,opt_17,opt_24,48,free
of_64,opt_17,opt_24,49,free
of_64,opt_17,opt_24,50,free
of_64,opt_17,opt_24,51,free
of_64,opt_17,opt_24,52,free
of_64,opt_17,opt_24,53,free
of_64,opt_17,opt_24,54,free
of_64,opt_17,opt_24,55,free
of_64,opt_17,opt_24,56,free
of_64,opt_17,opt_24,57,free
of_64,opt_17,opt_24,58,free
of_64,opt_17,opt_24,59,free
of_64,opt_17,opt_24,60,free
of_64,opt_17,opt_24,61,free
of_64,opt_17,opt_24,62,free
of_64,opt_17,opt_24,63,free
of_64,opt_17,opt_24,64,free
of_64,opt_17,opt_24,65,free
of_64,opt_17,opt_24,66,free
of_64,opt_17,opt_24,67,free
of_64,opt_17,opt_24,68,free
of_64,opt_17,opt_24,69,free
of_64,opt_17,opt_24,70,free
of_64,opt_17,opt_24,71,free
of_64,opt_17,opt_24,72,free
of_64,opt_17,opt_24,73,free
of_64,opt_17,opt_24,74,free
of_64,opt_17,opt_24,75,free
of_64,opt_17,opt_24,76,free
of_64,opt_17,opt_24,77,free
of_64,opt_17,opt_24,78,free
of_64,opt_17,opt_24,79,free
of_64,opt_17,opt_24,80,free
of_64,opt_17,opt_24,81,free
of_64,opt_17,opt_24,82,free
of_64,opt_17,opt_24,83,free
of_64,opt_17,opt_24,84,free
of_64,opt_17,opt_24,85,free
of_64,opt_17,opt_24,86,free
of_64,opt_17,opt_24,87,free
of_64,opt_17,opt_24,88,free
of_64,opt_17,opt_24,89,free
of_64,opt_17,opt_24,90,free
of_64,opt_17,opt_24,91,free
of_64,opt_17,opt_24,92,free
of_64,opt_17,opt_24,93,free
of_64,opt_17,opt_24,94,free
of_64,opt_17,opt_24,95,free
of_64,opt_17,opt_24,96,free
of_64,opt_17,opt_24,97,free
of_64,opt_17,opt_24,98,free
of_64,opt_17,opt_24,99,free
of_65,opt_17,opt_26,0,free
of_65,opt_17,opt_26,1,free
of_65,opt_17,opt_26,2,free
of_65,opt_17,opt_26,3,free
of_65,opt_17,opt_26,4,free
of_65,opt_17,opt_26,5,free
of_65,opt_17,opt_26,6,free
of_65,opt_17,opt_26,7,free
of_65,opt_17,opt_26,8,free
of_65,opt_17,opt_26,9,free
of_65,opt_17,opt_26,10,free
of_65,opt_17,opt_26,11,free
of_65,opt_17,opt_26,12,free
of_65,opt_17,opt_26,13,free
of_65,opt_17,opt_26,14,free
of_65,opt_17,opt_26,15,free
of_65,opt_17,opt_26,16,free
of_65,opt_17,opt_26,17,free
of_65,opt_17,opt_26,18,free
of_65,opt_17,opt_26,19,free
of_65,opt_17,opt_26,20,free
of_65,opt_17,opt_26,21,free
of_65,opt_17,opt_26,22,free
of_65,opt_17,opt_26,23,free
of_65,opt_17,opt_26,24,free
of_65,opt_17,opt_26,25,free
of_65,opt_17,opt_26,26,free
of_65,opt_17,opt_26,27,free
of_65,opt_17,opt_26,28,free
of_65,opt_17,opt_26,29,free
of_65,opt_17,opt_26,30,free
of_65,opt_17,opt_26,31,free
of_65,opt_17,opt_26,32,free
of_65,opt_17,opt_26,33,free
of_65,opt_17,opt_26,34,free
of_65,opt_17,opt_26,35,free
of_65,opt_17,opt_26,36,free
of_65,opt_17,opt_26,37,free
of_65,opt_17,opt_26,38,free
of_65,opt_17,opt_26,39,free
of_65,opt_17,opt_26,40,free
of_65,opt_17,opt_26,41,free
of_65,opt_17,opt_26,42,free
of_65,opt_17,opt_26,43,free
of_65,opt_17,opt_26,44,free
of_65,opt_17,opt_26,45,free
of_65,opt_17,opt_26,46,free
of_65,opt_17,opt_26,47,free
of_65,opt_17,opt_26,48,free
of_65,opt_17,opt_26,49,free
of_65,opt_17,opt_26,50,free
of_65,opt_17,opt_26,51,free
of_65,opt_17,opt_26,52,free
of_65,opt_17,opt_26,53,free
of_65,opt_17,opt_26,54,free
of_65,opt_17,opt_26,55,free
of_65,opt_17,opt_26,56,free
of_65,opt_17,opt_26,57,free
of_65,opt_17,opt_26,58,free
of_65,opt_17,opt_26,59,free
of_65,opt_17,opt_26,60,free
of_65,opt_17,opt_26,61,free
of_65,opt_17,opt_26,62,free
of_65,opt_17,opt_26,63,free
of_65,opt_17,opt_26,64,free
of_65,opt_17,opt_26,65,free
of_65,opt_17,opt_26,66,free
of_65,opt_17,opt_26,67,free
of_65,opt_17,opt_26,68,free
of_65,opt_17,opt_26,69,free
of_65,opt_17,opt_26,70,free
of_65,opt_17,opt_26,71,free
of_65,opt_17,opt_26,72,free
of_65,opt_17,opt_26,73,free
of_65,opt_17,opt_26,74,free
of_65,opt_17,opt_26,75,free
of_65,opt_17,opt_26,76,free
of_65,opt_17,opt_26,77,free
of_65,opt_17,opt_26,78,free
of_65,opt_17,opt_26,79,free
of_65,opt_17,opt_26,80,free
of_65,opt_17,opt_26,81,free
of_65,opt_17,opt_26,82,free
of_65,opt_17,opt_26,83,free
of_65,opt_17,opt_26,84,free
of_65,opt_17,opt_26,85,free
of_65,opt_17,opt_26,86,free
of_65,opt_17,opt_26,87,free
of_65,opt_17,opt_26,88,free
of_65,opt_17,opt_26,89,free
of_65,opt_17,opt_26,90,free
of_65,opt_17,opt_26,91,free
of_65,opt_17,opt_26,92,free
of_65,opt_17,opt_26,93,free
of_65,opt_17,opt_26,94,free
of_65,opt_17,opt_26,95,free
of_65,opt_17,opt_26,96,free
of_65,opt_17,opt_26,97,free
of_65,opt_17,opt_26,98,free
of_65,opt_17,opt_26,99,free
of_66,opt_17,opt_8,0,free
of_66,opt_17,opt_8,1,free
of_66,opt_17,opt_8,2,free
of_66,opt_17,opt_8,3,free
of_66,opt_17,opt_8,4,free
of_66,opt_17,opt_8,5,free
of_66,opt_17,opt_8,6,free
of_66,opt_17,opt_8,7,free
of_66,opt_17,opt_8,8,free
of_66,opt_17,opt_8,9,free
of_66,opt_17,opt_8,10,free
of_66,opt_17,opt_8,11,free
of_66,opt_17,opt_8,12,free
of_66,opt_17,opt_8,13,free
of_66,opt_17,opt_8,14,free
of_66,opt_17,opt_8,15,free
of_66,opt_17,opt_8,16,free
of_66,opt_17,opt_8,17,free
of_66,opt_17,opt_8,18,free
of_66,opt_17,opt_8,19,free
of_66,opt_17,opt_8,20,free
of_66,opt_17,opt_8,21,free
of_66,opt_17,opt_8,22,free
of_66,opt_17,opt_8,23,free
of_66,opt_17,opt_8,24,free
of_66,opt_17,opt_8,25,free
of_66,opt_17,opt_8,26,free
of_66,opt_17,opt_8,27,free
of_66,opt_17,opt_8,28,free
of_66,opt_17,opt_8,29,free
of_66,opt_17,opt_8,30,free
of_66,opt_17,opt_8,31,free
of_66,opt_17,opt_8,32,free
of_66,opt_17,opt_8,33,free
of_66,opt_17,opt_8,34,free
of_66,opt_17,opt_8,35,free
of_66,opt_17,opt_8,36,free
of_66,opt_17,opt_8,37,free
of_66,opt_17,opt_8,38,free
of_66,opt_17,opt_8,39,free
of_66,opt_17,opt_8,40,free
of_66,opt_17,opt_8,41,free
of_66,opt_17,opt_8,42,free
of_66,opt_17,opt_8,43,free
of_66,opt_17,opt_8,44,free
of_66,opt_17,opt_8,45,free
of_66,opt_17,opt_8,46,free
of_66,opt_17,opt_8,47,free
of_66,opt_17,opt_8,48,free
of_66,opt_17,opt_8,49,free
of_66,opt_17,opt_8,50,free
of_66,opt_17,opt_8,51,free
of_66,opt_17,opt_8,52,free
of_66,opt_17,opt_8,53,free
of_66,opt_17,opt_8,54,free
of_66,opt_17,opt_8,55,free
of_66,opt_17,opt_8,56,free
of_66,opt_17,opt_8,57,free
of_66,opt_17,opt_8,58,free
of_66,opt_17,opt_8,59,free
of_66,opt_17,opt_8,60,free
of_66,opt_17,opt_8,61,free
of_66,opt_17,opt_8,62,free
of_66,opt_17,opt_8,63,free
of_66,opt_17,opt_8,64,free
of_66,opt_17,opt_8,65,free
of_66,opt_17,opt_8,66,free
of_66,opt_17,opt_8,67,free
of_66,opt_17,opt_8,68,free
of_66,opt_17,opt_8,69,free
of_66,opt_17,opt_8,70,free
of_66,opt_17,opt_8,71,free
of_66,opt_17,opt_8,72,free
of_66,opt_17,opt_8,73,free
of_66,opt_17,opt_8,74,free
of_66,opt_17,opt_8,75,free
of_66,opt_17,opt_8,76,free
of_66,opt_17,opt_8,77,free
of_66,opt_17,opt_8,78,free
of_66,opt_17,opt_8,79,free
of_66,opt_17,opt_8,80,free
of_66,opt_17,opt_8,81,free
of_66,opt_17,opt_8,82,free
of_66,opt_17,opt_8,83,free
of_66,opt_17,opt_8,84,free
of_66,opt_17,opt_8,85,free
of_66,opt_17,opt_8,86,free
of_66,opt_17,opt_8,87,free
of_66,opt_17,opt_8,88,free
of_66,opt_17,opt_8,89,free
of_66,opt_17,opt_8,90,free
of_66,opt_17,opt_8,91,free
of_66,opt_17,opt_8,92,free
of_66,opt_17,opt_8,93,free
of_66,opt_17,opt_8,94,free
of_66,opt_17,opt_8,95,free
of_66,opt_17,opt_8,96,free
of_66,opt_17,opt_8,97,free
of_66,opt_17,opt_8,98,free
of_66,opt_17,opt_8,99,free
of_67,opt_17,opt_9,0,free
of_67,opt_17,opt_9,1,free
of_67,opt_17,opt_9,2,free
of_67,opt_17,opt_9,3,free
of_67,opt_17,opt_9,4,free
of_67,opt_17,opt_9,5,free
of_67,opt_17,opt_9,6,free
of_67,opt_17,opt_9,7,free
of_67,opt_17,opt_9,8,free
of_67,opt_17,opt_9,9,free
of_67,opt_17,opt_9,10,free
of_67,opt_17,opt_9,11,free
of_67,opt_17,opt_9,12,free
of_67,opt_17,opt_9,13,free
of_67,opt_17,opt_9,14,free
of_67,opt_17,opt_9,15,free
of_67,opt_17,opt_9,16,free
of_67,opt_17,opt_9,17,free
of_67,opt_17,opt_9,18,free
of_67,opt_17,opt_9,19,free
of_67,opt_17,opt_9,20,free
of_67,opt_17,opt_9,21,free
of_67,opt_17,opt_9,22,free
of_67,opt_17,opt_9,23,free
of_67,opt_17,opt_9,24,free
of_67,opt_17,opt_9,25,free
of_67,opt_17,opt_9,26,free
of_67,opt_17,opt_9,27,free
of_67,opt_17,opt_9,28,free
of_67,opt_17,opt_9,29,free
of_67,opt_17,opt_9,30,free
of_67,opt_17,opt_9,31,free
of_67,opt_17,opt_9,32,free
of_67,opt_17,opt_9,33,free
of_67,opt_17,opt_9,34,free
of_67,opt_17,opt_9,35,free
of_67,opt_17,opt_9,36,free
of_67,opt_17,opt_9,37,free
of_67,opt_17,opt_9,38,free
of_67,opt_17,opt_9,39,free
of_67,opt_17,opt_9,40,free
of_67,opt_17,opt_9,41,free
of_67,opt_17,opt_9,42,free
of_67,opt_17,opt_9,43,free
of_67,opt_17,opt_9,44,free
of_67,opt_17,opt_9,45,free
of_67,opt_17,opt_9,46,free
of_67,opt_17,opt_9,47,free
of_67,opt_17,opt_9,48,free
of_67,opt_17,opt_9,49,free
of_67,opt_17,opt_9,50,free
of_67,opt_17,opt_9,51,free
of_67,opt_17,opt_9,52,free
of_67,opt_17,opt_9,53,free
of_67,opt_17,opt_9,54,free
of_67,opt_17,opt_9,55,free
of_67,opt_17,opt_9,56,free
of_67,opt_17,opt_9,57,free
of_67,opt_17,opt_9,58,free
of_67,opt_17,opt_9,59,free
of_67,opt_17,opt_9,60,free
of_67,opt_17,opt_9,61,free
of_67,opt_17,opt_9,62,free
of_67,opt_17,opt_9,63,free
of_67,opt_17,opt_9,64,free
of_67,opt_17,opt_9,65,free
of_67,opt_17,opt_9,66,free
of_67,opt_17,opt_9,67,free
of_67,opt_17,opt_9,68,free
of_67,opt_17,opt_9,69,free
of_67,opt_17,opt_9,70,free
of_67,opt_17,opt_9,71,free
of_67,opt_17,opt_9,72,free
of_67,opt_17,opt_9,73,free
of_67,opt_17,opt_9,74,free
of_67,opt_17,opt_9,75,free
of_67,opt_17,opt_9,76,free
of_67,opt_17,opt_9,77,free
of_67,opt_17,opt_9,78,free
of_67,opt_17,opt_9,79,free
of_67,opt_17,opt_9,80,free
of_67,opt_17,opt_9,81,free
of_67,opt_17,opt_9,82,free
of_67,opt_17,opt_9,83,free
of_67,opt_17,opt_9,84,free
of_67,opt_17,opt_9,85,free
of_67,opt_17,opt_9,86,free
of_67,opt_17,opt_9,87,free
of_67,opt_17,opt_9,88,free
of_67,opt_17,opt_9,89,free
of_67,opt_17,opt_9,90,free
of_67,opt_17,opt_9,91,free
of_67,opt_17,opt_9,92,free
of_67,opt_17,opt_9,93,free
of_67,opt_17,opt_9,94,free
of_67,opt_17,opt_9,95,free
of_67,opt_17,opt_9,96,free
of_67,opt_17,opt_9,97,free
of_67,opt_17,opt_9,98,free
of_67,opt_17,opt_9,99,free
of_68,opt_18,opt_21,0,free
of_68,opt_18,opt_21,1,free
of_68,opt_18,opt_21,2,free
of_68,opt_18,opt_21,3,free
of_68,opt_18,opt_21,4,free
of_68,opt_18,opt_21,5,free
of_68,opt_18,opt_21,6,free
of_68,opt_18,opt_21,7,free
of_68,opt_18,opt_21,8,free
of_68,opt_18,opt_21,9,free
of_68,opt_18,opt_21,10,free
of_68,opt_18,opt_21,11,free
of_68,opt_18,opt_21,12,free
of_68,opt_18,opt_21,13,free
of_68,opt_18,opt_21,14,free
of_68,opt_18,opt_21,15,free
of_68,opt_18,opt_21,16,free
of_68,opt_18,opt_21,17,free
of_68,opt_18,opt_21,18,free
of_68,opt_18,opt_21,19,free
of_68,opt_18,opt_21,20,free
of_68,opt_18,opt_21,21,free
of_68,opt_18,opt_21,22,free
of_68,opt_18,opt_21,23,free
of_68,opt_18,opt_21,24,free
of_68,opt_18,opt_21,25,free
of_68,opt_18,opt_21,26,free
of_68,opt_18,opt_21,27,free
of_68,opt_18,opt_21,28,free
of_68,opt_18,opt_21,29,free
of_68,opt_18,opt_21,30,free
of_68,opt_18,opt_21,31,free
of_68,opt_18,opt_21,32,free
of_68,opt_18,opt_21,33,free
of_68,opt_18,opt_21,34,free
of_68,opt_18,opt_21,35,free
of_68,opt_18,opt_21,36,free
of_68,opt_18,opt_21,37,free
of_68,opt_18,opt_21,38,free
of_68,opt_18,opt_21,39,free
of_68,opt_18,opt_21,40,free
of_68,opt_18,opt_21,41,free
of_68,opt_18,opt_21,42,free
of_68,opt_18,opt_21,43,free
of_68,opt_18,opt_21,44,free
of_68,opt_18,opt_21,45,free
of_68,opt_18,opt_21,46,free
of_68,opt_18,opt_21,47,free
of_68,opt_18,opt_21,48,free
of_68,opt_18,opt_21,49,free
of_68,opt_18,opt_21,50,free
of_68,opt_18,opt_21,51,free
of_68,opt_18,opt_21,52,free
of_68,opt_18,opt_21,53,free
of_68,opt_18,opt_21,54,free
of_68,opt_18,opt_21,55,free
of_68,opt_18,opt_21,56,free
of_68,opt_18,opt_21,57,free
of_68,opt_18,opt_21,58,free
of_68,opt_18,opt_21,59,free
of_68,opt_18,opt_21,60,free
of_68,opt_18,opt_21,61,free
of_68,opt_18,opt_21,62,free
of_68,opt_18,opt_21,63,free
of_68,opt_18,opt_21,64,free
of_68,opt_18,opt_21,65,free
of_68,opt_18,opt_21,66,free
of_68,opt_18,opt_21,67,free
of_68,opt_18,opt_21,68,free
of_68,opt_18,opt_21,69,free
of_68,opt_18,opt_21,70,free
of_68,opt_18,opt_21,71,free
of_68,opt_18,opt_21,72,free
of_68,opt_18,opt_21,73,free
of_68,opt_18,opt_21,74,free
of_68,opt_18,opt_21,75,free
of_68,opt_18,opt_21,76,free
of_68,opt_18,opt_21,77,free
of_68,opt_18,opt_21,78,free
of_68,opt_18,opt_21,79,free
of_68,opt_18,opt_21,80,free
of_68,opt_18,opt_21,81,free
of_68,opt_18,opt_21,82,free
of_68,opt_18,opt_21,83,free
of_68,opt_18,opt_21,84,free
of_68,opt_18,opt_21,85,free
of_68,opt_18,opt_21,86,free
of_68,opt_18,opt_21,87,free
of_68,opt_18,opt_21,88,free
of_68,opt_18,opt_21,89,free
of_68,opt_18,opt_21,90,free
of_68,opt_18,opt_21,91,free
of_68,opt_18,opt_21,92,free
of_68,opt_18,opt_21,93,free
of_68,opt_18,opt_21,94,free
of_68,opt_18,opt_21,95,free
of_68,opt_18,opt_21,96,free
of_68,opt_18,opt_21,97,free
of_68,opt_18,opt_21,98,free
of_68,opt_18,opt_21,99,free
of_69,opt_18,opt_3,0,free
of_69,opt_18,opt_3,1,free
of_69,opt_18,opt_3,2,free
of_69,opt_18,opt_3,3,free
of_69,opt_18,opt_3,4,free
of_69,opt_18,opt_3,5,free
of_69,opt_18,opt_3,6,free
of_69,opt_18,opt_3,7,free
of_69,opt_18,opt_3,8,free
of_69,opt_18,opt_3,9,free
of_69,opt_18,opt_3,10,free
of_69,opt_18,opt_3,11,free
of_69,opt_18,opt_3,12,free
of_69,opt_18,opt_3,13,free
of_69,opt_18,opt_3,14,free
of_69,opt_18,opt_3,15,free
of_69,opt_18,opt_3,16,free
of_69,opt_18,opt_3,17,free
of_69,opt_18,opt_3,18,free
of_69,opt_18,opt_3,19,free
of_69,opt_18,opt_3,20,free
of_69,opt_18,opt_3,21,free
of_69,opt_18,opt_3,22,free
of_69,opt_18,opt_3,23,free
of_69,opt_18,opt_3,24,free
of_69,opt_18,opt_3,25,free
of_69,opt_18,opt_3,26,free
of_69,opt_18,opt_3,27,free
of_69,opt_18,opt_3,28,free
of_69,opt_18,opt_3,29,free
of_69,opt_18,opt_3,30,free
of_69,opt_18,opt_3,31,free
of_69,opt_18,opt_3,32,free
of_69,opt_18,opt_3,33,free
of_69,opt_18,opt_3,34,free
of_69,opt_18,opt_3,35,free
of_69,opt_18,opt_3,36,free
of_69,opt_18,opt_3,37,free
of_69,opt_18,opt_3,38,free
of_69,opt_18,opt_3,39,free
of_69,opt_18,opt_3,40,free
of_69,opt_18,opt_3,41,free
of_69,opt_18,opt_3,42,free
of_69,opt_18,opt_3,43,free
of_69,opt_18,opt_3,44,free
of_69,opt_18,opt_3,45,free
of_69,opt_18,opt_3,46,free
of_69,opt_18,opt_3,47,free
of_69,opt_18,opt_3,48,free
of_69,opt_18,opt_3,49,free
of_69,opt_18,opt_3,50,free
of_69,opt_18,opt_3,51,free
of_69,opt_18,opt_3,52,free
of_69,opt_18,opt_3,53,free
of_69,opt_18,opt_3,54,free
of_69,opt_18,opt_3,55,free
of_69,opt_18,opt_3,56,free
of_69,opt_18,opt_3,57,free
of_69,opt_18,opt_3,58,free
of_69,opt_18,opt_3,59,free
of_69,opt_18,opt_3,60,free
of_69,opt_18,opt_3,61,free
of_69,opt_18,opt_3,62,free
of_69,opt_18,opt_3,63,free
of_69,opt_18,opt_3,64,free
of_69,opt_18,opt_3,65,free
of_69,opt_18,opt_3,66,free
of_69,opt_18,opt_3,67,free
of_69,opt_18,opt_3,68,free
of_69,opt_18,opt_3,69,free
of_69,opt_18,opt_3,70,free
of_69,opt_18,opt_3,71,free
of_69,opt_18,opt_3,72,free
of_69,opt_18,opt_3,73,free
of_69,opt_18,opt_3,74,free
of_69,opt_18,opt_3,75,free
of_69,opt_18,opt_3,76,free
of_69,opt_18,opt_3,77,free
of_69,opt_18,opt_3,78,free
of_69,opt_18,opt_3,79,free
of_69,opt_18,opt_3,80,free
of_69,opt_18,opt_3,81,free
of_69,opt_18,opt_3,82,free
of_69,opt_18,opt_3,83,free
of_69,opt_18,opt_3,84,free
of_69,opt_18,opt_3,85,free
of_69,opt_18,opt_3,86,free
of_69,opt_18,opt_3,87,free
of_69,opt_18,opt_3,88,free
of_69,opt_18,opt_3,89,free
of_69,opt_18,opt_3,90,free
of_69,opt_18,opt_3,91,free
of_69,opt_18,opt_3,92,free
of_69,opt_18,opt_3,93,free
of_69,opt_18,opt_3,94,free
of_69,opt_18,opt_3,95,free
of_69,opt_18,opt_3,96,free
of_69,opt_18,opt_3,97,free
of_69,opt_18,opt_3,98,free
of_69,opt_18,opt_3,99,free
of_70,opt_18,opt_30,0,free
of_70,opt_18,opt_30,1,free
of_70,opt_18,opt_30,2,free
of_70,opt_18,opt_30,3,free
of_70,opt_18,opt_30,4,free
of_70,opt_18,opt_30,5,free
of_70,opt_18,opt_30,6,free
of_70,opt_18,opt_30,7,free
of_70,opt_18,opt_30,8,free
of_70,opt_18,opt_30,9,free
of_70,opt_18,opt_30,10,free
of_70,opt_18,opt_30,11,free
of_70,opt_18,opt_30,12,free
of_70,opt_18,opt_30,13,free
of_70,opt_18,opt_30,14,free
of_70,opt_18,opt_30,15,free
of_70,opt_18,opt_30,16,free
of_70,opt_18,opt_30,17,free
of_70,opt_18,opt_30,18,free
of_70,opt_18,opt_30,19,free
of_70,opt_18,opt_30,20,free
of_70,opt_18,opt_30,21,free
of_70,opt_18,opt_30,22,free
of_70,opt_18,opt_30,23,free
of_70,opt_18,opt_30,24,free
of_70,opt_18,opt_30,25,free
of_70,opt_18,opt_30,26,free
of_70,opt_18,opt_30,27,free
of_70,opt_18,opt_30,28,free
of_70,opt_18,opt_30,29,free
of_70,opt_18,opt_30,30,free
of_70,opt_18,opt_30,31,free
of_70,opt_18,opt_30,32,free
of_70,opt_18,opt_30,33,free
of_70,opt_18,opt_30,34,free
of_70,opt_18,opt_30,35,free
of_70,opt_18,opt_30,36,free
of_70,opt_18,opt_30,37,free
of_70,opt_18,opt_30,38,free
of_70,opt_18,opt_30,39,free
of_70,opt_18,opt_30,40,free
of_70,opt_18,opt_30,41,free
of_70,opt_18,opt_30,42,free
of_70,opt_18,opt_30,43,free
of_70,opt_18,opt_30,44,free
of_70,opt_18,opt_30,45,free
of_70,opt_18,opt_30,46,free
of_70,opt_18,opt_30,47,free
of_70,opt_18,opt_30,48,free
of_70,opt_18,opt_30,49,free
of_70,opt_18,opt_30,50,free
of_70,opt_18,opt_30,51,free
of_70,opt_18,opt_30,52,free
of_70,opt_18,opt_30,53,free
of_70,opt_18,opt_30,54,free
of_70,opt_18,opt_30,55,free
of_70,opt_18,opt_30,56,free
of_70,opt_18,opt_30,57,free
of_70,opt_18,opt_30,58,free
of_70,opt_18,opt_30,59,free
of_70,opt_18,opt_30,60,free
of_70,opt_18,opt_30,61,free
of_70,opt_18,opt_30,62,free
of_70,opt_18,opt_30,63,free
of_70,opt_18,opt_30,64,free
of_70,opt_18,opt_30,65,free
of_70,opt_18,opt_30,66,free
of_70,opt_18,opt_30,67,free
of_70,opt_18,opt_30,68,free
of_70,opt_18,opt_30,69,free
of_70,opt_18,opt_30,70,free
of_70,opt_18,opt_30,71,free
of_70,opt_18,opt_30,72,free
of_70,opt_18,opt_30,73,free
of_70,opt_18,opt_30,74,free
of_70,opt_18,opt_30,75,free
of_70,opt_18,opt_30,76,free
of_70,opt_18,opt_30,77,free
of_70,opt_18,opt_30,78,free
of_70,opt_18,opt_30,79,free
of_70,opt_18,opt_30,80,free
of_70,opt_18,opt_30,81,free
of_70,opt_18,opt_30,82,free
of_70,opt_18,opt_30,83,free
of_70,opt_18,opt_30,84,free
of_70,opt_18,opt_30,85,free
of_70,opt_18,opt_30,86,free
of_70,opt_18,opt_30,87,free
of_70,opt_18,opt_30,88,free
of_70,opt_18,opt_30,89,free
of_70,opt_18,opt_30,90,free
of_70,opt_18,opt_30,91,free
of_70,opt_18,opt_30,92,free
of_70,opt_18,opt_30,93,free
of_70,opt_18,opt_30,94,free
of_70,opt_18,opt_30,95,free
of_70,opt_18,opt_30,96,free
of_70,opt_18,opt_30,97,free
of_70,opt_18,opt_30,98,free
of_70,opt_18,opt_30,99,free
of_71,opt_18,opt_4,0,free
of_71,opt_18,opt_4,1,free
of_71,opt_18,opt_4,2,free
of_71,opt_18,opt_4,3,free
of_71,opt_18,opt_4,4,free
of_71,opt_18,opt_4,5,free
of_71,opt_18,opt_4,6,free
of_71,opt_18,opt_4,7,free
of_71,opt_18,opt_4,8,free
of_71,opt_18,opt_4,9,free
of_71,opt_18,opt_4,10,free
of_71,opt_18,opt_4,11,free
of_71,opt_18,opt_4,12,free
of_71,opt_18,opt_4,13,free
of_71,opt_18,opt_4,14,free
of_71,opt_18,opt_4,15,free
of_71,opt_18,opt_4,16,free
of_71,opt_18,opt_4,17,free
of_71,opt_18,opt_4,18,free
of_71,opt_18,opt_4,19,free
of_71,opt_18,opt_4,20,free
of_71,opt_18,opt_4,21,free
of_71,opt_18,opt_4,22,free
of_71,opt_18,opt_4,23,free
of_71,opt_18,opt_4,24,free
of_71,opt_18,opt_4,25,free
of_71,opt_18,opt_4,26,free
of_71,opt_18,opt_4,27,free
of_71,opt_18,opt_4,28,free
of_71,opt_18,opt_4,29,free
of_71,opt_18,opt_4,30,free
of_71,opt_18,opt_4,31,free
of_71,opt_18,opt_4,32,free
of_71,opt_18,opt_4,33,free
of_71,opt_18,opt_4,34,free
of_71,opt_18,opt_4,35,free
of_71,opt_18,opt_4,36,free
of_71,opt_18,opt_4,37,free
of_71,opt_18,opt_4,38,free
of_71,opt_18,opt_4,39,free
of_71,opt_18,opt_4,40,free
of_71,opt_18,opt_4,41,free
of_71,opt_18,opt_4,42,free
of_71,opt_18,opt_4,43,free
of_71,opt_18,opt_4,44,free
of_71,opt_18,opt_4,45,free
of_71,opt_18,opt_4,46,free
of_71,opt_18,opt_4,47,free
of_71,opt_18,opt_4,48,free
of_71,opt_18,opt_4,49,free
of_71,opt_18,opt_4,50,free
of_71,opt_18,opt_4,51,free
of_71,opt_18,opt_4,52,free
of_71,opt_18,opt_4,53,free
of_71,opt_18,opt_4,54,free
of_71,opt_18,opt_4,55,free
of_71,opt_18,opt_4,56,free
of_71,opt_18,opt_4,57,free
of_71,opt_18,opt_4,58,free
of_71,opt_18,opt_4,59,free
of_71,opt_18,opt_4,60,free
of_71,opt_18,opt_4,61,free
of_71,opt_18,opt_4,62,free
of_71,opt_18,opt_4,63,free
of_71,opt_18,opt_4,64,free
of_71,opt_18,opt_4,65,free
of_71,opt_18,opt_4,66,free
of_71,opt_18,opt_4,67,free
of_71,opt_18,opt_4,68,free
of_71,opt_18,opt_4,69,free
of_71,opt_18,opt_4,70,free
of_71,opt_18,opt_4,71,free
of_71,opt_18,opt_4,72,free
of_71,opt_18,opt_4,73,free
of_71,opt_18,opt_4,74,free
of_71,opt_18,opt_4,75,free
of_71,opt_18,opt_4,76,free
of_71,opt_18,opt_4,77,free
of_71,opt_18,opt_4,78,free
of_71,opt_18,opt_4,79,free
of_71,opt_18,opt_4,80,free
of_71,opt_18,opt_4,81,free
of_71,opt_18,opt_4,82,free
of_71,opt_18,opt_4,83,free
of_71,opt_18,opt_4,84,free
of_71,opt_18,opt_4,85,free
of_71,opt_18,opt_4,86,free
of_71,opt_18,opt_4,87,free
of_71,opt_18,opt_4,88,free
of_71,opt_18,opt_4,89,free
of_71,opt_18,opt_4,90,free
of_71,opt_18,opt_4,91,free
of_71,opt_18,opt_4,92,free
of_71,opt_18,opt_4,93,free
of_71,opt_18,opt_4,94,free
of_71,opt_18,opt_4,95,free
of_71,opt_18,opt_4,96,free
of_71,opt_18,opt_4,97,free
of_71,opt_18,opt_4,98,free
of_71,opt_18,opt_4,99,free
of_72,opt_18,opt_8,0,free
of_72,opt_18,opt_8,1,free
of_72,opt_18,opt_8,2,free
of_72,opt_18,opt_8,3,free
of_72,opt_18,opt_8,4,free
of_72,opt_18,opt_8,5,free
of_72,opt_18,opt_8,6,free
of_72,opt_18,opt_8,7,free
of_72,opt_18,opt_8,8,free
of_72,opt_18,opt_8,9,free
of_72,opt_18,opt_8,10,free
of_72,opt_18,opt_8,11,free
of_72,opt_18,opt_8,12,free
of_72,opt_18,opt_8,13,free
of_72,opt_18,opt_8,14,free
of_72,opt_18,opt_8,15,free
of_72,opt_18,opt_8,16,free
of_72,opt_18,opt_8,17,free
of_72,opt_18,opt_8,18,free
of_72,opt_18,opt_8,19,free
of_72,opt_18,opt_8,20,free
of_72,opt_18,opt_8,21,free
of_72,opt_18,opt_8,22,free
of_72,opt_18,opt_8,23,free
of_72,opt_18,opt_8,24,free
of_72,opt_18,opt_8,25,free
of_72,opt_18,opt_8,26,free
of_72,opt_18,opt_8,27,free
of_72,opt_18,opt_8,28,free
of_72,opt_18,opt_8,29,free
of_72,opt_18,opt_8,30,free
of_72,opt_18,opt_8,31,free
of_72,opt_18,opt_8,32,free
of_72,opt_18,opt_8,33,free
of_72,opt_18,opt_8,34,free
of_72,opt_18,opt_8,35,free
of_72,opt_18,opt_8,36,free
of_72,opt_18,opt_8,37,free
of_72,opt_18,opt_8,38,free
of_72,opt_18,opt_8,39,free
of_72,opt_18,opt_8,40,free
of_72,opt_18,opt_8,41,free
of_72,opt_18,opt_8,42,free
of_72,opt_18,opt_8,43,free
of_72,opt_18,opt_8,44,free
of_72,opt_18,opt_8,45,free
of_72,opt_18,opt_8,46,free
of_72,opt_18,opt_8,47,free
of_72,opt_18,opt_8,48,free
of_72,opt_18,opt_8,49,free
of_72,opt_18,opt_8,50,free
of_72,opt_18,opt_8,51,free
of_72,opt_18,opt_8,52,free
of_72,opt_18,opt_8,53,free
of_72,opt_18,opt_8,54,free
of_72,opt_18,opt_8,55,free
of_72,opt_18,opt_8,56,free
of_72,opt_18,opt_8,57,free
of_72,opt_18,opt_8,58,free
of_72,opt_18,opt_8,59,free
of_72,opt_18,opt_8,60,free
of_72,opt_18,opt_8,61,free
of_72,opt_18,opt_8,62,free
of_72,opt_18,opt_8,63,free
of_72,opt_18,opt_8,64,free
of_72,opt_18,opt_8,65,free
of_72,opt_18,opt_8,66,free
of_72,opt_18,opt_8,67,free
of_72,opt_18,opt_8,68,free
of_72,opt_18,opt_8,69,free
of_72,opt_18,opt_8,70,free
of_72,opt_18,opt_8,71,free
of_72,opt_18,opt_8,72,free
of_72,opt_18,opt_8,73,free
of_72,opt_18,opt_8,74,free
of_72,opt_18,opt_8,75,free
of_72,opt_18,opt_8,76,free
of_72,opt_18,opt_8,77,free
of_72,opt_18,opt_8,78,free
of_72,opt_18,opt_8,79,free
of_72,opt_18,opt_8,80,free
of_72,opt_18,opt_8,81,free
of_72,opt_18,opt_8,82,free
of_72,opt_18,opt_8,83,free
of_72,opt_18,opt_8,84,free
of_72,opt_18,opt_8,85,free
of_72,opt_18,opt_8,86,free
of_72,opt_18,opt_8,87,free
of_72,opt_18,opt_8,88,free
of_72,opt_18,opt_8,89,free
of_72,opt_18,opt_8,90,free
of_72,opt_18,opt_8,91,free
of_72,opt_18,opt_8,92,free
of_72,opt_18,opt_8,93,free
of_72,opt_18,opt_8,94,free
of_72,opt_18,opt_8,95,free
of_72,opt_18,opt_8,96,free
of_72,opt_18,opt_8,97,free
of_72,opt_18,opt_8,98,free
of_72,opt_18,opt_8,99,free
of_73,opt_19,opt_20,0,free
of_73,opt_19,opt_20,1,free
of_73,opt_19,opt_20,2,free
of_73,opt_19,opt_20,3,free
of_73,opt_19,opt_20,4,free
of_73,opt_19,opt_20,5,free
of_73,opt_19,opt_20,6,free
of_73,opt_19,opt_20,7,free
of_73,opt_19,opt_20,8,free
of_73,opt_19,opt_20,9,free
of_73,opt_19,opt_20,10,free
of_73,opt_19,opt_20,11,free
of_73,opt_19,opt_20,12,free
of_73,opt_19,opt_20,13,free
of_73,opt_19,opt_20,14,free
of_73,opt_19,opt_20,15,free
of_73,opt_19,opt_20,16,free
of_73,opt_19,opt_20,17,free
of_73,opt_19,opt_20,18,free
of_73,opt_19,opt_20,19,free
of_73,opt_19,opt_20,20,free
of_73,opt_19,opt_20,21,free
of_73,opt_19,opt_20,22,free
of_73,opt_19,opt_20,23,free
of_73,opt_19,opt_20,24,free
of_73,opt_19,opt_20,25,free
of_73,opt_19,opt_20,26,free
of_73,opt_19,opt_20,27,free
of_73,opt_19,opt_20,28,free
of_73,opt_19,opt_20,29,free
of_73,opt_19,opt_20,30,free
of_73,opt_19,opt_20,31,free
of_73,opt_19,opt_20,32,free
of_73,opt_19,opt_20,33,free
of_73,opt_19,opt_20,34,free
of_73,opt_19,opt_20,35,free
of_73,opt_19,opt_20,36,free
of_73,opt_19,opt_20,37,free
of_73,opt_19,opt_20,38,free
of_73,opt_19,opt_20,39,free
of_73,opt_19,opt_20,40,free
of_73,opt_19,opt_20,41,free
of_73,opt_19,opt_20,42,free
of_73,opt_19,opt_20,43,free
of_73,opt_19,opt_20,44,free
of_73,opt_19,opt_20,45,free
of_73,opt_19,opt_20,46,free
of_73,opt_19,opt_20,47,free
of_73,opt_19,opt_20,48,free
of_73,opt_19,opt_20,49,free
of_73,opt_19,opt_20,50,free
of_73,opt_19,opt_20,51,free
of_73,opt_19,opt_20,52,free
of_73,opt_19,opt_20,53,free
of_73,opt_19,opt_20,54,free
of_73,opt_19,opt_20,55,free
of_73,opt_19,opt_20,56,free
of_73,opt_19,opt_20,57,free
of_73,opt_19,opt_20,58,free
of_73,opt_19,opt_20,59,free
of_73,opt_19,opt_20,60,free
of_73,opt_19,opt_20,61,free
of_73,opt_19,opt_20,62,free
of_73,opt_19,opt_20,63,free
of_73,opt_19,opt_20,64,free
of_73,opt_19,opt_20,65,free
of_73,opt_19,opt_20,66,free
of_73,opt_19,opt_20,67,free
of_73,opt_19,opt_20,68,free
of_73,opt_19,opt_20,69,free
of_73,opt_19,opt_20,70,free
of_73,opt_19,opt_20,71,free
of_73,opt_19,opt_20,72,free
of_73,opt_19,opt_20,73,free
of_73,opt_19,opt_20,74,free
of_73,opt_19,opt_20,75,free
of_73,opt_19,opt_20,76,free
of_73,opt_19,opt_20,77,free
of_73,opt_19,opt_20,78,free
of_73,opt_19,opt_20,79,free
of_73,opt_19,opt_20,80,free
of_73,opt_19,opt_20,81,free
of_73,opt_19,opt_20,82,free
of_73,opt_19,opt_20,83,free
of_73,opt_19,opt_20,84,free
of_73,opt_19,opt_20,85,free
of_73,opt_19,opt_20,86,free
of_73,opt_19,opt_20,87,free
of_73,opt_19,opt_20,88,free
of_73,opt_19,opt_20,89,free
of_73,opt_19,opt_20,90,free
of_73,opt_19,opt_20,91,free
of_73,opt_19,opt_20,92,free
of_73,opt_19,opt_20,93,free
of_73,opt_19,opt_20,94,free
of_73,opt_19,opt_20,95,free
of_73,opt_19,opt_20,96,free
of_73,opt_19,opt_20,97,free
of_73,opt_19,opt_20,98,free
of_73,opt_19,opt_20,99,free
of_74,opt_19,opt_24,0,free
of_74,opt_19,opt_24,1,free
of_74,opt_19,opt_24,2,free
of_74,opt_19,opt_24,3,free
of_74,opt_19,opt_24,4,free
of_74,opt_19,opt_24,5,free
of_74,opt_19,opt_24,6,free
of_74,opt_19,opt_24,7,free
of_74,opt_19,opt_24,8,free
of_74,opt_19,opt_24,9,free
of_74,opt_19,opt_24,10,free
of_74,opt_19,opt_24,11,free
of_74,opt_19,opt_24,12,free
of_74,opt_19,opt_24,13,free
of_74,opt_19,opt_24,14,free
of_74,opt_19,opt_24,15,free
of_74,opt_19,opt_24,16,free
of_74,opt_19,opt_24,17,free
of_74,opt_19,opt_24,18,free
of_74,opt_19,opt_24,19,free
of_74,opt_19,opt_24,20,free
of_74,opt_19,opt_24,21,free
of_74,opt_19,opt_24,22,free
of_74,opt_19,opt_24,23,free
of_74,opt_19,opt_24,24,free
of_74,opt_19,opt_24,25,free
of_74,opt_19,opt_24,26,free
of_74,opt_19,opt_24,27,free
of_74,opt_19,opt_24,28,free
of_74,opt_19,opt_24,29,free
of_74,opt_19,opt_24,30,free
of_74,opt_19,opt_24,31,free
of_74,opt_19,opt_24,32,free
of_74,opt_19,opt_24,33,free
of_74,opt_19,opt_24,34,free
of_74,opt_19,opt_24,35,free
of_74,opt_19,opt_24,36,free
of_74,opt_19,opt_24,37,free
of_74,opt_19,opt_24,38,free
of_74,opt_19,opt_24,39,free
of_74,opt_19,opt_24,40,free
of_74,opt_19,opt_24,41,free
of_74,opt_19,opt_24,42,free
of_74,opt_19,opt_24,43,free
of_74,opt_19,opt_24,44,free
of_74,opt_19,opt_24,45,free
of_74,opt_19,opt_24,46,free
of_74,opt_19,opt_24,47,free
of_74,opt_19,opt_24,48,free
of_74,opt_19,opt_24,49,free
of_74,opt_19,opt_24,50,free
of_74,opt_19,opt_24,51,free
of_74,opt_19,opt_24,52,free
of_74,opt_19,opt_24,53,free
of_74,opt_19,opt_24,54,free
of_74,opt_19,opt_24,55,free
of_74,opt_19,opt_24,56,free
of_74,opt_19,opt_24,57,free
of_74,opt_19,opt_24,58,free
of_74,opt_19,opt_24,59,free
of_74,opt_19,opt_24,60,free
of_74,opt_19,opt_24,61,free
of_74,opt_19,opt_24,62,free
of_74,opt_19,opt_24,63,free
of_74,opt_19,opt_24,64,free
of_74,opt_19,opt_24,65,free
of_74,opt_19,opt_24,66,free
of_74,opt_19,opt_24,67,free
of_74,opt_19,opt_24,68,free
of_74,opt_19,opt_24,69,free
of_74,opt_19,opt_24,70,free
of_74,opt_19,opt_24,71,free
of_74,opt_19,opt_24,72,free
of_74,opt_19,opt_24,73,free
of_74,opt_19,opt_24,74,free
of_74,opt_19,opt_24,75,free
of_74,opt_19,opt_24,76,free
of_74,opt_19,opt_24,77,free
of_74,opt_19,opt_24,78,free
of_74,opt_19,opt_24,79,free
of_74,opt_19,opt_24,80,free
of_74,opt_19,opt_24,81,free
of_74,opt_19,opt_24,82,free
of_74,opt_19,opt_24,83,free
of_74,opt_19,opt_24,84,free
of_74,opt_19,opt_24,85,free
of_74,opt_19,opt_24,86,free
of_74,opt_19,opt_24,87,free
of_74,opt_19,opt_24,88,free
of_74,opt_19,opt_24,89,free
of_74,opt_19,opt_24,90,free
of_74,opt_19,opt_24,91,free
of_74,opt_19,opt_24,92,free
of_74,opt_19,opt_24,93,free
of_74,opt_19,opt_24,94,free
of_74,opt_19,opt_24,95,free
of_74,opt_19,opt_24,96,free
of_74,opt_19,opt_24,97,free
of_74,opt_19,opt_24,98,free
of_74,opt_19,opt_24,99,free
of_75,opt_19,opt_26,0,free
of_75,opt_19,opt_26,1,free
of_75,opt_19,opt_26,2,free
of_75,opt_19,opt_26,3,free
of_75,opt_19,opt_26,4,free
of_75,opt_19,opt_26,5,free
of_75,opt_19,opt_26,6,free
of_75,opt_19,opt_26,7,free
of_75,opt_19,opt_26,8,free
of_75,opt_19,opt_26,9,free
of_75,opt_19,opt_26,10,free
of_75,opt_19,opt_26,11,free
of_75,opt_19,opt_26,12,free
of_75,opt_19,opt_26,13,free
of_75,opt_19,opt_26,14,free
of_75,opt_19,opt_26,15,free
of_75,opt_19,opt_26,16,free
of_75,opt_19,opt_26,17,free
of_75,opt_19,opt_26,18,free
of_75,opt_19,opt_26,19,free
of_75,opt_19,opt_26,20,free
of_75,opt_19,opt_26,21,free
of_75,opt_19,opt_26,22,free
of_75,opt_19,opt_26,23,free
of_75,opt_19,opt_26,24,free
of_75,opt_19,opt_26,25,free
of_75,opt_19,opt_26,26,free
of_75,opt_19,opt_26,27,free
of_75,opt_19,opt_26,28,free
of_75,opt_19,opt_26,29,free
of_75,opt_19,opt_26,30,free
of_75,opt_19,opt_26,31,free
of_75,opt_19,opt_26,32,free
of_75,opt_19,opt_26,33,free
of_75,opt_19,opt_26,34,free
of_75,opt_19,opt_26,35,free
of_75,opt_19,opt_26,36,free
of_75,opt_19,opt_26,37,free
of_75,opt_19,opt_26,38,free
of_75,opt_19,opt_26,39,free
of_75,opt_19,opt_26,40,free
of_75,opt_19,opt_26,41,free
of_75,opt_19,opt_26,42,free
of_75,opt_19,opt_26,43,free
of_75,opt_19,opt_26,44,free
of_75,opt_19,opt_26,45,free
of_75,opt_19,opt_26,46,free
of_75,opt_19,opt_26,47,free
of_75,opt_19,opt_26,48,free
of_75,opt_19,opt_26,49,free
of_75,opt_19,opt_26,50,free
of_75,opt_19,opt_26,51,free
of_75,opt_19,opt_26,52,free
of_75,opt_19,opt_26,53,free
of_75,opt_19,opt_26,54,free
of_75,opt_19,opt_26,55,free
of_75,opt_19,opt_26,56,free
of_75,opt_19,opt_26,57,free
of_75,opt_19,opt_26,58,free
of_75,opt_19,opt_26,59,free
of_75,opt_19,opt_26,60,free
of_75,opt_19,opt_26,61,free
of_75,opt_19,opt_26,62,free
of_75,opt_19,opt_26,63,free
of_75,opt_19,opt_26,64,free
of_75,opt_19,opt_26,65,free
of_75,opt_19,opt_26,66,free
of_75,opt_19,opt_26,67,free
of_75,opt_19,opt_26,68,free
of_75,opt_19,opt_26,69,free
of_75,opt_19,opt_26,70,free
of_75,opt_19,opt_26,71,free
of_75,opt_19,opt_26,72,free
of_75,opt_19,opt_26,73,free
of_75,opt_19,opt_26,74,free
of_75,opt_19,opt_26,75,free
of_75,opt_19,opt_26,76,free
of_75,opt_19,opt_26,77,free
of_75,opt_19,opt_26,78,free
of_75,opt_19,opt_26,79,free
of_75,opt_19,opt_26,80,free
of_75,opt_19,opt_26,81,free
of_75,opt_19,opt_26,82,free
of_75,opt_19,opt_26,83,free
of_75,opt_19,opt_26,84,free
of_75,opt_19,opt_26,85,free
of_75,opt_19,opt_26,86,free
of_75,opt_19,opt_26,87,free
of_75,opt_19,opt_26,88,free
of_75,opt_19,opt_26,89,free
of_75,opt_19,opt_26,90,free
of_75,opt_19,opt_26,91,free
of_75,opt_19,opt_26,92,free
of_75,opt_19,opt_26,93,free
of_75,opt_19,opt_26,94,free
of_75,opt_19,opt_26,95,free
of_75,opt_19,opt_26,96,free
of_75,opt_19,opt_26,97,free
of_75,opt_19,opt_26,98,free
of_75,opt_19,opt_26,99,free
of_76,opt_19,opt_7,0,free
of_76,opt_19,opt_7,1,free
of_76,opt_19,opt_7,2,free
of_76,opt_19,opt_7,3,free
of_76,opt_19,opt_7,4,free
of_76,opt_19,opt_7,5,free
of_76,opt_19,opt_7,6,free
of_76,opt_19,opt_7,7,free
of_76,opt_19,opt_7,8,free
of_76,opt_19,opt_7,9,free
of_76,opt_19,opt_7,10,free
of_76,opt_19,opt_7,11,free
of_76,opt_19,opt_7,12,free
of_76,opt_19,opt_7,13,free
of_76,opt_19,opt_7,14,free
of_76,opt_19,opt_7,15,free
of_76,opt_19,opt_7,16,free
of_76,opt_19,opt_7,17,free
of_76,opt_19,opt_7,18,free
of_76,opt_19,opt_7,19,free
of_76,opt_19,opt_7,20,free
of_76,opt_19,opt_7,21,free
of_76,opt_19,opt_7,22,free
of_76,opt_19,opt_7,23,free
of_76,opt_19,opt_7,24,free
of_76,opt_19,opt_7,25,free
of_76,opt_19,opt_7,26,free
of_76,opt_19,opt_7,27,free
of_76,opt_19,opt_7,28,free
of_76,opt_19,opt_7,29,free
of_76,opt_19,opt_7,30,free
of_76,opt_19,opt_7,31,free
of_76,opt_19,opt_7,32,free
of_76,opt_19,opt_7,33,free
of_76,opt_19,opt_7,34,free
of_76,opt_19,opt_7,35,free
of_76,opt_19,opt_7,36,free
of_76,opt_19,opt_7,37,free
of_76,opt_19,opt_7,38,free
of_76,opt_19,opt_7,39,free
of_76,opt_19,opt_7,40,free
of_76,opt_19,opt_7,41,free
of_76,opt_19,opt_7,42,free
of_76,opt_19,opt_7,43,free
of_76,opt_19,opt_7,44,free
of_76,opt_19,opt_7,45,free
of_76,opt_19,opt_7,46,free
of_76,opt_19,opt_7,47,free
of_76,opt_19,opt_7,48,free
of_76,opt_19,opt_7,49,free
of_76,opt_19,opt_7,50,free
of_76,opt_19,opt_7,51,free
of_76,opt_19,opt_7,52,free
of_76,opt_19,opt_7,53,free
of_76,opt_19,opt_7,54,free
of_76,opt_19,opt_7,55,free
of_76,opt_19,opt_7,56,free
of_76,opt_19,opt_7,57,free
of_76,opt_19,opt_7,58,free
of_76,opt_19,opt_7,59,free
of_76,opt_19,opt_7,60,free
of_76,opt_19,opt_7,61,free
of_76,opt_19,opt_7,62,free
of_76,opt_19,opt_7,63,free
of_76,opt_19,opt_7,64,free
of_76,opt_19,opt_7,65,free
of_76,opt_19,opt_7,66,free
of_76,opt_19,opt_7,67,free
of_76,opt_19,opt_7,68,free
of_76,opt_19,opt_7,69,free
of_76,opt_19,opt_7,70,free
of_76,opt_19,opt_7,71,free
of_76,opt_19,opt_7,72,free
of_76,opt_19,opt_7,73,free
of_76,opt_19,opt_7,74,free
of_76,opt_19,opt_7,75,free
of_76,opt_19,opt_7,76,free
of_76,opt_19,opt_7,77,free
of_76,opt_19,opt_7,78,free
of_76,opt_19,opt_7,79,free
of_76,opt_19,opt_7,80,free
of_76,opt_19,opt_7,81,free
of_76,opt_19,opt_7,82,free
of_76,opt_19,opt_7,83,free
of_76,opt_19,opt_7,84,free
of_76,opt_19,opt_7,85,free
of_76,opt_19,opt_7,86,free
of_76,opt_19,opt_7,87,free
of_76,opt_19,opt_7,88,free
of_76,opt_19,opt_7,89,free
of_76,opt_19,opt_7,90,free
of_76,opt_19,opt_7,91,free
of_76,opt_19,opt_7,92,free
of_76,opt_19,opt_7,93,free
of_76,opt_19,opt_7,94,free
of_76,opt_19,opt_7,95,free
of_76,opt_19,opt_7,96,free
of_76,opt_19,opt_7,97,free
of_76,opt_19,opt_7,98,free
of_76,opt_19,opt_7,99,free
of_77,opt_19,opt_9,0,free
of_77,opt_19,opt_9,1,free
of_77,opt_19,opt_9,2,free
of_77,opt_19,opt_9,3,free
of_77,opt_19,opt_9,4,free
of_77,opt_19,opt_9,5,free
of_77,opt_19,opt_9,6,free
of_77,opt_19,opt_9,7,free
of_77,opt_19,opt_9,8,free
of_77,opt_19,opt_9,9,free
of_77,opt_19,opt_9,10,free
of_77,opt_19,opt_9,11,free
of_77,opt_19,opt_9,12,free
of_77,opt_19,opt_9,13,free
of_77,opt_19,opt_9,14,free
of_77,opt_19,opt_9,15,free
of_77,opt_19,opt_9,16,free
of_77,opt_19,opt_9,17,free
of_77,opt_19,opt_9,18,free
of_77,opt_19,opt_9,19,free
of_77,opt_19,opt_9,20,free
of_77,opt_19,opt_9,21,free
of_77,opt_19,opt_9,22,free
of_77,opt_19,opt_9,23,free
of_77,opt_19,opt_9,24,free
of_77,opt_19,opt_9,25,free
of_77,opt_19,opt_9,26,free
of_77,opt_19,opt_9,27,free
of_77,opt_19,opt_9,28,free
of_77,opt_19,opt_9,29,free
of_77,opt_19,opt_9,30,free
of_77,opt_19,opt_9,31,free
of_77,opt_19,opt_9,32,free
of_77,opt_19,opt_9,33,free
of_77,opt_19,opt_9,34,free
of_77,opt_19,opt_9,35,free
of_77,opt_19,opt_9,36,free
of_77,opt_19,opt_9,37,free
of_77,opt_19,opt_9,38,free
of_77,opt_19,opt_9,39,free
of_77,opt_19,opt_9,40,free
of_77,opt_19,opt_9,41,free
of_77,opt_19,opt_9,42,free
of_77,opt_19,opt_9,43,free
of_77,opt_19,opt_9,44,free
of_77,opt_19,opt_9,45,free
of_77,opt_19,opt_9,46,free
of_77,opt_19,opt_9,47,free
of_77,opt_19,opt_9,48,free
of_77,opt_19,opt_9,49,free
of_77,opt_19,opt_9,50,free
of_77,opt_19,opt_9,51,free
of_77,opt_19,opt_9,52,free
of_77,opt_19,opt_9,53,free
of_77,opt_19,opt_9,54,free
of_77,opt_19,opt_9,55,free
of_77,opt_19,opt_9,56,free
of_77,opt_19,opt_9,57,free
of_77,opt_19,opt_9,58,free
of_77,opt_19,opt_9,59,free
of_77,opt_19,opt_9,60,free
of_77,opt_19,opt_9,61,free
of_77,opt_19,opt_9,62,free
of_77,opt_19,opt_9,63,free
of_77,opt_19,opt_9,64,free
of_77,opt_19,opt_9,65,free
of_77,opt_19,opt_9,66,free
of_77,opt_19,opt_9,67,free
of_77,opt_19,opt_9,68,free
of_77,opt_19,opt_9,69,free
of_77,opt_19,opt_9,70,free
of_77,opt_19,opt_9,71,free
of_77,opt_19,opt_9,72,free
of_77,opt_19,opt_9,73,free
of_77,opt_19,opt_9,74,free
of_77,opt_19,opt_9,75,free
of_77,opt_19,opt_9,76,free
of_77,opt_19,opt_9,77,free
of_77,opt_19,opt_9,78,free
of_77,opt_19,opt_9,79,free
of_77,opt_19,opt_9,80,free
of_77,opt_19,opt_9,81,free
of_77,opt_19,opt_9,82,free
of_77,opt_19,opt_9,83,free
of_77,opt_19,opt_9,84,free
of_77,opt_19,opt_9,85,free
of_77,opt_19,opt_9,86,free
of_77,opt_19,opt_9,87,free
of_77,opt_19,opt_9,88,free
of_77,opt_19,opt_9,89,free
of_77,opt_19,opt_9,90,free
of_77,opt_19,opt_9,91,free
of_77,opt_19,opt_9,92,free
of_77,opt_19,opt_9,93,free
of_77,opt_19,opt_9,94,free
of_77,opt_19,opt_9,95,free
of_77,opt_19,opt_9,96,free
of_77,opt_19,opt_9,97,free
of_77,opt_19,opt_9,98,free
of_77,opt_19,opt_9,99,free
of_78,opt_2,opt_22,0,free
of_78,opt_2,opt_22,1,free
of_78,opt_2,opt_22,2,free
of_78,opt_2,opt_22,3,free
of_78,opt_2,opt_22,4,free
of_78,opt_2,opt_22,5,free
of_78,opt_2,opt_22,6,free
of_78,opt_2,opt_22,7,free
of_78,opt_2,opt_22,8,free
of_78,opt_2,opt_22,9,free
of_78,opt_2,opt_22,10,free
of_78,opt_2,opt_22,11,free
of_78,opt_2,opt_22,12,free
of_78,opt_2,opt_22,13,free
of_78,opt_2,opt_22,14,free
of_78,opt_2,opt_22,15,free
of_78,opt_2,opt_22,16,free
of_78,opt_2,opt_22,17,free
of_78,opt_2,opt_22,18,free
of_78,opt_2,opt_22,19,free
of_78,opt_2,opt_22,20,free
of_78,opt_2,opt_22,21,free
of_78,opt_2,opt_22,22,free
of_78,opt_2,opt_22,23,free
of_78,opt_2,opt_22,24,free
of_78,opt_2,opt_22,25,free
of_78,opt_2,opt_22,26,free
of_78,opt_2,opt_22,27,free
of_78,opt_2,opt_22,28,free
of_78,opt_2,opt_22,29,free
of_78,opt_2,opt_22,30,free
of_78,opt_2,opt_22,31,free
of_78,opt_2,opt_22,32,free
of_78,opt_2,opt_22,33,free
of_78,opt_2,opt_22,34,free
of_78,opt_2,opt_22,35,free
of_78,opt_2,opt_22,36,free
of_78,opt_2,opt_22,37,free
of_78,opt_2,opt_22,38,free
of_78,opt_2,opt_22,39,free
of_78,opt_2,opt_22,40,free
of_78,opt_2,opt_22,41,free
of_78,opt_2,opt_22,42,free
of_78,opt_2,opt_22,43,free
of_78,opt_2,opt_22,44,free
of_78,opt_2,opt_22,45,free
of_78,opt_2,opt_22,46,free
of_78,opt_2,opt_22,47,free
of_78,opt_2,opt_22,48,free
of_78,opt_2,opt_22,49,free
of_78,opt_2,opt_22,50,free
of_78,opt_2,opt_22,51,free
of_78,opt_2,opt_22,52,free
of_78,opt_2,opt_22,53,free
of_78,opt_2,opt_22,54,free
of_78,opt_2,opt_22,55,free
of_78,opt_2,opt_22,56,free
of_78,opt_2,opt_22,57,free
of_78,opt_2,opt_22,58,free
of_78,opt_2,opt_22,59,free
of_78,opt_2,opt_22,60,free
of_78,opt_2,opt_22,61,free
of_78,opt_2,opt_22,62,free
of_78,opt_2,opt_22,63,free
of_78,opt_2,opt_22,64,free
of_78,opt_2,opt_22,65,free
of_78,opt_2,opt_22,66,free
of_78,opt_2,opt_22,67,free
of_78,opt_2,opt_22,68,free
of_78,opt_2,opt_22,69,free
of_78,opt_2,opt_22,70,free
of_78,opt_2,opt_22,71,free
of_78,opt_2,opt_22,72,free
of_78,opt_2,opt_22,73,free
of_78,opt_2,opt_22,74,free
of_78,opt_2,opt_22,75,free
of_78,opt_2,opt_22,76,free
of_78,opt_2,opt_22,77,free
of_78,opt_2,opt_22,78,free
of_78,opt_2,opt_22,79,free
of_78,opt_2,opt_22,80,free
of_78,opt_2,opt_22,81,free
of_78,opt_2,opt_22,82,free
of_78,opt_2,opt_22,83,free
of_78,opt_2,opt_22,84,free
of_78,opt_2,opt_22,85,free
of_78,opt_2,opt_22,86,free
of_78,opt_2,opt_22,87,free
of_78,opt_2,opt_22,88,free
of_78,opt_2,opt_22,89,free
of_78,opt_2,opt_22,90,free
of_78,opt_2,opt_22,91,free
of_78,opt_2,opt_22,92,free
of_78,opt_2,opt_22,93,free
of_78,opt_2,opt_22,94,free
of_78,opt_2,opt_22,95,free
of_78,opt_2,opt_22,96,free
of_78,opt_2,opt_22,97,free
of_78,opt_2,opt_22,98,free
of_78,opt_2,opt_22,99,free
of_79,opt_2,opt_23,0,free
of_79,opt_2,opt_23,1,free
of_79,opt_2,opt_23,2,free
of_79,opt_2,opt_23,3,free
of_79,opt_2,opt_23,4,free
of_79,opt_2,opt_23,5,free
of_79,opt_2,opt_23,6,free
of_79,opt_2,opt_23,7,free
of_79,opt_2,opt_23,8,free
of_79,opt_2,opt_23,9,free
of_79,opt_2,opt_23,10,free
of_79,opt_2,opt_23,11,free
of_79,opt_2,opt_23,12,free
of_79,opt_2,opt_23,13,free
of_79,opt_2,opt_23,14,free
of_79,opt_2,opt_23,15,free
of_79,opt_2,opt_23,16,free
of_79,opt_2,opt_23,17,free
of_79,opt_2,opt_23,18,free
of_79,opt_2,opt_23,19,free
of_79,opt_2,opt_23,20,free
of_79,opt_2,opt_23,21,free
of_79,opt_2,opt_23,22,free
of_79,opt_2,opt_23,23,free
of_79,opt_2,opt_23,24,free
of_79,opt_2,opt_23,25,free
of_79,opt_2,opt_23,26,free
of_79,opt_2,opt_23,27,free
of_79,opt_2,opt_23,28,free
of_79,opt_2,opt_23,29,free
of_79,opt_2,opt_23,30,free
of_79,opt_2,opt_23,31,free
of_79,opt_2,opt_23,32,free
of_79,opt_2,opt_23,33,free
of_79,opt_2,opt_23,34,free
of_79,opt_2,opt_23,35,free
of_79,opt_2,opt_23,36,free
of_79,opt_2,opt_23,37,free
of_79,opt_2,opt_23,38,free
of_79,opt_2,opt_23,39,free
of_79,opt_2,opt_23,40,free
of_79,opt_2,opt_23,41,free
of_79,opt_2,opt_23,42,free
of_79,opt_2,opt_23,43,free
of_79,opt_2,opt_23,44,free
of_79,opt_2,opt_23,45,free
of_79,opt_2,opt_23,46,free
of_79,opt_2,opt_23,47,free
of_79,opt_2,opt_23,48,free
of_79,opt_2,opt_23,49,free
of_79,opt_2,opt_23,50,free
of_79,opt_2,opt_23,51,free
of_79,opt_2,opt_23,52,free
of_79,opt_2,opt_23,53,free
of_79,opt_2,opt_23,54,free
of_79,opt_2,opt_23,55,free
of_79,opt_2,opt_23,56,free
of_79,opt_2,opt_23,57,free
of_79,opt_2,opt_23,58,free
of_79,opt_2,opt_23,59,free
of_79,opt_2,opt_23,60,free
of_79,opt_2,opt_23,61,free
of_79,opt_2,opt_23,62,free
of_79,opt_2,opt_23,63,free
of_79,opt_2,opt_23,64,free
of_79,opt_2,opt_23,65,free
of_79,opt_2,opt_23,66,free
of_79,opt_2,opt_23,67,free
of_79,opt_2,opt_23,68,free
of_79,opt_2,opt_23,69,free
of_79,opt_2,opt_23,70,free
of_79,opt_2,opt_23,71,free
of_79,opt_2,opt_23,72,free
of_79,opt_2,opt_23,73,free
of_79,opt_2,opt_23,74,free
of_79,opt_2,opt_23,75,free
of_79,opt_2,opt_23,76,free
of_79,opt_2,opt_23,77,free
of_79,opt_2,opt_23,78,free
of_79,opt_2,opt_23,79,free
of_79,opt_2,opt_23,80,free
of_79,opt_2,opt_23,81,free
of_79,opt_2,opt_23,82,free
of_79,opt_2,opt_23,83,free
of_79,opt_2,opt_23,84,free
of_79,opt_2,opt_23,85,free
of_79,opt_2,opt_23,86,free
of_79,opt_2,opt_23,87,free
of_79,opt_2,opt_23,88,free
of_79,opt_2,opt_23,89,free
of_79,opt_2,opt_23,90,free
of_79,opt_2,opt_23,91,free
of_79,opt_2,opt_23,92,free
of_79,opt_2,opt_23,93,free
of_79,opt_2,opt_23,94,free
of_79,opt_2,opt_23,95,free
of_79,opt_2,opt_23,96,free
of_79,opt_2,opt_23,97,free
of_79,opt_2,opt_23,98,free
of_79,opt_2,opt_23,99,free
of_80,opt_2,opt_29,0,free
of_80,opt_2,opt_29,1,free
of_80,opt_2,opt_29,2,free
of_80,opt_2,opt_29,3,free
of_80,opt_2,opt_29,4,free
of_80,opt_2,opt_29,5,free
of_80,opt_2,opt_29,6,free
of_80,opt_2,opt_29,7,free
of_80,opt_2,opt_29,8,free
of_80,opt_2,opt_29,9,free
of_80,opt_2,opt_29,10,free
of_80,opt_2,opt_29,11,free
of_80,opt_2,opt_29,12,free
of_80,opt_2,opt_29,13,free
of_80,opt_2,opt_29,14,free
of_80,opt_2,opt_29,15,free
of_80,opt_2,opt_29,16,free
of_80,opt_2,opt_29,17,free
of_80,opt_2,opt_29,18,free
of_80,opt_2,opt_29,19,free
of_80,opt_2,opt_29,20,free
of_80,opt_2,opt_29,21,free
of_80,opt_2,opt_29,22,free
of_80,opt_2,opt_29,23,free
of_80,opt_2,opt_29,24,free
of_80,opt_2,opt_29,25,free
of_80,opt_2,opt_29,26,free
of_80,opt_2,opt_29,27,free
of_80,opt_2,opt_29,28,free
of_80,opt_2,opt_29,29,free
of_80,opt_2,opt_29,30,free
of_80,opt_2,opt_29,31,free
of_80,opt_2,opt_29,32,free
of_80,opt_2,opt_29,33,free
of_80,opt_2,opt_29,34,free
of_80,opt_2,opt_29,35,free
of_80,opt_2,opt_29,36,free
of_80,opt_2,opt_29,37,free
of_80,opt_2,opt_29,38,free
of_80,opt_2,opt_29,39,free
of_80,opt_2,opt_29,40,free
of_80,opt_2,opt_29,41,free
of_80,opt_2,opt_29,42,free
of_80,opt_2,opt_29,43,free
of_80,opt_2,opt_29,44,free
of_80,opt_2,opt_29,45,free
of_80,opt_2,opt_29,46,free
of_80,opt_2,opt_29,47,free
of_80,opt_2,opt_29,48,free
of_80,opt_2,opt_29,49,free
of_80,opt_2,opt_29,50,free
of_80,opt_2,opt_29,51,free
of_80,opt_2,opt_29,52,free
of_80,opt_2,opt_29,53,free
of_80,opt_2,opt_29,54,free
of_80,opt_2,opt_29,55,free
of_80,opt_2,opt_29,56,free
of_80,opt_2,opt_29,57,free
of_80,opt_2,opt_29,58,free
of_80,opt_2,opt_29,59,free
of_80,opt_2,opt_29,60,free
of_80,opt_2,opt_29,61,free
of_80,opt_2,opt_29,62,free
of_80,opt_2,opt_29,63,free
of_80,opt_2,opt_29,64,free
of_80,opt_2,opt_29,65,free
of_80,opt_2,opt_29,66,free
of_80,opt_2,opt_29,67,free
of_80,opt_2,opt_29,68,free
of_80,opt_2,opt_29,69,free
of_80,opt_2,opt_29,70,free
of_80,opt_2,opt_29,71,free
of_80,opt_2,opt_29,72,free
of_80,opt_2,opt_29,73,free
of_80,opt_2,opt_29,74,free
of_80,opt_2,opt_29,75,free
of_80,opt_2,opt_29,76,free
of_80,opt_2,opt_29,77,free
of_80,opt_2,opt_29,78,free
of_80,opt_2,opt_29,79,free
of_80,opt_2,opt_29,80,free
of_80,opt_2,opt_29,81,free
of_80,opt_2,opt_29,82,free
of_80,opt_2,opt_29,83,free
of_80,opt_2,opt_29,84,free
of_80,opt_2,opt_29,85,free
of_80,opt_2,opt_29,86,free
of_80,opt_2,opt_29,87,free
of_80,opt_2,opt_29,88,free
of_80,opt_2,opt_29,89,free
of_80,opt_2,opt_29,90,free
of_80,opt_2,opt_29,91,free
of_80,opt_2,opt_29,92,free
of_80,opt_2,opt_29,93,free
of_80,opt_2,opt_29,94,free
of_80,opt_2,opt_29,95,free
of_80,opt_2,opt_29,96,free
of_80,opt_2,opt_29,97,free
of_80,opt_2,opt_29,98,free
of_80,opt_2,opt_29,99,free
of_81,opt_2,opt_3,0,free
of_81,opt_2,opt_3,1,free
of_81,opt_2,opt_3,2,free
of_81,opt_2,opt_3,3,free
of_81,opt_2,opt_3,4,free
of_81,opt_2,opt_3,5,free
of_81,opt_2,opt_3,6,free
of_81,opt_2,opt_3,7,free
of_81,opt_2,opt_3,8,free
of_81,opt_2,opt_3,9,free
of_81,opt_2,opt_3,10,free
of_81,opt_2,opt_3,11,free
of_81,opt_2,opt_3,12,free
of_81,opt_2,opt_3,13,free
of_81,opt_2,opt_3,14,free
of_81,opt_2,opt_3,15,free
of_81,opt_2,opt_3,16,free
of_81,opt_2,opt_3,17,free
of_81,opt_2,opt_3,18,free
of_81,opt_2,opt_3,19,free
of_81,opt_2,opt_3,20,free
of_81,opt_2,opt_3,21,free
of_81,opt_2,opt_3,22,free
of_81,opt_2,opt_3,23,free
of_81,opt_2,opt_3,24,free
of_81,opt_2,opt_3,25,free
of_81,opt_2,opt_3,26,free
of_81,opt_2,opt_3,27,free
of_81,opt_2,opt_3,28,free
of_81,opt_2,opt_3,29,free
of_81,opt_2,opt_3,30,free
of_81,opt_2,opt_3,31,free
of_81,opt_2,opt_3,32,free
of_81,opt_2,opt_3,33,free
of_81,opt_2,opt_3,34,free
of_81,opt_2,opt_3,35,free
of_81,opt_2,opt_3,36,free
of_81,opt_2,opt_3,37,free
of_81,opt_2,opt_3,38,free
of_81,opt_2,opt_3,39,free
of_81,opt_2,opt_3,40,free
of_81,opt_2,opt_3,41,free
of_81,opt_2,opt_3,42,free
of_81,opt_2,opt_3,43,free
of_81,opt_2,opt_3,44,free
of_81,opt_2,opt_3,45,free
of_81,opt_2,opt_3,46,free
of_81,opt_2,opt_3,47,free
of_81,opt_2,opt_3,48,free
of_81,opt_2,opt_3,49,free
of_81,opt_2,opt_3,50,free
of_81,opt_2,opt_3,51,free
of_81,opt_2,opt_3,52,free
of_81,opt_2,opt_3,53,free
of_81,opt_2,opt_3,54,free
of_81,opt_2,opt_3,55,free
of_81,opt_2,opt_3,56,free
of_81,opt_2,opt_3,57,free
of_81,opt_2,opt_3,58,free
of_81,opt_2,opt_3,59,free
of_81,opt_2,opt_3,60,free
of_81,opt_2,opt_3,61,free
of_81,opt_2,opt_3,62,free
of_81,opt_2,opt_3,63,free
of_81,opt_2,opt_3,64,free
of_81,opt_2,opt_3,65,free
of_81,opt_2,opt_3,66,free
of_81,opt_2,opt_3,67,free
of_81,opt_2,opt_3,68,free
of_81,opt_2,opt_3,69,free
of_81,opt_2,opt_3,70,free
of_81,opt_2,opt_3,71,free
of_81,opt_2,opt_3,72,free
of_81,opt_2,opt_3,73,free
of_81,opt_2,opt_3,74,free
of_81,opt_2,opt_3,75,free
of_81,opt_2,opt_3,76,free
of_81,opt_2,opt_3,77,free
of_81,opt_2,opt_3,78,free
of_81,opt_2,opt_3,79,free
of_81,opt_2,opt_3,80,free
of_81,opt_2,opt_3,81,free
of_81,opt_2,opt_3,82,free
of_81,opt_2,opt_3,83,free
of_81,opt_2,opt_3,84,free
of_81,opt_2,opt_3,85,free
of_81,opt_2,opt_3,86,free
of_81,opt_2,opt_3,87,free
of_81,opt_2,opt_3,88,free
of_81,opt_2,opt_3,89,free
of_81,opt_2,opt_3,90,free
of_81,opt_2,opt_3,91,free
of_81,opt_2,opt_3,92,free
of_81,opt_2,opt_3,93,free
of_81,opt_2,opt_3,94,free
of_81,opt_2,opt_3,95,free
of_81,opt_2,opt_3,96,free
of_81,opt_2,opt_3,97,free
of_81,opt_2,opt_3,98,free
of_81,opt_2,opt_3,99,free
of_82,opt_2,opt_9,0,free
of_82,opt_2,opt_9,1,free
of_82,opt_2,opt_9,2,free
of_82,opt_2,opt_9,3,free
of_82,opt_2,opt_9,4,free
of_82,opt_2,opt_9,5,free
of_82,opt_2,opt_9,6,free
of_82,opt_2,opt_9,7,free
of_82,opt_2,opt_9,8,free
of_82,opt_2,opt_9,9,free
of_82,opt_2,opt_9,10,free
of_82,opt_2,opt_9,11,free
of_82,opt_2,opt_9,12,free
of_82,opt_2,opt_9,13,free
of_82,opt_2,opt_9,14,free
of_82,opt_2,opt_9,15,free
of_82,opt_2,opt_9,16,free
of_82,opt_2,opt_9,17,free
of_82,opt_2,opt_9,18,free
of_82,opt_2,opt_9,19,free
of_82,opt_2,opt_9,20,free
of_82,opt_2,opt_9,21,free
of_82,opt_2,opt_9,22,free
of_82,opt_2,opt_9,23,free
of_82,opt_2,opt_9,24,free
of_82,opt_2,opt_9,25,free
of_82,opt_2,opt_9,26,free
of_82,opt_2,opt_9,27,free
of_82,opt_2,opt_9,28,free
of_82,opt_2,opt_9,29,free
of_82,opt_2,opt_9,30,free
of_82,opt_2,opt_9,31,free
of_82,opt_2,opt_9,32,free
of_82,opt_2,opt_9,33,free
of_82,opt_2,opt_9,34,free
of_82,opt_2,opt_9,35,free
of_82,opt_2,opt_9,36,free
of_82,opt_2,opt_9,37,free
of_82,opt_2,opt_9,38,free
of_82,opt_2,opt_9,39,free
of_82,opt_2,opt_9,40,free
of_82,opt_2,opt_9,41,free
of_82,opt_2,opt_9,42,free
of_82,opt_2,opt_9,43,free
of_82,opt_2,opt_9,44,free
of_82,opt_2,opt_9,45,free
of_82,opt_2,opt_9,46,free
of_82,opt_2,opt_9,47,free
of_82,opt_2,opt_9,48,free
of_82,opt_2,opt_9,49,free
of_82,opt_2,opt_9,50,free
of_82,opt_2,opt_9,51,free
of_82,opt_2,opt_9,52,free
of_82,opt_2,opt_9,53,free
of_82,opt_2,opt_9,54,free
of_82,opt_2,opt_9,55,free
of_82,opt_2,opt_9,56,free
of_82,opt_2,opt_9,57,free
of_82,opt_2,opt_9,58,free
of_82,opt_2,opt_9,59,free
of_82,opt_2,opt_9,60,free
of_82,opt_2,opt_9,61,free
of_82,opt_2,opt_9,62,free
of_82,opt_2,opt_9,63,free
of_82,opt_2,opt_9,64,free
of_82,opt_2,opt_9,65,free
of_82,opt_2,opt_9,66,free
of_82,opt_2,opt_9,67,free
of_82,opt_2,opt_9,68,free
of_82,opt_2,opt_9,69,free
of_82,opt_2,opt_9,70,free
of_82,opt_2,opt_9,71,free
of_82,opt_2,opt_9,72,free
of_82,opt_2,opt_9,73,free
of_82,opt_2,opt_9,74,free
of_82,opt_2,opt_9,75,free
of_82,opt_2,opt_9,76,free
of_82,opt_2,opt_9,77,free
of_82,opt_2,opt_9,78,free
of_82,opt_2,opt_9,79,free
of_82,opt_2,opt_9,80,free
of_82,opt_2,opt_9,81,free
of_82,opt_2,opt_9,82,free
of_82,opt_2,opt_9,83,free
of_82,opt_2,opt_9,84,free
of_82,opt_2,opt_9,85,free
of_82,opt_2,opt_9,86,free
of_82,opt_2,opt_9,87,free
of_82,opt_2,opt_9,88,free
of_82,opt_2,opt_9,89,free
of_82,opt_2,opt_9,90,free
of_82,opt_2,opt_9,91,free
of_82,opt_2,opt_9,92,free
of_82,opt_2,opt_9,93,free
of_82,opt_2,opt_9,94,free
of_82,opt_2,opt_9,95,free
of_82,opt_2,opt_9,96,free
of_82,opt_2,opt_9,97,free
of_82,opt_2,opt_9,98,free
of_82,opt_2,opt_9,99,free
of_83,opt_20,opt_21,0,free
of_83,opt_20,opt_21,1,free
of_83,opt_20,opt_21,2,free
of_83,opt_20,opt_21,3,free
of_83,opt_20,opt_21,4,free
of_83,opt_20,opt_21,5,free
of_83,opt_20,opt_21,6,free
of_83,opt_20,opt_21,7,free
of_83,opt_20,opt_21,8,free
of_83,opt_20,opt_21,9,free
of_83,opt_20,opt_21,10,free
of_83,opt_20,opt_21,11,free
of_83,opt_20,opt_21,12,free
of_83,opt_20,opt_21,13,free
of_83,opt_20,opt_21,14,free
of_83,opt_20,opt_21,15,free
of_83,opt_20,opt_21,16,free
of_83,opt_20,opt_21,17,free
of_83,opt_20,opt_21,18,free
of_83,opt_20,opt_21,19,free
of_83,opt_20,opt_21,20,free
of_83,opt_20,opt_21,21,free
of_83,opt_20,opt_21,22,free
of_83,opt_20,opt_21,23,free
of_83,opt_20,opt_21,24,free
of_83,opt_20,opt_21,25,free
of_83,opt_20,opt_21,26,free
of_83,opt_20,opt_21,27,free
of_83,opt_20,opt_21,28,free
of_83,opt_20,opt_21,29,free
of_83,opt_20,opt_21,30,free
of_83,opt_20,opt_21,31,free
of_83,opt_20,opt_21,32,free
of_83,opt_20,opt_21,33,free
of_83,opt_20,opt_21,34,free
of_83,opt_20,opt_21,35,free
of_83,opt_20,opt_21,36,free
of_83,opt_20,opt_21,37,free
of_83,opt_20,opt_21,38,free
of_83,opt_20,opt_21,39,free
of_83,opt_20,opt_21,40,free
of_83,opt_20,opt_21,41,free
of_83,opt_20,opt_21,42,free
of_83,opt_20,opt_21,43,free
of_83,opt_20,opt_21,44,free
of_83,opt_20,opt_21,45,free
of_83,opt_20,opt_21,46,free
of_83,opt_20,opt_21,47,free
of_83,opt_20,opt_21,48,free
of_83,opt_20,opt_21,49,free
of_83,opt_20,opt_21,50,free
of_83,opt_20,opt_21,51,free
of_83,opt_20,opt_21,52,free
of_83,opt_20,opt_21,53,free
of_83,opt_20,opt_21,54,free
of_83,opt_20,opt_21,55,free
of_83,opt_20,opt_21,56,free
of_83,opt_20,opt_21,57,free
of_83,opt_20,opt_21,58,free
of_83,opt_20,opt_21,59,free
of_83,opt_20,opt_21,60,free
of_83,opt_20,opt_21,61,free
of_83,opt_20,opt_21,62,free
of_83,opt_20,opt_21,63,free
of_83,opt_20,opt_21,64,free
of_83,opt_20,opt_21,65,free
of_83,opt_20,opt_21,66,free
of_83,opt_20,opt_21,67,free
of_83,opt_20,opt_21,68,free
of_83,opt_20,opt_21,69,free
of_83,opt_20,opt_21,70,free
of_83,opt_20,opt_21,71,free
of_83,opt_20,opt_21,72,free
of_83,opt_20,opt_21,73,free
of_83,opt_20,opt_21,74,free
of_83,opt_20,opt_21,75,free
of_83,opt_20,opt_21,76,free
of_83,opt_20,opt_21,77,free
of_83,opt_20,opt_21,78,free
of_83,opt_20,opt_21,79,free
of_83,opt_20,opt_21,80,free
of_83,opt_20,opt_21,81,free
of_83,opt_20,opt_21,82,free
of_83,opt_20,opt_21,83,free
of_83,opt_20,opt_21,84,free
of_83,opt_20,opt_21,85,free
of_83,opt_20,opt_21,86,free
of_83,opt_20,opt_21,87,free
of_83,opt_20,opt_21,88,free
of_83,opt_20,opt_21,89,free
of_83,opt_20,opt_21,90,free
of_83,opt_20,opt_21,91,free
of_83,opt_20,opt_21,92,free
of_83,opt_20,opt_21,93,free
of_83,opt_20,opt_21,94,free
of_83,opt_20,opt_21,95,free
of_83,opt_20,opt_21,96,free
of_83,opt_20,opt_21,97,free
of_83,opt_20,opt_21,98,free
of_83,opt_20,opt_21,99,free
of_84,opt_20,opt_24,0,free
of_84,opt_20,opt_24,1,free
of_84,opt_20,opt_24,2,free
of_84,opt_20,opt_24,3,free
of_84,opt_20,opt_24,4,free
of_84,opt_20,opt_24,5,free
of_84,opt_20,opt_24,6,free
of_84,opt_20,opt_24,7,free
of_84,opt_20,opt_24,8,free
of_84,opt_20,opt_24,9,free
of_84,opt_20,opt_24,10,free
of_84,opt_20,opt_24,11,free
of_84,opt_20,opt_24,12,free
of_84,opt_20,opt_24,13,free
of_84,opt_20,opt_24,14,free
of_84,opt_20,opt_24,15,free
of_84,opt_20,opt_24,16,free
of_84,opt_20,opt_24,17,free
of_84,opt_20,opt_24,18,free
of_84,opt_20,opt_24,19,free
of_84,opt_20,opt_24,20,free
of_84,opt_20,opt_24,21,free
of_84,opt_20,opt_24,22,free
of_84,opt_20,opt_24,23,free
of_84,opt_20,opt_24,24,free
of_84,opt_20,opt_24,25,free
of_84,opt_20,opt_24,26,free
of_84,opt_20,opt_24,27,free
of_84,opt_20,opt_24,28,free
of_84,opt_20,opt_24,29,free
of_84,opt_20,opt_24,30,free
of_84,opt_20,opt_24,31,free
of_84,opt_20,opt_24,32,free
of_84,opt_20,opt_24,33,free
of_84,opt_20,opt_24,34,free
of_84,opt_20,opt_24,35,free
of_84,opt_20,opt_24,36,free
of_84,opt_20,opt_24,37,free
of_84,opt_20,opt_24,38,free
of_84,opt_20,opt_24,39,free
of_84,opt_20,opt_24,40,free
of_84,opt_20,opt_24,41,free
of_84,opt_20,opt_24,42,free
of_84,opt_20,opt_24,43,free
of_84,opt_20,opt_24,44,free
of_84,opt_20,opt_24,45,free
of_84,opt_20,opt_24,46,free
of_84,opt_20,opt_24,47,free
of_84,opt_20,opt_24,48,free
of_84,opt_20,opt_24,49,free
of_84,opt_20,opt_24,50,free
of_84,opt_20,opt_24,51,free
of_84,opt_20,opt_24,52,free
of_84,opt_20,opt_24,53,free
of_84,opt_20,opt_24,54,free
of_84,opt_20,opt_24,55,free
of_84,opt_20,opt_24,56,free
of_84,opt_20,opt_24,57,free
of_84,opt_20,opt_24,58,free
of_84,opt_20,opt_24,59,free
of_84,opt_20,opt_24,60,free
of_84,opt_20,opt_24,61,free
of_84,opt_20,opt_24,62,free
of_84,opt_20,opt_24,63,free
of_84,opt_20,opt_24,64,free
of_84,opt_20,opt_24,65,free
of_84,opt_20,opt_24,66,free
of_84,opt_20,opt_24,67,free
of_84,opt_20,opt_24,68,free
of_84,opt_20,opt_24,69,free
of_84,opt_20,opt_24,70,free
of_84,opt_20,opt_24,71,free
of_84,opt_20,opt_24,72,free
of_84,opt_20,opt_24,73,free
of_84,opt_20,opt_24,74,free
of_84,opt_20,opt_24,75,free
of_84,opt_20,opt_24,76,free
of_84,opt_20,opt_24,77,free
of_84,opt_20,opt_24,78,free
of_84,opt_20,opt_24,79,free
of_84,opt_20,opt_24,80,free
of_84,opt_20,opt_24,81,free
of_84,opt_20,opt_24,82,free
of_84,opt_20,opt_24,83,free
of_84,opt_20,opt_24,84,free
of_84,opt_20,opt_24,85,free
of_84,opt_20,opt_24,86,free
of_84,opt_20,opt_24,87,free
of_84,opt_20,opt_24,88,free
of_84,opt_20,opt_24,89,free
of_84,opt_20,opt_24,90,free
of_84,opt_20,opt_24,91,free
of_84,opt_20,opt_24,92,free
of_84,opt_20,opt_24,93,free
of_84,opt_20,opt_24,94,free
of_84,opt_20,opt_24,95,free
of_84,opt_20,opt_24,96,free
of_84,opt_20,opt_24,97,free
of_84,opt_20,opt_24,98,free
of_84,opt_20,opt_24,99,free
of_85,opt_20,opt_25,0,free
of_85,opt_20,opt_25,1,free
of_85,opt_20,opt_25,2,free
of_85,opt_20,opt_25,3,free
of_85,opt_20,opt_25,4,free
of_85,opt_20,opt_25,5,free
of_85,opt_20,opt_25,6,free
of_85,opt_20,opt_25,7,free
of_85,opt_20,opt_25,8,free
of_85,opt_20,opt_25,9,free
of_85,opt_20,opt_25,10,free
of_85,opt_20,opt_25,11,free
of_85,opt_20,opt_25,12,free
of_85,opt_20,opt_25,13,free
of_85,opt_20,opt_25,14,free
of_85,opt_20,opt_25,15,free
of_85,opt_20,opt_25,16,free
of_85,opt_20,opt_25,17,free
of_85,opt_20,opt_25,18,free
of_85,opt_20,opt_25,19,free
of_85,opt_20,opt_25,20,free
of_85,opt_20,opt_25,21,free
of_85,opt_20,opt_25,22,free
of_85,opt_20,opt_25,23,free
of_85,opt_20,opt_25,24,free
of_85,opt_20,opt_25,25,free
of_85,opt_20,opt_25,26,free
of_85,opt_20,opt_25,27,free
of_85,opt_20,opt_25,28,free
of_85,opt_20,opt_25,29,free
of_85,opt_20,opt_25,30,free
of_85,opt_20,opt_25,31,free
of_85,opt_20,opt_25,32,free
of_85,opt_20,opt_25,33,free
of_85,opt_20,opt_25,34,free
of_85,opt_20,opt_25,35,free
of_85,opt_20,opt_25,36,free
of_85,opt_20,opt_25,37,free
of_85,opt_20,opt_25,38,free
of_85,opt_20,opt_25,39,free
of_85,opt_20,opt_25,40,free
of_85,opt_20,opt_25,41,free
of_85,opt_20,opt_25,42,free
of_85,opt_20,opt_25,43,free
of_85,opt_20,opt_25,44,free
of_85,opt_20,opt_25,45,free
of_85,opt_20,opt_25,46,free
of_85,opt_20,opt_25,47,free
of_85,opt_20,opt_25,48,free
of_85,opt_20,opt_25,49,free
of_85,opt_20,opt_25,50,free
of_85,opt_20,opt_25,51,free
of_85,opt_20,opt_25,52,free
of_85,opt_20,opt_25,53,free
of_85,opt_20,opt_25,54,free
of_85,opt_20,opt_25,55,free
of_85,opt_20,opt_25,56,free
of_85,opt_20,opt_25,57,free
of_85,opt_20,opt_25,58,free
of_85,opt_20,opt_25,59,free
of_85,opt_20,opt_25,60,free
of_85,opt_20,opt_25,61,free
of_85,opt_20,opt_25,62,free
of_85,opt_20,opt_25,63,free
of_85,opt_20,opt_25,64,free
of_85,opt_20,opt_25,65,free
of_85,opt_20,opt_25,66,free
of_85,opt_20,opt_25,67,free
of_85,opt_20,opt_25,68,free
of_85,opt_20,opt_25,69,free
of_85,opt_20,opt_25,70,free
of_85,opt_20,opt_25,71,free
of_85,opt_20,opt_25,72,free
of_85,opt_20,opt_25,73,free
of_85,opt_20,opt_25,74,free
of_85,opt_20,opt_25,75,free
of_85,opt_20,opt_25,76,free
of_85,opt_20,opt_25,77,free
of_85,opt_20,opt_25,78,free
of_85,opt_20,opt_25,79,free
of_85,opt_20,opt_25,80,free
of_85,opt_20,opt_25,81,free
of_85,opt_20,opt_25,82,free
of_85,opt_20,opt_25,83,free
of_85,opt_20,opt_25,84,free
of_85,opt_20,opt_25,85,free
of_85,opt_20,opt_25,86,free
of_85,opt_20,opt_25,87,free
of_85,opt_20,opt_25,88,free
of_85,opt_20,opt_25,89,free
of_85,opt_20,opt_25,90,free
of_85,opt_20,opt_25,91,free
of_85,opt_20,opt_25,92,free
of_85,opt_20,opt_25,93,free
of_85,opt_20,opt_25,94,free
of_85,opt_20,opt_25,95,free
of_85,opt_20,opt_25,96,free
of_85,opt_20,opt_25,97,free
of_85,opt_20,opt_25,98,free
of_85,opt_20,opt_25,99,free
of_86,opt_20,opt_5,0,free
of_86,opt_20,opt_5,1,free
of_86,opt_20,opt_5,2,free
of_86,opt_20,opt_5,3,free
of_86,opt_20,opt_5,4,free
of_86,opt_20,opt_5,5,free
of_86,opt_20,opt_5,6,free
of_86,opt_20,opt_5,7,free
of_86,opt_20,opt_5,8,free
of_86,opt_20,opt_5,9,free
of_86,opt_20,opt_5,10,free
of_86,opt_20,opt_5,11,free
of_86,opt_20,opt_5,12,free
of_86,opt_20,opt_5,13,free
of_86,opt_20,opt_5,14,free
of_86,opt_20,opt_5,15,free
of_86,opt_20,opt_5,16,free
of_86,opt_20,opt_5,17,free
of_86,opt_20,opt_5,18,free
of_86,opt_20,opt_5,19,free
of_86,opt_20,opt_5,20,free
of_86,opt_20,opt_5,21,free
of_86,opt_20,opt_5,22,free
of_86,opt_20,opt_5,23,free
of_86,opt_20,opt_5,24,free
of_86,opt_20,opt_5,25,free
of_86,opt_20,opt_5,26,free
of_86,opt_20,opt_5,27,free
of_86,opt_20,opt_5,28,free
of_86,opt_20,opt_5,29,free
of_86,opt_20,opt_5,30,free
of_86,opt_20,opt_5,31,free
of_86,opt_20,opt_5,32,free
of_86,opt_20,opt_5,33,free
of_86,opt_20,opt_5,34,free
of_86,opt_20,opt_5,35,free
of_86,opt_20,opt_5,36,free
of_86,opt_20,opt_5,37,free
of_86,opt_20,opt_5,38,free
of_86,opt_20,opt_5,39,free
of_86,opt_20,opt_5,40,free
of_86,opt_20,opt_5,41,free
of_86,opt_20,opt_5,42,free
of_86,opt_20,opt_5,43,free
of_86,opt_20,opt_5,44,free
of_86,opt_20,opt_5,45,free
of_86,opt_20,opt_5,46,free
of_86,opt_20,opt_5,47,free
of_86,opt_20,opt_5,48,free
of_86,opt_20,opt_5,49,free
of_86,opt_20,opt_5,50,free
of_86,opt_20,opt_5,51,free
of_86,opt_20,opt_5,52,free
of_86,opt_20,opt_5,53,free
of_86,opt_20,opt_5,54,free
of_86,opt_20,opt_5,55,free
of_86,opt_20,opt_5,56,free
of_86,opt_20,opt_5,57,free
of_86,opt_20,opt_5,58,free
of_86,opt_20,opt_5,59,free
of_86,opt_20,opt_5,60,free
of_86,opt_20,opt_5,61,free
of_86,opt_20,opt_5,62,free
of_86,opt_20,opt_5,63,free
of_86,opt_20,opt_5,64,free
of_86,opt_20,opt_5,65,free
of_86,opt_20,opt_5,66,free
of_86,opt_20,opt_5,67,free
of_86,opt_20,opt_5,68,free
of_86,opt_20,opt_5,69,free
of_86,opt_20,opt_5,70,free
of_86,opt_20,opt_5,71,free
of_86,opt_20,opt_5,72,free
of_86,opt_20,opt_5,73,free
of_86,opt_20,opt_5,74,free
of_86,opt_20,opt_5,75,free
of_86,opt_20,opt_5,76,free
of_86,opt_20,opt_5,77,free
of_86,opt_20,opt_5,78,free
of_86,opt_20,opt_5,79,free
of_86,opt_20,opt_5,80,free
of_86,opt_20,opt_5,81,free
of_86,opt_20,opt_5,82,free
of_86,opt_20,opt_5,83,free
of_86,opt_20,opt_5,84,free
of_86,opt_20,opt_5,85,free
of_86,opt_20,opt_5,86,free
of_86,opt_20,opt_5,87,free
of_86,opt_20,opt_5,88,free
of_86,opt_20,opt_5,89,free
of_86,opt_20,opt_5,90,free
of_86,opt_20,opt_5,91,free
of_86,opt_20,opt_5,92,free
of_86,opt_20,opt_5,93,free
of_86,opt_20,opt_5,94,free
of_86,opt_20,opt_5,95,free
of_86,opt_20,opt_5,96,free
of_86,opt_20,opt_5,97,free
of_86,opt_20,opt_5,98,free
of_86,opt_20,opt_5,99,free
of_87,opt_20,opt_7,0,free
of_87,opt_20,opt_7,1,free
of_87,opt_20,opt_7,2,free
of_87,opt_20,opt_7,3,free
of_87,opt_20,opt_7,4,free
of_87,opt_20,opt_7,5,free
of_87,opt_20,opt_7,6,free
of_87,opt_20,opt_7,7,free
of_87,opt_20,opt_7,8,free
of_87,opt_20,opt_7,9,free
of_87,opt_20,opt_7,10,free
of_87,opt_20,opt_7,11,free
of_87,opt_20,opt_7,12,free
of_87,opt_20,opt_7,13,free
of_87,opt_20,opt_7,14,free
of_87,opt_20,opt_7,15,free
of_87,opt_20,opt_7,16,free
of_87,opt_20,opt_7,17,free
of_87,opt_20,opt_7,18,free
of_87,opt_20,opt_7,19,free
of_87,opt_20,opt_7,20,free
of_87,opt_20,opt_7,21,free
of_87,opt_20,opt_7,22,free
of_87,opt_20,opt_7,23,free
of_87,opt_20,opt_7,24,free
of_87,opt_20,opt_7,25,free
of_87,opt_20,opt_7,26,free
of_87,opt_20,opt_7,27,free
of_87,opt_20,opt_7,28,free
of_87,opt_20,opt_7,29,free
of_87,opt_20,opt_7,30,free
of_87,opt_20,opt_7,31,free
of_87,opt_20,opt_7,32,free
of_87,opt_20,opt_7,33,free
of_87,opt_20,opt_7,34,free
of_87,opt_20,opt_7,35,free
of_87,opt_20,opt_7,36,free
of_87,opt_20,opt_7,37,free
of_87,opt_20,opt_7,38,free
of_87,opt_20,opt_7,39,free
of_87,opt_20,opt_7,40,free
of_87,opt_20,opt_7,41,free
of_87,opt_20,opt_7,42,free
of_87,opt_20,opt_7,43,free
of_87,opt_20,opt_7,44,free
of_87,opt_20,opt_7,45,free
of_87,opt_20,opt_7,46,free
of_87,opt_20,opt_7,47,free
of_87,opt_20,opt_7,48,free
of_87,opt_20,opt_7,49,free
of_87,opt_20,opt_7,50,free
of_87,opt_20,opt_7,51,free
of_87,opt_20,opt_7,52,free
of_87,opt_20,opt_7,53,free
of_87,opt_20,opt_7,54,free
of_87,opt_20,opt_7,55,free
of_87,opt_20,opt_7,56,free
of_87,opt_20,opt_7,57,free
of_87,opt_20,opt_7,58,free
of_87,opt_20,opt_7,59,free
of_87,opt_20,opt_7,60,free
of_87,opt_20,opt_7,61,free
of_87,opt_20,opt_7,62,free
of_87,opt_20,opt_7,63,free
of_87,opt_20,opt_7,64,free
of_87,opt_20,opt_7,65,free
of_87,opt_20,opt_7,66,free
of_87,opt_20,opt_7,67,free
of_87,opt_20,opt_7,68,free
of_87,opt_20,opt_7,69,free
of_87,opt_20,opt_7,70,free
of_87,opt_20,opt_7,71,free
of_87,opt_20,opt_7,72,free
of_87,opt_20,opt_7,73,free
of_87,opt_20,opt_7,74,free
of_87,opt_20,opt_7,75,free
of_87,opt_20,opt_7,76,free
of_87,opt_20,opt_7,77,free
of_87,opt_20,opt_7,78,free
of_87,opt_20,opt_7,79,free
of_87,opt_20,opt_7,80,free
of_87,opt_20,opt_7,81,free
of_87,opt_20,opt_7,82,free
of_87,opt_20,opt_7,83,free
of_87,opt_20,opt_7,84,free
of_87,opt_20,opt_7,85,free
of_87,opt_20,opt_7,86,free
of_87,opt_20,opt_7,87,free
of_87,opt_20,opt_7,88,free
of_87,opt_20,opt_7,89,free
of_87,opt_20,opt_7,90,free
of_87,opt_20,opt_7,91,free
of_87,opt_20,opt_7,92,free
of_87,opt_20,opt_7,93,free
of_87,opt_20,opt_7,94,free
of_87,opt_20,opt_7,95,free
of_87,opt_20,opt_7,96,free
of_87,opt_20,opt_7,97,free
of_87,opt_20,opt_7,98,free
of_87,opt_20,opt_7,99,free
of_88,opt_21,opt_24,0,free
of_88,opt_21,opt_24,1,free
of_88,opt_21,opt_24,2,free
of_88,opt_21,opt_24,3,free
of_88,opt_21,opt_24,4,free
of_88,opt_21,opt_24,5,free
of_88,opt_21,opt_24,6,free
of_88,opt_21,opt_24,7,free
of_88,opt_21,opt_24,8,free
of_88,opt_21,opt_24,9,free
of_88,opt_21,opt_24,10,free
of_88,opt_21,opt_24,11,free
of_88,opt_21,opt_24,12,free
of_88,opt_21,opt_24,13,free
of_88,opt_21,opt_24,14,free
of_88,opt_21,opt_24,15,free
of_88,opt_21,opt_24,16,free
of_88,opt_21,opt_24,17,free
of_88,opt_21,opt_24,18,free
of_88,opt_21,opt_24,19,free
of_88,opt_21,opt_24,20,free
of_88,opt_21,opt_24,21,free
of_88,opt_21,opt_24,22,free
of_88,opt_21,opt_24,23,free
of_88,opt_21,opt_24,24,free
of_88,opt_21,opt_24,25,free
of_88,opt_21,opt_24,26,free
of_88,opt_21,opt_24,27,free
of_88,opt_21,opt_24,28,free
of_88,opt_21,opt_24,29,free
of_88,opt_21,opt_24,30,free
of_88,opt_21,opt_24,31,free
of_88,opt_21,opt_24,32,free
of_88,opt_21,opt_24,33,free
of_88,opt_21,opt_24,34,free
of_88,opt_21,opt_24,35,free
of_88,opt_21,opt_24,36,free
of_88,opt_21,opt_24,37,free
of_88,opt_21,opt_24,38,free
of_88,opt_21,opt_24,39,free
of_88,opt_21,opt_24,40,free
of_88,opt_21,opt_24,41,free
of_88,opt_21,opt_24,42,free
of_88,opt_21,opt_24,43,free
of_88,opt_21,opt_24,44,free
of_88,opt_21,opt_24,45,free
of_88,opt_21,opt_24,46,free
of_88,opt_21,opt_24,47,free
of_88,opt_21,opt_24,48,free
of_88,opt_21,opt_24,49,free
of_88,opt_21,opt_24,50,free
of_88,opt_21,opt_24,51,free
of_88,opt_21,opt_24,52,free
of_88,opt_21,opt_24,53,free
of_88,opt_21,opt_24,54,free
of_88,opt_21,opt_24,55,free
of_88,opt_21,opt_24,56,free
of_88,opt_21,opt_24,57,free
of_88,opt_21,opt_24,58,free
of_88,opt_21,opt_24,59,free
of_88,opt_21,opt_24,60,free
of_88,opt_21,opt_24,61,free
of_88,opt_21,opt_24,62,free
of_88,opt_21,opt_24,63,free
of_88,opt_21,opt_24,64,free
of_88,opt_21,opt_24,65,free
of_88,opt_21,opt_24,66,free
of_88,opt_21,opt_24,67,free
of_88,opt_21,opt_24,68,free
of_88,opt_21,opt_24,69,free
of_88,opt_21,opt_24,70,free
of_88,opt_21,opt_24,71,free
of_88,opt_21,opt_24,72,free
of_88,opt_21,opt_24,73,free
of_88,opt_21,opt_24,74,free
of_88,opt_21,opt_24,75,free
of_88,opt_21,opt_24,76,free
of_88,opt_21,opt_24,77,free
of_88,opt_21,opt_24,78,free
of_88,opt_21,opt_24,79,free
of_88,opt_21,opt_24,80,free
of_88,opt_21,opt_24,81,free
of_88,opt_21,opt_24,82,free
of_88,opt_21,opt_24,83,free
of_88,opt_21,opt_24,84,free
of_88,opt_21,opt_24,85,free
of_88,opt_21,opt_24,86,free
of_88,opt_21,opt_24,87,free
of_88,opt_21,opt_24,88,free
of_88,opt_21,opt_24,89,free
of_88,opt_21,opt_24,90,free
of_88,opt_21,opt_24,91,free
of_88,opt_21,opt_24,92,free
of_88,opt_21,opt_24,93,free
of_88,opt_21,opt_24,94,free
of_88,opt_21,opt_24,95,free
of_88,opt_21,opt_24,96,free
of_88,opt_21,opt_24,97,free
of_88,opt_21,opt_24,98,free
of_88,opt_21,opt_24,99,free
of_89,opt_21,opt_25,0,free
of_89,opt_21,opt_25,1,free
of_89,opt_21,opt_25,2,free
of_89,opt_21,opt_25,3,free
of_89,opt_21,opt_25,4,free
of_89,opt_21,opt_25,5,free
of_89,opt_21,opt_25,6,free
of_89,opt_21,opt_25,7,free
of_89,opt_21,opt_25,8,free
of_89,opt_21,opt_25,9,free
of_89,opt_21,opt_25,10,free
of_89,opt_21,opt_25,11,free
of_89,opt_21,opt_25,12,free
of_89,opt_21,opt_25,13,free
of_89,opt_21,opt_25,14,free
of_89,opt_21,opt_25,15,free
of_89,opt_21,opt_25,16,free
of_89,opt_21,opt_25,17,free
of_89,opt_21,opt_25,18,free
of_89,opt_21,opt_25,19,free
of_89,opt_21,opt_25,20,free
of_89,opt_21,opt_25,21,free
of_89,opt_21,opt_25,22,free
of_89,opt_21,opt_25,23,free
of_89,opt_21,opt_25,24,free
of_89,opt_21,opt_25,25,free
of_89,opt_21,opt_25,26,free
of_89,opt_21,opt_25,27,free
of_89,opt_21,opt_25,28,free
of_89,opt_21,opt_25,29,free
of_89,opt_21,opt_25,30,free
of_89,opt_21,opt_25,31,free
of_89,opt_21,opt_25,32,free
of_89,opt_21,opt_25,33,free
of_89,opt_21,opt_25,34,free
of_89,opt_21,opt_25,35,free
of_89,opt_21,opt_25,36,free
of_89,opt_21,opt_25,37,free
of_89,opt_21,opt_25,38,free
of_89,opt_21,opt_25,39,free
of_89,opt_21,opt_25,40,free
of_89,opt_21,opt_25,41,free
of_89,opt_21,opt_25,42,free
of_89,opt_21,opt_25,43,free
of_89,opt_21,opt_25,44,free
of_89,opt_21,opt_25,45,free
of_89,opt_21,opt_25,46,free
of_89,opt_21,opt_25,47,free
of_89,opt_21,opt_25,48,free
of_89,opt_21,opt_25,49,free
of_89,opt_21,opt_25,50,free
of_89,opt_21,opt_25,51,free
of_89,opt_21,opt_25,52,free
of_89,opt_21,opt_25,53,free
of_89,opt_21,opt_25,54,free
of_89,opt_21,opt_25,55,free
of_89,opt_21,opt_25,56,free
of_89,opt_21,opt_25,57,free
of_89,opt_21,opt_25,58,free
of_89,opt_21,opt_25,59,free
of_89,opt_21,opt_25,60,free
of_89,opt_21,opt_25,61,free
of_89,opt_21,opt_25,62,free
of_89,opt_21,opt_25,63,free
of_89,opt_21,opt_25,64,free
of_89,opt_21,opt_25,65,free
of_89,opt_21,opt_25,66,free
of_89,opt_21,opt_25,67,free
of_89,opt_21,opt_25,68,free
of_89,opt_21,opt_25,69,free
of_89,opt_21,opt_25,70,free
of_89,opt_21,opt_25,71,free
of_89,opt_21,opt_25,72,free
of_89,opt_21,opt_25,73,free
of_89,opt_21,opt_25,74,free
of_89,opt_21,opt_25,75,free
of_89,opt_21,opt_25,76,free
of_89,opt_21,opt_25,77,free
of_89,opt_21,opt_25,78,free
of_89,opt_21,opt_25,79,free
of_89,opt_21,opt_25,80,free
of_89,opt_21,opt_25,81,free
of_89,opt_21,opt_25,82,free
of_89,opt_21,opt_25,83,free
of_89,opt_21,opt_25,84,free
of_89,opt_21,opt_25,85,free
of_89,opt_21,opt_25,86,free
of_89,opt_21,opt_25,87,free
of_89,opt_21,opt_25,88,free
of_89,opt_21,opt_25,89,free
of_89,opt_21,opt_25,90,free
of_89,opt_21,opt_25,91,free
of_89,opt_21,opt_25,92,free
of_89,opt_21,opt_25,93,free
of_89,opt_21,opt_25,94,free
of_89,opt_21,opt_25,95,free
of_89,opt_21,opt_25,96,free
of_89,opt_21,opt_25,97,free
of_89,opt_21,opt_25,98,free
of_89,opt_21,opt_25,99,free
of_90,opt_21,opt_26,0,free
of_90,opt_21,opt_26,1,free
of_90,opt_21,opt_26,2,free
of_90,opt_21,opt_26,3,free
of_90,opt_21,opt_26,4,free
of_90,opt_21,opt_26,5,free
of_90,opt_21,opt_26,6,free
of_90,opt_21,opt_26,7,free
of_90,opt_21,opt_26,8,free
of_90,opt_21,opt_26,9,free
of_90,opt_21,opt_26,10,free
of_90,opt_21,opt_26,11,free
of_90,opt_21,opt_26,12,free
of_90,opt_21,opt_26,13,free
of_90,opt_21,opt_26,14,free
of_90,opt_21,opt_26,15,free
of_90,opt_21,opt_26,16,free
of_90,opt_21,opt_26,17,free
of_90,opt_21,opt_26,18,free
of_90,opt_21,opt_26,19,free
of_90,opt_21,opt_26,20,free
of_90,opt_21,opt_26,21,free
of_90,opt_21,opt_26,22,free
of_90,opt_21,opt_26,23,free
of_90,opt_21,opt_26,24,free
of_90,opt_21,opt_26,25,free
of_90,opt_21,opt_26,26,free
of_90,opt_21,opt_26,27,free
of_90,opt_21,opt_26,28,free
of_90,opt_21,opt_26,29,free
of_90,opt_21,opt_26,30,free
of_90,opt_21,opt_26,31,free
of_90,opt_21,opt_26,32,free
of_90,opt_21,opt_26,33,free
of_90,opt_21,opt_26,34,free
of_90,opt_21,opt_26,35,free
of_90,opt_21,opt_26,36,free
of_90,opt_21,opt_26,37,free
of_90,opt_21,opt_26,38,free
of_90,opt_21,opt_26,39,free
of_90,opt_21,opt_26,40,free
of_90,opt_21,opt_26,41,free
of_90,opt_21,opt_26,42,free
of_90,opt_21,opt_26,43,free
of_90,opt_21,opt_26,44,free
of_90,opt_21,opt_26,45,free
of_90,opt_21,opt_26,46,free
of_90,opt_21,opt_26,47,free
of_90,opt_21,opt_26,48,free
of_90,opt_21,opt_26,49,free
of_90,opt_21,opt_26,50,free
of_90,opt_21,opt_26,51,free
of_90,opt_21,opt_26,52,free
of_90,opt_21,opt_26,53,free
of_90,opt_21,opt_26,54,free
of_90,opt_21,opt_26,55,free
of_90,opt_21,opt_26,56,free
of_90,opt_21,opt_26,57,free
of_90,opt_21,opt_26,58,free
of_90,opt_21,opt_26,59,free
of_90,opt_21,opt_26,60,free
of_90,opt_21,opt_26,61,free
of_90,opt_21,opt_26,62,free
of_90,opt_21,opt_26,63,free
of_90,opt_21,opt_26,64,free
of_90,opt_21,opt_26,65,free
of_90,opt_21,opt_26,66,free
of_90,opt_21,opt_26,67,free
of_90,opt_21,opt_26,68,free
of_90,opt_21,opt_26,69,free
of_90,opt_21,opt_26,70,free
of_90,opt_21,opt_26,71,free
of_90,opt_21,opt_26,72,free
of_90,opt_21,opt_26,73,free
of_90,opt_21,opt_26,74,free
of_90,opt_21,opt_26,75,free
of_90,opt_21,opt_26,76,free
of_90,opt_21,opt_26,77,free
of_90,opt_21,opt_26,78,free
of_90,opt_21,opt_26,79,free
of_90,opt_21,opt_26,80,free
of_90,opt_21,opt_26,81,free
of_90,opt_21,opt_26,82,free
of_90,opt_21,opt_26,83,free
of_90,opt_21,opt_26,84,free
of_90,opt_21,opt_26,85,free
of_90,opt_21,opt_26,86,free
of_90,opt_21,opt_26,87,free
of_90,opt_21,opt_26,88,free
of_90,opt_21,opt_26,89,free
of_90,opt_21,opt_26,90,free
of_90,opt_21,opt_26,91,free
of_90,opt_21,opt_26,92,free
of_90,opt_21,opt_26,93,free
of_90,opt_21,opt_26,94,free
of_90,opt_21,opt_26,95,free
of_90,opt_21,opt_26,96,free
of_90,opt_21,opt_26,97,free
of_90,opt_21,opt_26,98,free
of_90,opt_21,opt_26,99,free
of_91,opt_21,opt_9,0,free
of_91,opt_21,opt_9,1,free
of_91,opt_21,opt_9,2,free
of_91,opt_21,opt_9,3,free
of_91,opt_21,opt_9,4,free
of_91,opt_21,opt_9,5,free
of_91,opt_21,opt_9,6,free
of_91,opt_21,opt_9,7,free
of_91,opt_21,opt_9,8,free
of_91,opt_21,opt_9,9,free
of_91,opt_21,opt_9,10,free
of_91,opt_21,opt_9,11,free
of_91,opt_21,opt_9,12,free
of_91,opt_21,opt_9,13,free
of_91,opt_21,opt_9,14,free
of_91,opt_21,opt_9,15,free
of_91,opt_21,opt_9,16,free
of_91,opt_21,opt_9,17,free
of_91,opt_21,opt_9,18,free
of_91,opt_21,opt_9,19,free
of_91,opt_21,opt_9,20,free
of_91,opt_21,opt_9,21,free
of_91,opt_21,opt_9,22,free
of_91,opt_21,opt_9,23,free
of_91,opt_21,opt_9,24,free
of_91,opt_21,opt_9,25,free
of_91,opt_21,opt_9,26,free
of_91,opt_21,opt_9,27,free
of_91,opt_21,opt_9,28,free
of_91,opt_21,opt_9,29,free
of_91,opt_21,opt_9,30,free
of_91,opt_21,opt_9,31,free
of_91,opt_21,opt_9,32,free
of_91,opt_21,opt_9,33,free
of_91,opt_21,opt_9,34,free
of_91,opt_21,opt_9,35,free
of_91,opt_21,opt_9,36,free
of_91,opt_21,opt_9,37,free
of_91,opt_21,opt_9,38,free
of_91,opt_21,opt_9,39,free
of_91,opt_21,opt_9,40,free
of_91,opt_21,opt_9,41,free
of_91,opt_21,opt_9,42,free
of_91,opt_21,opt_9,43,free
of_91,opt_21,opt_9,44,free
of_91,opt_21,opt_9,45,free
of_91,opt_21,opt_9,46,free
of_91,opt_21,opt_9,47,free
of_91,opt_21,opt_9,48,free
of_91,opt_21,opt_9,49,free
of_91,opt_21,opt_9,50,free
of_91,opt_21,opt_9,51,free
of_91,opt_21,opt_9,52,free
of_91,opt_21,opt_9,53,free
of_91,opt_21,opt_9,54,free
of_91,opt_21,opt_9,55,free
of_91,opt_21,opt_9,56,free
of_91,opt_21,opt_9,57,free
of_91,opt_21,opt_9,58,free
of_91,opt_21,opt_9,59,free
of_91,opt_21,opt_9,60,free
of_91,opt_21,opt_9,61,free
of_91,opt_21,opt_9,62,free
of_91,opt_21,opt_9,63,free
of_91,opt_21,opt_9,64,free
of_91,opt_21,opt_9,65,free
of_91,opt_21,opt_9,66,free
of_91,opt_21,opt_9,67,free
of_91,opt_21,opt_9,68,free
of_91,opt_21,opt_9,69,free
of_91,opt_21,opt_9,70,free
of_91,opt_21,opt_9,71,free
of_91,opt_21,opt_9,72,free
of_91,opt_21,opt_9,73,free
of_91,opt_21,opt_9,74,free
of_91,opt_21,opt_9,75,free
of_91,opt_21,opt_9,76,free
of_91,opt_21,opt_9,77,free
of_91,opt_21,opt_9,78,free
of_91,opt_21,opt_9,79,free
of_91,opt_21,opt_9,80,free
of_91,opt_21,opt_9,81,free
of_91,opt_21,opt_9,82,free
of_91,opt_21,opt_9,83,free
of_91,opt_21,opt_9,84,free
of_91,opt_21,opt_9,85,free
of_91,opt_21,opt_9,86,free
of_91,opt_21,opt_9,87,free
of_91,opt_21,opt_9,88,free
of_91,opt_21,opt_9,89,free
of_91,opt_21,opt_9,90,free
of_91,opt_21,opt_9,91,free
of_91,opt_21,opt_9,92,free
of_91,opt_21,opt_9,93,free
of_91,opt_21,opt_9,94,free
of_91,opt_21,opt_9,95,free
of_91,opt_21,opt_9,96,free
of_91,opt_21,opt_9,97,free
of_91,opt_21,opt_9,98,free
of_91,opt_21,opt_9,99,free
of_92,opt_22,opt_23,0,free
of_92,opt_22,opt_23,1,free
of_92,opt_22,opt_23,2,free
of_92,opt_22,opt_23,3,free
of_92,opt_22,opt_23,4,free
of_92,opt_22,opt_23,5,free
of_92,opt_22,opt_23,6,free
of_92,opt_22,opt_23,7,free
of_92,opt_22,opt_23,8,free
of_92,opt_22,opt_23,9,free
of_92,opt_22,opt_23,10,free
of_92,opt_22,opt_23,11,free
of_92,opt_22,opt_23,12,free
of_92,opt_22,opt_23,13,free
of_92,opt_22,opt_23,14,free
of_92,opt_22,opt_23,15,free
of_92,opt_22,opt_23,16,free
of_92,opt_22,opt_23,17,free
of_92,opt_22,opt_23,18,free
of_92,opt_22,opt_23,19,free
of_92,opt_22,opt_23,20,free
of_92,opt_22,opt_23,21,free
of_92,opt_22,opt_23,22,free
of_92,opt_22,opt_23,23,free
of_92,opt_22,opt_23,24,free
of_92,opt_22,opt_23,25,free
of_92,opt_22,opt_23,26,free
of_92,opt_22,opt_23,27,free
of_92,opt_22,opt_23,28,free
of_92,opt_22,opt_23,29,free
of_92,opt_22,opt_23,30,free
of_92,opt_22,opt_23,31,free
of_92,opt_22,opt_23,32,free
of_92,opt_22,opt_23,33,free
of_92,opt_22,opt_23,34,free
of_92,opt_22,opt_23,35,free
of_92,opt_22,opt_23,36,free
of_92,opt_22,opt_23,37,free
of_92,opt_22,opt_23,38,free
of_92,opt_22,opt_23,39,free
of_92,opt_22,opt_23,40,free
of_92,opt_22,opt_23,41,free
of_92,opt_22,opt_23,42,free
of_92,opt_22,opt_23,43,free
of_92,opt_22,opt_23,44,free
of_92,opt_22,opt_23,45,free
of_92,opt_22,opt_23,46,free
of_92,opt_22,opt_23,47,free
of_92,opt_22,opt_23,48,free
of_92,opt_22,opt_23,49,free
of_92,opt_22,opt_23,50,free
of_92,opt_22,opt_23,51,free
of_92,opt_22,opt_23,52,free
of_92,opt_22,opt_23,53,free
of_92,opt_22,opt_23,54,free
of_92,opt_22,opt_23,55,free
of_92,opt_22,opt_23,56,free
of_92,opt_22,opt_23,57,free
of_92,opt_22,opt_23,58,free
of_92,opt_22,opt_23,59,free
of_92,opt_22,opt_23,60,free
of_92,opt_22,opt_23,61,free
of_92,opt_22,opt_23,62,free
of_92,opt_22,opt_23,63,free
of_92,opt_22,opt_23,64,free
of_92,opt_22,opt_23,65,free
of_92,opt_22,opt_23,66,free
of_92,opt_22,opt_23,67,free
of_92,opt_22,opt_23,68,free
of_92,opt_22,opt_23,69,free
of_92,opt_22,opt_23,70,free
of_92,opt_22,opt_23,71,free
of_92,opt_22,opt_23,72,free
of_92,opt_22,opt_23,73,free
of_92,opt_22,opt_23,74,free
of_92,opt_22,opt_23,75,free
of_92,opt_22,opt_23,76,free
of_92,opt_22,opt_23,77,free
of_92,opt_22,opt_23,78,free
of_92,opt_22,opt_23,79,free
of_92,opt_22,opt_23,80,free
of_92,opt_22,opt_23,81,free
of_92,opt_22,opt_23,82,free
of_92,opt_22,opt_23,83,free
of_92,opt_22,opt_23,84,free
of_92,opt_22,opt_23,85,free
of_92,opt_22,opt_23,86,free
of_92,opt_22,opt_23,87,free
of_92,opt_22,opt_23,88,free
of_92,opt_22,opt_23,89,free
of_92,opt_22,opt_23,90,free
of_92,opt_22,opt_23,91,free
of_92,opt_22,opt_23,92,free
of_92,opt_22,opt_23,93,free
of_92,opt_22,opt_23,94,free
of_92,opt_22,opt_23,95,free
of_92,opt_22,opt_23,96,free
of_92,opt_22,opt_23,97,free
of_92,opt_22,opt_23,98,free
of_92,opt_22,opt_23,99,free
of_93,opt_22,opt_25,0,free
of_93,opt_22,opt_25,1,free
of_93,opt_22,opt_25,2,free
of_93,opt_22,opt_25,3,free
of_93,opt_22,opt_25,4,free
of_93,opt_22,opt_25,5,free
of_93,opt_22,opt_25,6,free
of_93,opt_22,opt_25,7,free
of_93,opt_22,opt_25,8,free
of_93,opt_22,opt_25,9,free
of_93,opt_22,opt_25,10,free
of_93,opt_22,opt_25,11,free
of_93,opt_22,opt_25,12,free
of_93,opt_22,opt_25,13,free
of_93,opt_22,opt_25,14,free
of_93,opt_22,opt_25,15,free
of_93,opt_22,opt_25,16,free
of_93,opt_22,opt_25,17,free
of_93,opt_22,opt_25,18,free
of_93,opt_22,opt_25,19,free
of_93,opt_22,opt_25,20,free
of_93,opt_22,opt_25,21,free
of_93,opt_22,opt_25,22,free
of_93,opt_22,opt_25,23,free
of_93,opt_22,opt_25,24,free
of_93,opt_22,opt_25,25,free
of_93,opt_22,opt_25,26,free
of_93,opt_22,opt_25,27,free
of_93,opt_22,opt_25,28,free
of_93,opt_22,opt_25,29,free
of_93,opt_22,opt_25,30,free
of_93,opt_22,opt_25,31,free
of_93,opt_22,opt_25,32,free
of_93,opt_22,opt_25,33,free
of_93,opt_22,opt_25,34,free
of_93,opt_22,opt_25,35,free
of_93,opt_22,opt_25,36,free
of_93,opt_22,opt_25,37,free
of_93,opt_22,opt_25,38,free
of_93,opt_22,opt_25,39,free
of_93,opt_22,opt_25,40,free
of_93,opt_22,opt_25,41,free
of_93,opt_22,opt_25,42,free
of_93,opt_22,opt_25,43,free
of_93,opt_22,opt_25,44,free
of_93,opt_22,opt_25,45,free
of_93,opt_22,opt_25,46,free
of_93,opt_22,opt_25,47,free
of_93,opt_22,opt_25,48,free
of_93,opt_22,opt_25,49,free
of_93,opt_22,opt_25,50,free
of_93,opt_22,opt_25,51,free
of_93,opt_22,opt_25,52,free
of_93,opt_22,opt_25,53,free
of_93,opt_22,opt_25,54,free
of_93,opt_22,opt_25,55,free
of_93,opt_22,opt_25,56,free
of_93,opt_22,opt_25,57,free
of_93,opt_22,opt_25,58,free
of_93,opt_22,opt_25,59,free
of_93,opt_22,opt_25,60,free
of_93,opt_22,opt_25,61,free
of_93,opt_22,opt_25,62,free
of_93,opt_22,opt_25,63,free
of_93,opt_22,opt_25,64,free
of_93,opt_22,opt_25,65,free
of_93,opt_22,opt_25,66,free
of_93,opt_22,opt_25,67,free
of_93,opt_22,opt_25,68,free
of_93,opt_22,opt_25,69,free
of_93,opt_22,opt_25,70,free
of_93,opt_22,opt_25,71,free
of_93,opt_22,opt_25,72,free
of_93,opt_22,opt_25,73,free
of_93,opt_22,opt_25,74,free
of_93,opt_22,opt_25,75,free
of_93,opt_22,opt_25,76,free
of_93,opt_22,opt_25,77,free
of_93,opt_22,opt_25,78,free
of_93,opt_22,opt_25,79,free
of_93,opt_22,opt_25,80,free
of_93,opt_22,opt_25,81,free
of_93,opt_22,opt_25,82,free
of_93,opt_22,opt_25,83,free
of_93,opt_22,opt_25,84,free
of_93,opt_22,opt_25,85,free
of_93,opt_22,opt_25,86,free
of_93,opt_22,opt_25,87,free
of_93,opt_22,opt_25,88,free
of_93,opt_22,opt_25,89,free
of_93,opt_22,opt_25,90,free
of_93,opt_22,opt_25,91,free
of_93,opt_22,opt_25,92,free
of_93,opt_22,opt_25,93,free
of_93,opt_22,opt_25,94,free
of_93,opt_22,opt_25,95,free
of_93,opt_22,opt_25,96,free
of_93,opt_22,opt_25,97,free
of_93,opt_22,opt_25,98,free
of_93,opt_22,opt_25,99,free
of_94,opt_23,opt_27,0,free
of_94,opt_23,opt_27,1,free
of_94,opt_23,opt_27,2,free
of_94,opt_23,opt_27,3,free
of_94,opt_23,opt_27,4,free
of_94,opt_23,opt_27,5,free
of_94,opt_23,opt_27,6,free
of_94,opt_23,opt_27,7,free
of_94,opt_23,opt_27,8,free
of_94,opt_23,opt_27,9,free
of_94,opt_23,opt_27,10,free
of_94,opt_23,opt_27,11,free
of_94,opt_23,opt_27,12,free
of_94,opt_23,opt_27,13,free
of_94,opt_23,opt_27,14,free
of_94,opt_23,opt_27,15,free
of_94,opt_23,opt_27,16,free
of_94,opt_23,opt_27,17,free
of_94,opt_23,opt_27,18,free
of_94,opt_23,opt_27,19,free
of_94,opt_23,opt_27,20,free
of_94,opt_23,opt_27,21,free
of_94,opt_23,opt_27,22,free
of_94,opt_23,opt_27,23,free
of_94,opt_23,opt_27,24,free
of_94,opt_23,opt_27,25,free
of_94,opt_23,opt_27,26,free
of_94,opt_23,opt_27,27,free
of_94,opt_23,opt_27,28,free
of_94,opt_23,opt_27,29,free
of_94,opt_23,opt_27,30,free
of_94,opt_23,opt_27,31,free
of_94,opt_23,opt_27,32,free
of_94,opt_23,opt_27,33,free
of_94,opt_23,opt_27,34,free
of_94,opt_23,opt_27,35,free
of_94,opt_23,opt_27,36,free
of_94,opt_23,opt_27,37,free
of_94,opt_23,opt_27,38,free
of_94,opt_23,opt_27,39,free
of_94,opt_23,opt_27,40,free
of_94,opt_23,opt_27,41,free
of_94,opt_23,opt_27,42,free
of_94,opt_23,opt_27,43,free
of_94,opt_23,opt_27,44,free
of_94,opt_23,opt_27,45,free
of_94,opt_23,opt_27,46,free
of_94,opt_23,opt_27,47,free
of_94,opt_23,opt_27,48,free
of_94,opt_23,opt_27,49,free
of_94,opt_23,opt_27,50,free
of_94,opt_23,opt_27,51,free
of_94,opt_23,opt_27,52,free
of_94,opt_23,opt_27,53,free
of_94,opt_23,opt_27,54,free
of_94,opt_23,opt_27,55,free
of_94,opt_23,opt_27,56,free
of_94,opt_23,opt_27,57,free
of_94,opt_23,opt_27,58,free
of_94,opt_23,opt_27,59,free
of_94,opt_23,opt_27,60,free
of_94,opt_23,opt_27,61,free
of_94,opt_23,opt_27,62,free
of_94,opt_23,opt_27,63,free
of_94,opt_23,opt_27,64,free
of_94,opt_23,opt_27,65,free
of_94,opt_23,opt_27,66,free
of_94,opt_23,opt_27,67,free
of_94,opt_23,opt_27,68,free
of_94,opt_23,opt_27,69,free
of_94,opt_23,opt_27,70,free
of_94,opt_23,opt_27,71,free
of_94,opt_23,opt_27,72,free
of_94,opt_23,opt_27,73,free
of_94,opt_23,opt_27,74,free
of_94,opt_23,opt_27,75,free
of_94,opt_23,opt_27,76,free
of_94,opt_23,opt_27,77,free
of_94,opt_23,opt_27,78,free
of_94,opt_23,opt_27,79,free
of_94,opt_23,opt_27,80,free
of_94,opt_23,opt_27,81,free
of_94,opt_23,opt_27,82,free
of_94,opt_23,opt_27,83,free
of_94,opt_23,opt_27,84,free
of_94,opt_23,opt_27,85,free
of_94,opt_23,opt_27,86,free
of_94,opt_23,opt_27,87,free
of_94,opt_23,opt_27,88,free
of_94,opt_23,opt_27,89,free
of_94,opt_23,opt_27,90,free
of_94,opt_23,opt_27,91,free
of_94,opt_23,opt_27,92,free
of_94,opt_23,opt_27,93,free
of_94,opt_23,opt_27,94,free
of_94,opt_23,opt_27,95,free
of_94,opt_23,opt_27,96,free
of_94,opt_23,opt_27,97,free
of_94,opt_23,opt_27,98,free
of_94,opt_23,opt_27,99,free
of_95,opt_23,opt_29,0,free
of_95,opt_23,opt_29,1,free
of_95,opt_23,opt_29,2,free
of_95,opt_23,opt_29,3,free
of_95,opt_23,opt_29,4,free
of_95,opt_23,opt_29,5,free
of_95,opt_23,opt_29,6,free
of_95,opt_23,opt_29,7,free
of_95,opt_23,opt_29,8,free
of_95,opt_23,opt_29,9,free
of_95,opt_23,opt_29,10,free
of_95,opt_23,opt_29,11,free
of_95,opt_23,opt_29,12,free
of_95,opt_23,opt_29,13,free
of_95,opt_23,opt_29,14,free
of_95,opt_23,opt_29,15,free
of_95,opt_23,opt_29,16,free
of_95,opt_23,opt_29,17,free
of_95,opt_23,opt_29,18,free
of_95,opt_23,opt_29,19,free
of_95,opt_23,opt_29,20,free
of_95,opt_23,opt_29,21,free
of_95,opt_23,opt_29,22,free
of_95,opt_23,opt_29,23,free
of_95,opt_23,opt_29,24,free
of_95,opt_23,opt_29,25,free
of_95,opt_23,opt_29,26,free
of_95,opt_23,opt_29,27,free
of_95,opt_23,opt_29,28,free
of_95,opt_23,opt_29,29,free
of_95,opt_23,opt_29,30,free
of_95,opt_23,opt_29,31,free
of_95,opt_23,opt_29,32,free
of_95,opt_23,opt_29,33,free
of_95,opt_23,opt_29,34,free
of_95,opt_23,opt_29,35,free
of_95,opt_23,opt_29,36,free
of_95,opt_23,opt_29,37,free
of_95,opt_23,opt_29,38,free
of_95,opt_23,opt_29,39,free
of_95,opt_23,opt_29,40,free
of_95,opt_23,opt_29,41,free
of_95,opt_23,opt_29,42,free
of_95,opt_23,opt_29,43,free
of_95,opt_23,opt_29,44,free
of_95,opt_23,opt_29,45,free
of_95,opt_23,opt_29,46,free
of_95,opt_23,opt_29,47,free
of_95,opt_23,opt_29,48,free
of_95,opt_23,opt_29,49,free
of_95,opt_23,opt_29,50,free
of_95,opt_23,opt_29,51,free
of_95,opt_23,opt_29,52,free
of_95,opt_23,opt_29,53,free
of_95,opt_23,opt_29,54,free
of_95,opt_23,opt_29,55,free
of_95,opt_23,opt_29,56,free
of_95,opt_23,opt_29,57,free
of_95,opt_23,opt_29,58,free
of_95,opt_23,opt_29,59,free
of_95,opt_23,opt_29,60,free
of_95,opt_23,opt_29,61,free
of_95,opt_23,opt_29,62,free
of_95,opt_23,opt_29,63,free
of_95,opt_23,opt_29,64,free
of_95,opt_23,opt_29,65,free
of_95,opt_23,opt_29,66,free
of_95,opt_23,opt_29,67,free
of_95,opt_23,opt_29,68,free
of_95,opt_23,opt_29,69,free
of_95,opt_23,opt_29,70,free
of_95,opt_23,opt_29,71,free
of_95,opt_23,opt_29,72,free
of_95,opt_23,opt_29,73,free
of_95,opt_23,opt_29,74,free
of_95,opt_23,opt_29,75,free
of_95,opt_23,opt_29,76,free
of_95,opt_23,opt_29,77,free
of_95,opt_23,opt_29,78,free
of_95,opt_23,opt_29,79,free
of_95,opt_23,opt_29,80,free
of_95,opt_23,opt_29,81,free
of_95,opt_23,opt_29,82,free
of_95,opt_23,opt_29,83,free
of_95,opt_23,opt_29,84,free
of_95,opt_23,opt_29,85,free
of_95,opt_23,opt_29,86,free
of_95,opt_23,opt_29,87,free
of_95,opt_23,opt_29,88,free
of_95,opt_23,opt_29,89,free
of_95,opt_23,opt_29,90,free
of_95,opt_23,opt_29,91,free
of_95,opt_23,opt_29,92,free
of_95,opt_23,opt_29,93,free
of_95,opt_23,opt_29,94,free
of_95,opt_23,opt_29,95,free
of_95,opt_23,opt_29,96,free
of_95,opt_23,opt_29,97,free
of_95,opt_23,opt_29,98,free
of_95,opt_23,opt_29,99,free
of_96,opt_23,opt_31,0,free
of_96,opt_23,opt_31,1,free
of_96,opt_23,opt_31,2,free
of_96,opt_23,opt_31,3,free
of_96,opt_23,opt_31,4,free
of_96,opt_23,opt_31,5,free
of_96,opt_23,opt_31,6,free
of_96,opt_23,opt_31,7,free
of_96,opt_23,opt_31,8,free
of_96,opt_23,opt_31,9,free
of_96,opt_23,opt_31,10,free
of_96,opt_23,opt_31,11,free
of_96,opt_23,opt_31,12,free
of_96,opt_23,opt_31,13,free
of_96,opt_23,opt_31,14,free
of_96,opt_23,opt_31,15,free
of_96,opt_23,opt_31,16,free
of_96,opt_23,opt_31,17,free
of_96,opt_23,opt_31,18,free
of_96,opt_23,opt_31,19,free
of_96,opt_23,opt_31,20,free
of_96,opt_23,opt_31,21,free
of_96,opt_23,opt_31,22,free
of_96,opt_23,opt_31,23,free
of_96,opt_23,opt_31,24,free
of_96,opt_23,opt_31,25,free
of_96,opt_23,opt_31,26,free
of_96,opt_23,opt_31,27,free
of_96,opt_23,opt_31,28,free
of_96,opt_23,opt_31,29,free
of_96,opt_23,opt_31,30,free
of_96,opt_23,opt_31,31,free
of_96,opt_23,opt_31,32,free
of_96,opt_23,opt_31,33,free
of_96,opt_23,opt_31,34,free
of_96,opt_23,opt_31,35,free
of_96,opt_23,opt_31,36,free
of_96,opt_23,opt_31,37,free
of_96,opt_23,opt_31,38,free
of_96,opt_23,opt_31,39,free
of_96,opt_23,opt_31,40,free
of_96,opt_23,opt_31,41,free
of_96,opt_23,opt_31,42,free
of_96,opt_23,opt_31,43,free
of_96,opt_23,opt_31,44,free
of_96,opt_23,opt_31,45,free
of_96,opt_23,opt_31,46,free
of_96,opt_23,opt_31,47,free
of_96,opt_23,opt_31,48,free
of_96,opt_23,opt_31,49,free
of_96,opt_23,opt_31,50,free
of_96,opt_23,opt_31,51,free
of_96,opt_23,opt_31,52,free
of_96,opt_23,opt_31,53,free
of_96,opt_23,opt_31,54,free
of_96,opt_23,opt_31,55,free
of_96,opt_23,opt_31,56,free
of_96,opt_23,opt_31,57,free
of_96,opt_23,opt_31,58,free
of_96,opt_23,opt_31,59,free
of_96,opt_23,opt_31,60,free
of_96,opt_23,opt_31,61,free
of_96,opt_23,opt_31,62,free
of_96,opt_23,opt_31,63,free
of_96,opt_23,opt_31,64,free
of_96,opt_23,opt_31,65,free
of_96,opt_23,opt_31,66,free
of_96,opt_23,opt_31,67,free
of_96,opt_23,opt_31,68,free
of_96,opt_23,opt_31,69,free
of_96,opt_23,opt_31,70,free
of_96,opt_23,opt_31,71,free
of_96,opt_23,opt_31,72,free
of_96,opt_23,opt_31,73,free
of_96,opt_23,opt_31,74,free
of_96,opt_23,opt_31,75,free
of_96,opt_23,opt_31,76,free
of_96,opt_23,opt_31,77,free
of_96,opt_23,opt_31,78,free
of_96,opt_23,opt_31,79,free
of_96,opt_23,opt_31,80,free
of_96,opt_23,opt_31,81,free
of_96,opt_23,opt_31,82,free
of_96,opt_23,opt_31,83,free
of_96,opt_23,opt_31,84,free
of_96,opt_23,opt_31,85,free
of_96,opt_23,opt_31,86,free
of_96,opt_23,opt_31,87,free
of_96,opt_23,opt_31,88,free
of_96,opt_23,opt_31,89,free
of_96,opt_23,opt_31,90,free
of_96,opt_23,opt_31,91,free
of_96,opt_23,opt_31,92,free
of_96,opt_23,opt_31,93,free
of_96,opt_23,opt_31,94,free
of_96,opt_23,opt_31,95,free
of_96,opt_23,opt_31,96,free
of_96,opt_23,opt_31,97,free
of_96,opt_23,opt_31,98,free
of_96,opt_23,opt_31,99,free
of_97,opt_23,opt_4,0,free
of_97,opt_23,opt_4,1,free
of_97,opt_23,opt_4,2,free
of_97,opt_23,opt_4,3,free
of_97,opt_23,opt_4,4,free
of_97,opt_23,opt_4,5,free
of_97,opt_23,opt_4,6,free
of_97,opt_23,opt_4,7,free
of_97,opt_23,opt_4,8,free
of_97,opt_23,opt_4,9,free
of_97,opt_23,opt_4,10,free
of_97,opt_23,opt_4,11,free
of_97,opt_23,opt_4,12,free
of_97,opt_23,opt_4,13,free
of_97,opt_23,opt_4,14,free
of_97,opt_23,opt_4,15,free
of_97,opt_23,opt_4,16,free
of_97,opt_23,opt_4,17,free
of_97,opt_23,opt_4,18,free
of_97,opt_23,opt_4,19,free
of_97,opt_23,opt_4,20,free
of_97,opt_23,opt_4,21,free
of_97,opt_23,opt_4,22,free
of_97,opt_23,opt_4,23,free
of_97,opt_23,opt_4,24,free
of_97,opt_23,opt_4,25,free
of_97,opt_23,opt_4,26,free
of_97,opt_23,opt_4,27,free
of_97,opt_23,opt_4,28,free
of_97,opt_23,opt_4,29,free
of_97,opt_23,opt_4,30,free
of_97,opt_23,opt_4,31,free
of_97,opt_23,opt_4,32,free
of_97,opt_23,opt_4,33,free
of_97,opt_23,opt_4,34,free
of_97,opt_23,opt_4,35,free
of_97,opt_23,opt_4,36,free
of_97,opt_23,opt_4,37,free
of_97,opt_23,opt_4,38,free
of_97,opt_23,opt_4,39,free
of_97,opt_23,opt_4,40,free
of_97,opt_23,opt_4,41,free
of_97,opt_23,opt_4,42,free
of_97,opt_23,opt_4,43,free
of_97,opt_23,opt_4,44,free
of_97,opt_23,opt_4,45,free
of_97,opt_23,opt_4,46,free
of_97,opt_23,opt_4,47,free
of_97,opt_23,opt_4,48,free
of_97,opt_23,opt_4,49,free
of_97,opt_23,opt_4,50,free
of_97,opt_23,opt_4,51,free
of_97,opt_23,opt_4,52,free
of_97,opt_23,opt_4,53,free
of_97,opt_23,opt_4,54,free
of_97,opt_23,opt_4,55,free
of_97,opt_23,opt_4,56,free
of_97,opt_23,opt_4,57,free
of_97,opt_23,opt_4,58,free
of_97,opt_23,opt_4,59,free
of_97,opt_23,opt_4,60,free
of_97,opt_23,opt_4,61,free
of_97,opt_23,opt_4,62,free
of_97,opt_23,opt_4,63,free
of_97,opt_23,opt_4,64,free
of_97,opt_23,opt_4,65,free
of_97,opt_23,opt_4,66,free
of_97,opt_23,opt_4,67,free
of_97,opt_23,opt_4,68,free
of_97,opt_23,opt_4,69,free
of_97,opt_23,opt_4,70,free
of_97,opt_23,opt_4,71,free
of_97,opt_23,opt_4,72,free
of_97,opt_23,opt_4,73,free
of_97,opt_23,opt_4,74,free
of_97,opt_23,opt_4,75,free
of_97,opt_23,opt_4,76,free
of_97,opt_23,opt_4,77,free
of_97,opt_23,opt_4,78,free
of_97,opt_23,opt_4,79,free
of_97,opt_23,opt_4,80,free
of_97,opt_23,opt_4,81,free
of_97,opt_23,opt_4,82,free
of_97,opt_23,opt_4,83,free
of_97,opt_23,opt_4,84,free
of_97,opt_23,opt_4,85,free
of_97,opt_23,opt_4,86,free
of_97,opt_23,opt_4,87,free
of_97,opt_23,opt_4,88,free
of_97,opt_23,opt_4,89,free
of_97,opt_23,opt_4,90,free
of_97,opt_23,opt_4,91,free
of_97,opt_23,opt_4,92,free
of_97,opt_23,opt_4,93,free
of_97,opt_23,opt_4,94,free
of_97,opt_23,opt_4,95,free
of_97,opt_23,opt_4,96,free
of_97,opt_23,opt_4,97,free
of_97,opt_23,opt_4,98,free
of_97,opt_23,opt_4,99,free
of_98,opt_24,opt_25,0,free
of_98,opt_24,opt_25,1,free
of_98,opt_24,opt_25,2,free
of_98,opt_24,opt_25,3,free
of_98,opt_24,opt_25,4,free
of_98,opt_24,opt_25,5,free
of_98,opt_24,opt_25,6,free
of_98,opt_24,opt_25,7,free
of_98,opt_24,opt_25,8,free
of_98,opt_24,opt_25,9,free
of_98,opt_24,opt_25,10,free
of_98,opt_24,opt_25,11,free
of_98,opt_24,opt_25,12,free
of_98,opt_24,opt_25,13,free
of_98,opt_24,opt_25,14,free
of_98,opt_24,opt_25,15,free
of_98,opt_24,opt_25,16,free
of_98,opt_24,opt_25,17,free
of_98,opt_24,opt_25,18,free
of_98,opt_24,opt_25,19,free
of_98,opt_24,opt_25,20,free
of_98,opt_24,opt_25,21,free
of_98,opt_24,opt_25,22,free
of_98,opt_24,opt_25,23,free
of_98,opt_24,opt_25,24,free
of_98,opt_24,opt_25,25,free
of_98,opt_24,opt_25,26,free
of_98,opt_24,opt_25,27,free
of_98,opt_24,opt_25,28,free
of_98,opt_24,opt_25,29,free
of_98,opt_24,opt_25,30,free
of_98,opt_24,opt_25,31,free
of_98,opt_24,opt_25,32,free
of_98,opt_24,opt_25,33,free
of_98,opt_24,opt_25,34,free
of_98,opt_24,opt_25,35,free
of_98,opt_24,opt_25,36,free
of_98,opt_24,opt_25,37,free
of_98,opt_24,opt_25,38,free
of_98,opt_24,opt_25,39,free
of_98,opt_24,opt_25,40,free
of_98,opt_24,opt_25,41,free
of_98,opt_24,opt_25,42,free
of_98,opt_24,opt_25,43,free
of_98,opt_24,opt_25,44,free
of_98,opt_24,opt_25,45,free
of_98,opt_24,opt_25,46,free
of_98,opt_24,opt_25,47,free
of_98,opt_24,opt_25,48,free
of_98,opt_24,opt_25,49,free
of_98,opt_24,opt_25,50,free
of_98,opt_24,opt_25,51,free
of_98,opt_24,opt_25,52,free
of_98,opt_24,opt_25,53,free
of_98,opt_24,opt_25,54,free
of_98,opt_24,opt_25,55,free
of_98,opt_24,opt_25,56,free
of_98,opt_24,opt_25,57,free
of_98,opt_24,opt_25,58,free
of_98,opt_24,opt_25,59,free
of_98,opt_24,opt_25,60,free
of_98,opt_24,opt_25,61,free
of_98,opt_24,opt_25,62,free
of_98,opt_24,opt_25,63,free
of_98,opt_24,opt_25,64,free
of_98,opt_24,opt_25,65,free
of_98,opt_24,opt_25,66,free
of_98,opt_24,opt_25,67,free
of_98,opt_24,opt_25,68,free
of_98,opt_24,opt_25,69,free
of_98,opt_24,opt_25,70,free
of_98,opt_24,opt_25,71,free
of_98,opt_24,opt_25,72,free
of_98,opt_24,opt_25,73,free
of_98,opt_24,opt_25,74,free
of_98,opt_24,opt_25,75,free
of_98,opt_24,opt_25,76,free
of_98,opt_24,opt_25,77,free
of_98,opt_24,opt_25,78,free
of_98,opt_24,opt_25,79,free
of_98,opt_24,opt_25,80,free
of_98,opt_24,opt_25,81,free
of_98,opt_24,opt_25,82,free
of_98,opt_24,opt_25,83,free
of_98,opt_24,opt_25,84,free
of_98,opt_24,opt_25,85,free
of_98,opt_24,opt_25,86,free
of_98,opt_24,opt_25,87,free
of_98,opt_24,opt_25,88,free
of_98,opt_24,opt_25,89,free
of_98,opt_24,opt_25,90,free
of_98,opt_24,opt_25,91,free
of_98,opt_24,opt_25,92,free
of_98,opt_24,opt_25,93,free
of_98,opt_24,opt_25,94,free
of_98,opt_24,opt_25,95,free
of_98,opt_24,opt_25,96,free
of_98,opt_24,opt_25,97,free
of_98,opt_24,opt_25,98,free
of_98,opt_24,opt_25,99,free
of_99,opt_24,opt_28,0,free
of_99,opt_24,opt_28,1,free
of_99,opt_24,opt_28,2,free
of_99,opt_24,opt_28,3,free
of_99,opt_24,opt_28,4,free
of_99,opt_24,opt_28,5,free
of_99,opt_24,opt_28,6,free
of_99,opt_24,opt_28,7,free
of_99,opt_24,opt_28,8,free
of_99,opt_24,opt_28,9,free
of_99,opt_24,opt_28,10,free
of_99,opt_24,opt_28,11,free
of_99,opt_24,opt_28,12,free
of_99,opt_24,opt_28,13,free
of_99,opt_24,opt_28,14,free
of_99,opt_24,opt_28,15,free
of_99,opt_24,opt_28,16,free
of_99,opt_24,opt_28,17,free
of_99,opt_24,opt_28,18,free
of_99,opt_24,opt_28,19,free
of_99,opt_24,opt_28,20,free
of_99,opt_24,opt_28,21,free
of_99,opt_24,opt_28,22,free
of_99,opt_24,opt_28,23,free
of_99,opt_24,opt_28,24,free
of_99,opt_24,opt_28,25,free
of_99,opt_24,opt_28,26,free
of_99,opt_24,opt_28,27,free
of_99,opt_24,opt_28,28,free
of_99,opt_24,opt_28,29,free
of_99,opt_24,opt_28,30,free
of_99,opt_24,opt_28,31,free
of_99,opt_24,opt_28,32,free
of_99,opt_24,opt_28,33,free
of_99,opt_24,opt_28,34,free
of_99,opt_24,opt_28,35,free
of_99,opt_24,opt_28,36,free
of_99,opt_24,opt_28,37,free
of_99,opt_24,opt_28,38,free
of_99,opt_24,opt_28,39,free
of_99,opt_24,opt_28,40,free
of_99,opt_24,opt_28,41,free
of_99,opt_24,opt_28,42,free
of_99,opt_24,opt_28,43,free
of_99,opt_24,opt_28,44,free
of_99,opt_24,opt_28,45,free
of_99,opt_24,opt_28,46,free
of_99,opt_24,opt_28,47,free
of_99,opt_24,opt_28,48,free
of_99,opt_24,opt_28,49,free
of_99,opt_24,opt_28,50,free
of_99,opt_24,opt_28,51,free
of_99,opt_24,opt_28,52,free
of_99,opt_24,opt_28,53,free
of_99,opt_24,opt_28,54,free
of_99,opt_24,opt_28,55,free
of_99,opt_24,opt_28,56,free
of_99,opt_24,opt_28,57,free
of_99,opt_24,opt_28,58,free
of_99,opt_24,opt_28,59,free
of_99,opt_24,opt_28,60,free
of_99,opt_24,opt_28,61,free
of_99,opt_24,opt_28,62,free
of_99,opt_24,opt_28,63,free
of_99,opt_24,opt_28,64,free
of_99,opt_24,opt_28,65,free
of_99,opt_24,opt_28,66,free
of_99,opt_24,opt_28,67,free
of_99,opt_24,opt_28,68,free
of_99,opt_24,opt_28,69,free
of_99,opt_24,opt_28,70,free
of_99,opt_24,opt_28,71,free
of_99,opt_24,opt_28,72,free
of_99,opt_24,opt_28,73,free
of_99,opt_24,opt_28,74,free
of_99,opt_24,opt_28,75,free
of_99,opt_24,opt_28,76,free
of_99,opt_24,opt_28,77,free
of_99,opt_24,opt_28,78,free
of_99,opt_24,opt_28,79,free
of_99,opt_24,opt_28,80,free
of_99,opt_24,opt_28,81,free
of_99,opt_24,opt_28,82,free
of_99,opt_24,opt_28,83,free
of_99,opt_24,opt_28,84,free
of_99,opt_24,opt_28,85,free
of_99,opt_24,opt_28,86,free
of_99,opt_24,opt_28,87,free
of_99,opt_24,opt_28,88,free
of_99,opt_24,opt_28,89,free
of_99,opt_24,opt_28,90,free
of_99,opt_24,opt_28,91,free
of_99,opt_24,opt_28,92,free
of_99,opt_24,opt_28,93,free
of_99,opt_24,opt_28,94,free
of_99,opt_24,opt_28,95,free
of_99,opt_24,opt_28,96,free
of_99,opt_24,opt_28,97,free
of_99,opt_24,opt_28,98,free
of_99,opt_24,opt_28,99,free
of_100,opt_24,opt_5,0,free
of_100,opt_24,opt_5,1,free
of_100,opt_24,opt_5,2,free
of_100,opt_24,opt_5,3,free
of_100,opt_24,opt_5,4,free
of_100,opt_24,opt_5,5,free
of_100,opt_24,opt_5,6,free
of_100,opt_24,opt_5,7,free
of_100,opt_24,opt_5,8,free
of_100,opt_24,opt_5,9,free
of_100,opt_24,opt_5,10,free
of_100,opt_24,opt_5,11,free
of_100,opt_24,opt_5,12,free
of_100,opt_24,opt_5,13,free
of_100,opt_24,opt_5,14,free
of_100,opt_24,opt_5,15,free
of_100,opt_24,opt_5,16,free
of_100,opt_24,opt_5,17,free
of_100,opt_24,opt_5,18,free
of_100,opt_24,opt_5,19,free
of_100,opt_24,opt_5,20,free
of_100,opt_24,opt_5,21,free
of_100,opt_24,opt_5,22,free
of_100,opt_24,opt_5,23,free
of_100,opt_24,opt_5,24,free
of_100,opt_24,opt_5,25,free
of_100,opt_24,opt_5,26,free
of_100,opt_24,opt_5,27,free
of_100,opt_24,opt_5,28,free
of_100,opt_24,opt_5,29,free
of_100,opt_24,opt_5,30,free
of_100,opt_24,opt_5,31,free
of_100,opt_24,opt_5,32,free
of_100,opt_24,opt_5,33,free
of_100,opt_24,opt_5,34,free
of_100,opt_24,opt_5,35,free
of_100,opt_24,opt_5,36,free
of_100,opt_24,opt_5,37,free
of_100,opt_24,opt_5,38,free
of_100,opt_24,opt_5,39,free
of_100,opt_24,opt_5,40,free
of_100,opt_24,opt_5,41,free
of_100,opt_24,opt_5,42,free
of_100,opt_24,opt_5,43,free
of_100,opt_24,opt_5,44,free
of_100,opt_24,opt_5,45,free
of_100,opt_24,opt_5,46,free
of_100,opt_24,opt_5,47,free
of_100,opt_24,opt_5,48,free
of_100,opt_24,opt_5,49,free
of_100,opt_24,opt_5,50,free
of_100,opt_24,opt_5,51,free
of_100,opt_24,opt_5,52,free
of_100,opt_24,opt_5,53,free
of_100,opt_24,opt_5,54,free
of_100,opt_24,opt_5,55,free
of_100,opt_24,opt_5,56,free
of_100,opt_24,opt_5,57,free
of_100,opt_24,opt_5,58,free
of_100,opt_24,opt_5,59,free
of_100,opt_24,opt_5,60,free
of_100,opt_24,opt_5,61,free
of_100,opt_24,opt_5,62,free
of_100,opt_24,opt_5,63,free
of_100,opt_24,opt_5,64,free
of_100,opt_24,opt_5,65,free
of_100,opt_24,opt_5,66,free
of_100,opt_24,opt_5,67,free
of_100,opt_24,opt_5,68,free
of_100,opt_24,opt_5,69,free
of_100,opt_24,opt_5,70,free
of_100,opt_24,opt_5,71,free
of_100,opt_24,opt_5,72,free
of_100,opt_24,opt_5,73,free
of_100,opt_24,opt_5,74,free
of_100,opt_24,opt_5,75,free
of_100,opt_24,opt_5,76,free
of_100,opt_24,opt_5,77,free
of_100,opt_24,opt_5,78,free
of_100,opt_24,opt_5,79,free
of_100,opt_24,opt_5,80,free
of_100,opt_24,opt_5,81,free
of_100,opt_24,opt_5,82,free
of_100,opt_24,opt_5,83,free
of_100,opt_24,opt_5,84,free
of_100,opt_24,opt_5,85,free
of_100,opt_24,opt_5,86,free
of_100,opt_24,opt_5,87,free
of_100,opt_24,opt_5,88,free
of_100,opt_24,opt_5,89,free
of_100,opt_24,opt_5,90,free
of_100,opt_24,opt_5,91,free
of_100,opt_24,opt_5,92,free
of_100,opt_24,opt_5,93,free
of_100,opt_24,opt_5,94,free
of_100,opt_24,opt_5,95,free
of_100,opt_24,opt_5,96,free
of_100,opt_24,opt_5,97,free
of_100,opt_24,opt_5,98,free
of_100,opt_24,opt_5,99,free
of_101,opt_24,opt_7,0,free
of_101,opt_24,opt_7,1,free
of_101,opt_24,opt_7,2,free
of_101,opt_24,opt_7,3,free
of_101,opt_24,opt_7,4,free
of_101,opt_24,opt_7,5,free
of_101,opt_24,opt_7,6,free
of_101,opt_24,opt_7,7,free
of_101,opt_24,opt_7,8,free
of_101,opt_24,opt_7,9,free
of_101,opt_24,opt_7,10,free
of_101,opt_24,opt_7,11,free
of_101,opt_24,opt_7,12,free
of_101,opt_24,opt_7,13,free
of_101,opt_24,opt_7,14,free
of_101,opt_24,opt_7,15,free
of_101,opt_24,opt_7,16,free
of_101,opt_24,opt_7,17,free
of_101,opt_24,opt_7,18,free
of_101,opt_24,opt_7,19,free
of_101,opt_24,opt_7,20,free
of_101,opt_24,opt_7,21,free
of_101,opt_24,opt_7,22,free
of_101,opt_24,opt_7,23,free
of_101,opt_24,opt_7,24,free
of_101,opt_24,opt_7,25,free
of_101,opt_24,opt_7,26,free
of_101,opt_24,opt_7,27,free
of_101,opt_24,opt_7,28,free
of_101,opt_24,opt_7,29,free
of_101,opt_24,opt_7,30,free
of_101,opt_24,opt_7,31,free
of_101,opt_24,opt_7,32,free
of_101,opt_24,opt_7,33,free
of_101,opt_24,opt_7,34,free
of_101,opt_24,opt_7,35,free
of_101,opt_24,opt_7,36,free
of_101,opt_24,opt_7,37,free
of_101,opt_24,opt_7,38,free
of_101,opt_24,opt_7,39,free
of_101,opt_24,opt_7,40,free
of_101,opt_24,opt_7,41,free
of_101,opt_24,opt_7,42,free
of_101,opt_24,opt_7,43,free
of_101,opt_24,opt_7,44,free
of_101,opt_24,opt_7,45,free
of_101,opt_24,opt_7,46,free
of_101,opt_24,opt_7,47,free
of_101,opt_24,opt_7,48,free
of_101,opt_24,opt_7,49,free
of_101,opt_24,opt_7,50,free
of_101,opt_24,opt_7,51,free
of_101,opt_24,opt_7,52,free
of_101,opt_24,opt_7,53,free
of_101,opt_24,opt_7,54,free
of_101,opt_24,opt_7,55,free
of_101,opt_24,opt_7,56,free
of_101,opt_24,opt_7,57,free
of_101,opt_24,opt_7,58,free
of_101,opt_24,opt_7,59,free
of_101,opt_24,opt_7,60,free
of_101,opt_24,opt_7,61,free
of_101,opt_24,opt_7,62,free
of_101,opt_24,opt_7,63,free
of_101,opt_24,opt_7,64,free
of_101,opt_24,opt_7,65,free
of_101,opt_24,opt_7,66,free
of_101,opt_24,opt_7,67,free
of_101,opt_24,opt_7,68,free
of_101,opt_24,opt_7,69,free
of_101,opt_24,opt_7,70,free
of_101,opt_24,opt_7,71,free
of_101,opt_24,opt_7,72,free
of_101,opt_24,opt_7,73,free
of_101,opt_24,opt_7,74,free
of_101,opt_24,opt_7,75,free
of_101,opt_24,opt_7,76,free
of_101,opt_24,opt_7,77,free
of_101,opt_24,opt_7,78,free
of_101,opt_24,opt_7,79,free
of_101,opt_24,opt_7,80,free
of_101,opt_24,opt_7,81,free
of_101,opt_24,opt_7,82,free
of_101,opt_24,opt_7,83,free
of_101,opt_24,opt_7,84,free
of_101,opt_24,opt_7,85,free
of_101,opt_24,opt_7,86,free
of_101,opt_24,opt_7,87,free
of_101,opt_24,opt_7,88,free
of_101,opt_24,opt_7,89,free
of_101,opt_24,opt_7,90,free
of_101,opt_24,opt_7,91,free
of_101,opt_24,opt_7,92,free
of_101,opt_24,opt_7,93,free
of_101,opt_24,opt_7,94,free
of_101,opt_24,opt_7,95,free
of_101,opt_24,opt_7,96,free
of_101,opt_24,opt_7,97,free
of_101,opt_24,opt_7,98,free
of_101,opt_24,opt_7,99,free
of_102,opt_25,opt_28,0,free
of_102,opt_25,opt_28,1,free
of_102,opt_25,opt_28,2,free
of_102,opt_25,opt_28,3,free
of_102,opt_25,opt_28,4,free
of_102,opt_25,opt_28,5,free
of_102,opt_25,opt_28,6,free
of_102,opt_25,opt_28,7,free
of_102,opt_25,opt_28,8,free
of_102,opt_25,opt_28,9,free
of_102,opt_25,opt_28,10,free
of_102,opt_25,opt_28,11,free
of_102,opt_25,opt_28,12,free
of_102,opt_25,opt_28,13,free
of_102,opt_25,opt_28,14,free
of_102,opt_25,opt_28,15,free
of_102,opt_25,opt_28,16,free
of_102,opt_25,opt_28,17,free
of_102,opt_25,opt_28,18,free
of_102,opt_25,opt_28,19,free
of_102,opt_25,opt_28,20,free
of_102,opt_25,opt_28,21,free
of_102,opt_25,opt_28,22,free
of_102,opt_25,opt_28,23,free
of_102,opt_25,opt_28,24,free
of_102,opt_25,opt_28,25,free
of_102,opt_25,opt_28,26,free
of_102,opt_25,opt_28,27,free
of_102,opt_25,opt_28,28,free
of_102,opt_25,opt_28,29,free
of_102,opt_25,opt_28,30,free
of_102,opt_25,opt_28,31,free
of_102,opt_25,opt_28,32,free
of_102,opt_25,opt_28,33,free
of_102,opt_25,opt_28,34,free
of_102,opt_25,opt_28,35,free
of_102,opt_25,opt_28,36,free
of_102,opt_25,opt_28,37,free
of_102,opt_25,opt_28,38,free
of_102,opt_25,opt_28,39,free
of_102,opt_25,opt_28,40,free
of_102,opt_25,opt_28,41,free
of_102,opt_25,opt_28,42,free
of_102,opt_25,opt_28,43,free
of_102,opt_25,opt_28,44,free
of_102,opt_25,opt_28,45,free
of_102,opt_25,opt_28,46,free
of_102,opt_25,opt_28,47,free
of_102,opt_25,opt_28,48,free
of_102,opt_25,opt_28,49,free
of_102,opt_25,opt_28,50,free
of_102,opt_25,opt_28,51,free
of_102,opt_25,opt_28,52,free
of_102,opt_25,opt_28,53,free
of_102,opt_25,opt_28,54,free
of_102,opt_25,opt_28,55,free
of_102,opt_25,opt_28,56,free
of_102,opt_25,opt_28,57,free
of_102,opt_25,opt_28,58,free
of_102,opt_25,opt_28,59,free
of_102,opt_25,opt_28,60,free
of_102,opt_25,opt_28,61,free
of_102,opt_25,opt_28,62,free
of_102,opt_25,opt_28,63,free
of_102,opt_25,opt_28,64,free
of_102,opt_25,opt_28,65,free
of_102,opt_25,opt_28,66,free
of_102,opt_25,opt_28,67,free
of_102,opt_25,opt_28,68,free
of_102,opt_25,opt_28,69,free
of_102,opt_25,opt_28,70,free
of_102,opt_25,opt_28,71,free
of_102,opt_25,opt_28,72,free
of_102,opt_25,opt_28,73,free
of_102,opt_25,opt_28,74,free
of_102,opt_25,opt_28,75,free
of_102,opt_25,opt_28,76,free
of_102,opt_25,opt_28,77,free
of_102,opt_25,opt_28,78,free
of_102,opt_25,opt_28,79,free
of_102,opt_25,opt_28,80,free
of_102,opt_25,opt_28,81,free
of_102,opt_25,opt_28,82,free
of_102,opt_25,opt_28,83,free
of_102,opt_25,opt_28,84,free
of_102,opt_25,opt_28,85,free
of_102,opt_25,opt_28,86,free
of_102,opt_25,opt_28,87,free
of_102,opt_25,opt_28,88,free
of_102,opt_25,opt_28,89,free
of_102,opt_25,opt_28,90,free
of_102,opt_25,opt_28,91,free
of_102,opt_25,opt_28,92,free
of_102,opt_25,opt_28,93,free
of_102,opt_25,opt_28,94,free
of_102,opt_25,opt_28,95,free
of_102,opt_25,opt_28,96,free
of_102,opt_25,opt_28,97,free
of_102,opt_25,opt_28,98,free
of_102,opt_25,opt_28,99,free
of_103,opt_25,opt_29,0,free
of_103,opt_25,opt_29,1,free
of_103,opt_25,opt_29,2,free
of_103,opt_25,opt_29,3,free
of_103,opt_25,opt_29,4,free
of_103,opt_25,opt_29,5,free
of_103,opt_25,opt_29,6,free
of_103,opt_25,opt_29,7,free
of_103,opt_25,opt_29,8,free
of_103,opt_25,opt_29,9,free
of_103,opt_25,opt_29,10,free
of_103,opt_25,opt_29,11,free
of_103,opt_25,opt_29,12,free
of_103,opt_25,opt_29,13,free
of_103,opt_25,opt_29,14,free
of_103,opt_25,opt_29,15,free
of_103,opt_25,opt_29,16,free
of_103,opt_25,opt_29,17,free
of_103,opt_25,opt_29,18,free
of_103,opt_25,opt_29,19,free
of_103,opt_25,opt_29,20,free
of_103,opt_25,opt_29,21,free
of_103,opt_25,opt_29,22,free
of_103,opt_25,opt_29,23,free
of_103,opt_25,opt_29,24,free
of_103,opt_25,opt_29,25,free
of_103,opt_25,opt_29,26,free
of_103,opt_25,opt_29,27,free
of_103,opt_25,opt_29,28,free
of_103,opt_25,opt_29,29,free
of_103,opt_25,opt_29,30,free
of_103,opt_25,opt_29,31,free
of_103,opt_25,opt_29,32,free
of_103,opt_25,opt_29,33,free
of_103,opt_25,opt_29,34,free
of_103,opt_25,opt_29,35,free
of_103,opt_25,opt_29,36,free
of_103,opt_25,opt_29,37,free
of_103,opt_25,opt_29,38,free
of_103,opt_25,opt_29,39,free
of_103,opt_25,opt_29,40,free
of_103,opt_25,opt_29,41,free
of_103,opt_25,opt_29,42,free
of_103,opt_25,opt_29,43,free
of_103,opt_25,opt_29,44,free
of_103,opt_25,opt_29,45,free
of_103,opt_25,opt_29,46,free
of_103,opt_25,opt_29,47,free
of_103,opt_25,opt_29,48,free
of_103,opt_25,opt_29,49,free
of_103,opt_25,opt_29,50,free
of_103,opt_25,opt_29,51,free
of_103,opt_25,opt_29,52,free
of_103,opt_25,opt_29,53,free
of_103,opt_25,opt_29,54,free
of_103,opt_25,opt_29,55,free
of_103,opt_25,opt_29,56,free
of_103,opt_25,opt_29,57,free
of_103,opt_25,opt_29,58,free
of_103,opt_25,opt_29,59,free
of_103,opt_25,opt_29,60,free
of_103,opt_25,opt_29,61,free
of_103,opt_25,opt_29,62,free
of_103,opt_25,opt_29,63,free
of_103,opt_25,opt_29,64,free
of_103,opt_25,opt_29,65,free
of_103,opt_25,opt_29,66,free
of_103,opt_25,opt_29,67,free
of_103,opt_25,opt_29,68,free
of_103,opt_25,opt_29,69,free
of_103,opt_25,opt_29,70,free
of_103,opt_25,opt_29,71,free
of_103,opt_25,opt_29,72,free
of_103,opt_25,opt_29,73,free
of_103,opt_25,opt_29,74,free
of_103,opt_25,opt_29,75,free
of_103,opt_25,opt_29,76,free
of_103,opt_25,opt_29,77,free
of_103,opt_25,opt_29,78,free
of_103,opt_25,opt_29,79,free
of_103,opt_25,opt_29,80,free
of_103,opt_25,opt_29,81,free
of_103,opt_25,opt_29,82,free
of_103,opt_25,opt_29,83,free
of_103,opt_25,opt_29,84,free
of_103,opt_25,opt_29,85,free
of_103,opt_25,opt_29,86,free
of_103,opt_25,opt_29,87,free
of_103,opt_25,opt_29,88,free
of_103,opt_25,opt_29,89,free
of_103,opt_25,opt_29,90,free
of_103,opt_25,opt_29,91,free
of_103,opt_25,opt_29,92,free
of_103,opt_25,opt_29,93,free
of_103,opt_25,opt_29,94,free
of_103,opt_25,opt_29,95,free
of_103,opt_25,opt_29,96,free
of_103,opt_25,opt_29,97,free
of_103,opt_25,opt_29,98,free
of_103,opt_25,opt_29,99,free
of_104,opt_25,opt_5,0,free
of_104,opt_25,opt_5,1,free
of_104,opt_25,opt_5,2,free
of_104,opt_25,opt_5,3,free
of_104,opt_25,opt_5,4,free
of_104,opt_25,opt_5,5,free
of_104,opt_25,opt_5,6,free
of_104,opt_25,opt_5,7,free
of_104,opt_25,opt_5,8,free
of_104,opt_25,opt_5,9,free
of_104,opt_25,opt_5,10,free
of_104,opt_25,opt_5,11,free
of_104,opt_25,opt_5,12,free
of_104,opt_25,opt_5,13,free
of_104,opt_25,opt_5,14,free
of_104,opt_25,opt_5,15,free
of_104,opt_25,opt_5,16,free
of_104,opt_25,opt_5,17,free
of_104,opt_25,opt_5,18,free
of_104,opt_25,opt_5,19,free
of_104,opt_25,opt_5,20,free
of_104,opt_25,opt_5,21,free
of_104,opt_25,opt_5,22,free
of_104,opt_25,opt_5,23,free
of_104,opt_25,opt_5,24,free
of_104,opt_25,opt_5,25,free
of_104,opt_25,opt_5,26,free
of_104,opt_25,opt_5,27,free
of_104,opt_25,opt_5,28,free
of_104,opt_25,opt_5,29,free
of_104,opt_25,opt_5,30,free
of_104,opt_25,opt_5,31,free
of_104,opt_25,opt_5,32,free
of_104,opt_25,opt_5,33,free
of_104,opt_25,opt_5,34,free
of_104,opt_25,opt_5,35,free
of_104,opt_25,opt_5,36,free
of_104,opt_25,opt_5,37,free
of_104,opt_25,opt_5,38,free
of_104,opt_25,opt_5,39,free
of_104,opt_25,opt_5,40,free
of_104,opt_25,opt_5,41,free
of_104,opt_25,opt_5,42,free
of_104,opt_25,opt_5,43,free
of_104,opt_25,opt_5,44,free
of_104,opt_25,opt_5,45,free
of_104,opt_25,opt_5,46,free
of_104,opt_25,opt_5,47,free
of_104,opt_25,opt_5,48,free
of_104,opt_25,opt_5,49,free
of_104,opt_25,opt_5,50,free
of_104,opt_25,opt_5,51,free
of_104,opt_25,opt_5,52,free
of_104,opt_25,opt_5,53,free
of_104,opt_25,opt_5,54,free
of_104,opt_25,opt_5,55,free
of_104,opt_25,opt_5,56,free
of_104,opt_25,opt_5,57,free
of_104,opt_25,opt_5,58,free
of_104,opt_25,opt_5,59,free
of_104,opt_25,opt_5,60,free
of_104,opt_25,opt_5,61,free
of_104,opt_25,opt_5,62,free
of_104,opt_25,opt_5,63,free
of_104,opt_25,opt_5,64,free
of_104,opt_25,opt_5,65,free
of_104,opt_25,opt_5,66,free
of_104,opt_25,opt_5,67,free
of_104,opt_25,opt_5,68,free
of_104,opt_25,opt_5,69,free
of_104,opt_25,opt_5,70,free
of_104,opt_25,opt_5,71,free
of_104,opt_25,opt_5,72,free
of_104,opt_25,opt_5,73,free
of_104,opt_25,opt_5,74,free
of_104,opt_25,opt_5,75,free
of_104,opt_25,opt_5,76,free
of_104,opt_25,opt_5,77,free
of_104,opt_25,opt_5,78,free
of_104,opt_25,opt_5,79,free
of_104,opt_25,opt_5,80,free
of_104,opt_25,opt_5,81,free
of_104,opt_25,opt_5,82,free
of_104,opt_25,opt_5,83,free
of_104,opt_25,opt_5,84,free
of_104,opt_25,opt_5,85,free
of_104,opt_25,opt_5,86,free
of_104,opt_25,opt_5,87,free
of_104,opt_25,opt_5,88,free
of_104,opt_25,opt_5,89,free
of_104,opt_25,opt_5,90,free
of_104,opt_25,opt_5,91,free
of_104,opt_25,opt_5,92,free
of_104,opt_25,opt_5,93,free
of_104,opt_25,opt_5,94,free
of_104,opt_25,opt_5,95,free
of_104,opt_25,opt_5,96,free
of_104,opt_25,opt_5,97,free
of_104,opt_25,opt_5,98,free
of_104,opt_25,opt_5,99,free
of_105,opt_25,opt_7,0,free
of_105,opt_25,opt_7,1,free
of_105,opt_25,opt_7,2,free
of_105,opt_25,opt_7,3,free
of_105,opt_25,opt_7,4,free
of_105,opt_25,opt_7,5,free
of_105,opt_25,opt_7,6,free
of_105,opt_25,opt_7,7,free
of_105,opt_25,opt_7,8,free
of_105,opt_25,opt_7,9,free
of_105,opt_25,opt_7,10,free
of_105,opt_25,opt_7,11,free
of_105,opt_25,opt_7,12,free
of_105,opt_25,opt_7,13,free
of_105,opt_25,opt_7,14,free
of_105,opt_25,opt_7,15,free
of_105,opt_25,opt_7,16,free
of_105,opt_25,opt_7,17,free
of_105,opt_25,opt_7,18,free
of_105,opt_25,opt_7,19,free
of_105,opt_25,opt_7,20,free
of_105,opt_25,opt_7,21,free
of_105,opt_25,opt_7,22,free
of_105,opt_25,opt_7,23,free
of_105,opt_25,opt_7,24,free
of_105,opt_25,opt_7,25,free
of_105,opt_25,opt_7,26,free
of_105,opt_25,opt_7,27,free
of_105,opt_25,opt_7,28,free
of_105,opt_25,opt_7,29,free
of_105,opt_25,opt_7,30,free
of_105,opt_25,opt_7,31,free
of_105,opt_25,opt_7,32,free
of_105,opt_25,opt_7,33,free
of_105,opt_25,opt_7,34,free
of_105,opt_25,opt_7,35,free
of_105,opt_25,opt_7,36,free
of_105,opt_25,opt_7,37,free
of_105,opt_25,opt_7,38,free
of_105,opt_25,opt_7,39,free
of_105,opt_25,opt_7,40,free
of_105,opt_25,opt_7,41,free
of_105,opt_25,opt_7,42,free
of_105,opt_25,opt_7,43,free
of_105,opt_25,opt_7,44,free
of_105,opt_25,opt_7,45,free
of_105,opt_25,opt_7,46,free
of_105,opt_25,opt_7,47,free
of_105,opt_25,opt_7,48,free
of_105,opt_25,opt_7,49,free
of_105,opt_25,opt_7,50,free
of_105,opt_25,opt_7,51,free
of_105,opt_25,opt_7,52,free
of_105,opt_25,opt_7,53,free
of_105,opt_25,opt_7,54,free
of_105,opt_25,opt_7,55,free
of_105,opt_25,opt_7,56,free
of_105,opt_25,opt_7,57,free
of_105,opt_25,opt_7,58,free
of_105,opt_25,opt_7,59,free
of_105,opt_25,opt_7,60,free
of_105,opt_25,opt_7,61,free
of_105,opt_25,opt_7,62,free
of_105,opt_25,opt_7,63,free
of_105,opt_25,opt_7,64,free
of_105,opt_25,opt_7,65,free
of_105,opt_25,opt_7,66,free
of_105,opt_25,opt_7,67,free
of_105,opt_25,opt_7,68,free
of_105,opt_25,opt_7,69,free
of_105,opt_25,opt_7,70,free
of_105,opt_25,opt_7,71,free
of_105,opt_25,opt_7,72,free
of_105,opt_25,opt_7,73,free
of_105,opt_25,opt_7,74,free
of_105,opt_25,opt_7,75,free
of_105,opt_25,opt_7,76,free
of_105,opt_25,opt_7,77,free
of_105,opt_25,opt_7,78,free
of_105,opt_25,opt_7,79,free
of_105,opt_25,opt_7,80,free
of_105,opt_25,opt_7,81,free
of_105,opt_25,opt_7,82,free
of_105,opt_25,opt_7,83,free
of_105,opt_25,opt_7,84,free
of_105,opt_25,opt_7,85,free
of_105,opt_25,opt_7,86,free
of_105,opt_25,opt_7,87,free
of_105,opt_25,opt_7,88,free
of_105,opt_25,opt_7,89,free
of_105,opt_25,opt_7,90,free
of_105,opt_25,opt_7,91,free
of_105,opt_25,opt_7,92,free
of_105,opt_25,opt_7,93,free
of_105,opt_25,opt_7,94,free
of_105,opt_25,opt_7,95,free
of_105,opt_25,opt_7,96,free
of_105,opt_25,opt_7,97,free
of_105,opt_25,opt_7,98,free
of_105,opt_25,opt_7,99,free
of_106,opt_25,opt_9,0,free
of_106,opt_25,opt_9,1,free
of_106,opt_25,opt_9,2,free
of_106,opt_25,opt_9,3,free
of_106,opt_25,opt_9,4,free
of_106,opt_25,opt_9,5,free
of_106,opt_25,opt_9,6,free
of_106,opt_25,opt_9,7,free
of_106,opt_25,opt_9,8,free
of_106,opt_25,opt_9,9,free
of_106,opt_25,opt_9,10,free
of_106,opt_25,opt_9,11,free
of_106,opt_25,opt_9,12,free
of_106,opt_25,opt_9,13,free
of_106,opt_25,opt_9,14,free
of_106,opt_25,opt_9,15,free
of_106,opt_25,opt_9,16,free
of_106,opt_25,opt_9,17,free
of_106,opt_25,opt_9,18,free
of_106,opt_25,opt_9,19,free
of_106,opt_25,opt_9,20,free
of_106,opt_25,opt_9,21,free
of_106,opt_25,opt_9,22,free
of_106,opt_25,opt_9,23,free
of_106,opt_25,opt_9,24,free
of_106,opt_25,opt_9,25,free
of_106,opt_25,opt_9,26,free
of_106,opt_25,opt_9,27,free
of_106,opt_25,opt_9,28,free
of_106,opt_25,opt_9,29,free
of_106,opt_25,opt_9,30,free
of_106,opt_25,opt_9,31,free
of_106,opt_25,opt_9,32,free
of_106,opt_25,opt_9,33,free
of_106,opt_25,opt_9,34,free
of_106,opt_25,opt_9,35,free
of_106,opt_25,opt_9,36,free
of_106,opt_25,opt_9,37,free
of_106,opt_25,opt_9,38,free
of_106,opt_25,opt_9,39,free
of_106,opt_25,opt_9,40,free
of_106,opt_25,opt_9,41,free
of_106,opt_25,opt_9,42,free
of_106,opt_25,opt_9,43,free
of_106,opt_25,opt_9,44,free
of_106,opt_25,opt_9,45,free
of_106,opt_25,opt_9,46,free
of_106,opt_25,opt_9,47,free
of_106,opt_25,opt_9,48,free
of_106,opt_25,opt_9,49,free
of_106,opt_25,opt_9,50,free
of_106,opt_25,opt_9,51,free
of_106,opt_25,opt_9,52,free
of_106,opt_25,opt_9,53,free
of_106,opt_25,opt_9,54,free
of_106,opt_25,opt_9,55,free
of_106,opt_25,opt_9,56,free
of_106,opt_25,opt_9,57,free
of_106,opt_25,opt_9,58,free
of_106,opt_25,opt_9,59,free
of_106,opt_25,opt_9,60,free
of_106,opt_25,opt_9,61,free
of_106,opt_25,opt_9,62,free
of_106,opt_25,opt_9,63,free
of_106,opt_25,opt_9,64,free
of_106,opt_25,opt_9,65,free
of_106,opt_25,opt_9,66,free
of_106,opt_25,opt_9,67,free
of_106,opt_25,opt_9,68,free
of_106,opt_25,opt_9,69,free
of_106,opt_25,opt_9,70,free
of_106,opt_25,opt_9,71,free
of_106,opt_25,opt_9,72,free
of_106,opt_25,opt_9,73,free
of_106,opt_25,opt_9,74,free
of_106,opt_25,opt_9,75,free
of_106,opt_25,opt_9,76,free
of_106,opt_25,opt_9,77,free
of_106,opt_25,opt_9,78,free
of_106,opt_25,opt_9,79,free
of_106,opt_25,opt_9,80,free
of_106,opt_25,opt_9,81,free
of_106,opt_25,opt_9,82,free
of_106,opt_25,opt_9,83,free
of_106,opt_25,opt_9,84,free
of_106,opt_25,opt_9,85,free
of_106,opt_25,opt_9,86,free
of_106,opt_25,opt_9,87,free
of_106,opt_25,opt_9,88,free
of_106,opt_25,opt_9,89,free
of_106,opt_25,opt_9,90,free
of_106,opt_25,opt_9,91,free
of_106,opt_25,opt_9,92,free
of_106,opt_25,opt_9,93,free
of_106,opt_25,opt_9,94,free
of_106,opt_25,opt_9,95,free
of_106,opt_25,opt_9,96,free
of_106,opt_25,opt_9,97,free
of_106,opt_25,opt_9,98,free
of_106,opt_25,opt_9,99,free
of_107,opt_26,opt_9,0,free
of_107,opt_26,opt_9,1,free
of_107,opt_26,opt_9,2,free
of_107,opt_26,opt_9,3,free
of_107,opt_26,opt_9,4,free
of_107,opt_26,opt_9,5,free
of_107,opt_26,opt_9,6,free
of_107,opt_26,opt_9,7,free
of_107,opt_26,opt_9,8,free
of_107,opt_26,opt_9,9,free
of_107,opt_26,opt_9,10,free
of_107,opt_26,opt_9,11,free
of_107,opt_26,opt_9,12,free
of_107,opt_26,opt_9,13,free
of_107,opt_26,opt_9,14,free
of_107,opt_26,opt_9,15,free
of_107,opt_26,opt_9,16,free
of_107,opt_26,opt_9,17,free
of_107,opt_26,opt_9,18,free
of_107,opt_26,opt_9,19,free
of_107,opt_26,opt_9,20,free
of_107,opt_26,opt_9,21,free
of_107,opt_26,opt_9,22,free
of_107,opt_26,opt_9,23,free
of_107,opt_26,opt_9,24,free
of_107,opt_26,opt_9,25,free
of_107,opt_26,opt_9,26,free
of_107,opt_26,opt_9,27,free
of_107,opt_26,opt_9,28,free
of_107,opt_26,opt_9,29,free
of_107,opt_26,opt_9,30,free
of_107,opt_26,opt_9,31,free
of_107,opt_26,opt_9,32,free
of_107,opt_26,opt_9,33,free
of_107,opt_26,opt_9,34,free
of_107,opt_26,opt_9,35,free
of_107,opt_26,opt_9,36,free
of_107,opt_26,opt_9,37,free
of_107,opt_26,opt_9,38,free
of_107,opt_26,opt_9,39,free
of_107,opt_26,opt_9,40,free
of_107,opt_26,opt_9,41,free
of_107,opt_26,opt_9,42,free
of_107,opt_26,opt_9,43,free
of_107,opt_26,opt_9,44,free
of_107,opt_26,opt_9,45,free
of_107,opt_26,opt_9,46,free
of_107,opt_26,opt_9,47,free
of_107,opt_26,opt_9,48,free
of_107,opt_26,opt_9,49,free
of_107,opt_26,opt_9,50,free
of_107,opt_26,opt_9,51,free
of_107,opt_26,opt_9,52,free
of_107,opt_26,opt_9,53,free
of_107,opt_26,opt_9,54,free
of_107,opt_26,opt_9,55,free
of_107,opt_26,opt_9,56,free
of_107,opt_26,opt_9,57,free
of_107,opt_26,opt_9,58,free
of_107,opt_26,opt_9,59,free
of_107,opt_26,opt_9,60,free
of_107,opt_26,opt_9,61,free
of_107,opt_26,opt_9,62,free
of_107,opt_26,opt_9,63,free
of_107,opt_26,opt_9,64,free
of_107,opt_26,opt_9,65,free
of_107,opt_26,opt_9,66,free
of_107,opt_26,opt_9,67,free
of_107,opt_26,opt_9,68,free
of_107,opt_26,opt_9,69,free
of_107,opt_26,opt_9,70,free
of_107,opt_26,opt_9,71,free
of_107,opt_26,opt_9,72,free
of_107,opt_26,opt_9,73,free
of_107,opt_26,opt_9,74,free
of_107,opt_26,opt_9,75,free
of_107,opt_26,opt_9,76,free
of_107,opt_26,opt_9,77,free
of_107,opt_26,opt_9,78,free
of_107,opt_26,opt_9,79,free
of_107,opt_26,opt_9,80,free
of_107,opt_26,opt_9,81,free
of_107,opt_26,opt_9,82,free
of_107,opt_26,opt_9,83,free
of_107,opt_26,opt_9,84,free
of_107,opt_26,opt_9,85,free
of_107,opt_26,opt_9,86,free
of_107,opt_26,opt_9,87,free
of_107,opt_26,opt_9,88,free
of_107,opt_26,opt_9,89,free
of_107,opt_26,opt_9,90,free
of_107,opt_26,opt_9,91,free
of_107,opt_26,opt_9,92,free
of_107,opt_26,opt_9,93,free
of_107,opt_26,opt_9,94,free
of_107,opt_26,opt_9,95,free
of_107,opt_26,opt_9,96,free
of_107,opt_26,opt_9,97,free
of_107,opt_26,opt_9,98,free
of_107,opt_26,opt_9,99,free
of_108,opt_27,opt_29,0,free
of_108,opt_27,opt_29,1,free
of_108,opt_27,opt_29,2,free
of_108,opt_27,opt_29,3,free
of_108,opt_27,opt_29,4,free
of_108,opt_27,opt_29,5,free
of_108,opt_27,opt_29,6,free
of_108,opt_27,opt_29,7,free
of_108,opt_27,opt_29,8,free
of_108,opt_27,opt_29,9,free
of_108,opt_27,opt_29,10,free
of_108,opt_27,opt_29,11,free
of_108,opt_27,opt_29,12,free
of_108,opt_27,opt_29,13,free
of_108,opt_27,opt_29,14,free
of_108,opt_27,opt_29,15,free
of_108,opt_27,opt_29,16,free
of_108,opt_27,opt_29,17,free
of_108,opt_27,opt_29,18,free
of_108,opt_27,opt_29,19,free
of_108,opt_27,opt_29,20,free
of_108,opt_27,opt_29,21,free
of_108,opt_27,opt_29,22,free
of_108,opt_27,opt_29,23,free
of_108,opt_27,opt_29,24,free
of_108,opt_27,opt_29,25,free
of_108,opt_27,opt_29,26,free
of_108,opt_27,opt_29,27,free
of_108,opt_27,opt_29,28,free
of_108,opt_27,opt_29,29,free
of_108,opt_27,opt_29,30,free
of_108,opt_27,opt_29,31,free
of_108,opt_27,opt_29,32,free
of_108,opt_27,opt_29,33,free
of_108,opt_27,opt_29,34,free
of_108,opt_27,opt_29,35,free
of_108,opt_27,opt_29,36,free
of_108,opt_27,opt_29,37,free
of_108,opt_27,opt_29,38,free
of_108,opt_27,opt_29,39,free
of_108,opt_27,opt_29,40,free
of_108,opt_27,opt_29,41,free
of_108,opt_27,opt_29,42,free
of_108,opt_27,opt_29,43,free
of_108,opt_27,opt_29,44,free
of_108,opt_27,opt_29,45,free
of_108,opt_27,opt_29,46,free
of_108,opt_27,opt_29,47,free
of_108,opt_27,opt_29,48,free
of_108,opt_27,opt_29,49,free
of_108,opt_27,opt_29,50,free
of_108,opt_27,opt_29,51,free
of_108,opt_27,opt_29,52,free
of_108,opt_27,opt_29,53,free
of_108,opt_27,opt_29,54,free
of_108,opt_27,opt_29,55,free
of_108,opt_27,opt_29,56,free
of_108,opt_27,opt_29,57,free
of_108,opt_27,opt_29,58,free
of_108,opt_27,opt_29,59,free
of_108,opt_27,opt_29,60,free
of_108,opt_27,opt_29,61,free
of_108,opt_27,opt_29,62,free
of_108,opt_27,opt_29,63,free
of_108,opt_27,opt_29,64,free
of_108,opt_27,opt_29,65,free
of_108,opt_27,opt_29,66,free
of_108,opt_27,opt_29,67,free
of_108,opt_27,opt_29,68,free
of_108,opt_27,opt_29,69,free
of_108,opt_27,opt_29,70,free
of_108,opt_27,opt_29,71,free
of_108,opt_27,opt_29,72,free
of_108,opt_27,opt_29,73,free
of_108,opt_27,opt_29,74,free
of_108,opt_27,opt_29,75,free
of_108,opt_27,opt_29,76,free
of_108,opt_27,opt_29,77,free
of_108,opt_27,opt_29,78,free
of_108,opt_27,opt_29,79,free
of_108,opt_27,opt_29,80,free
of_108,opt_27,opt_29,81,free
of_108,opt_27,opt_29,82,free
of_108,opt_27,opt_29,83,free
of_108,opt_27,opt_29,84,free
of_108,opt_27,opt_29,85,free
of_108,opt_27,opt_29,86,free
of_108,opt_27,opt_29,87,free
of_108,opt_27,opt_29,88,free
of_108,opt_27,opt_29,89,free
of_108,opt_27,opt_29,90,free
of_108,opt_27,opt_29,91,free
of_108,opt_27,opt_29,92,free
of_108,opt_27,opt_29,93,free
of_108,opt_27,opt_29,94,free
of_108,opt_27,opt_29,95,free
of_108,opt_27,opt_29,96,free
of_108,opt_27,opt_29,97,free
of_108,opt_27,opt_29,98,free
of_108,opt_27,opt_29,99,free
of_109,opt_27,opt_3,0,free
of_109,opt_27,opt_3,1,free
of_109,opt_27,opt_3,2,free
of_109,opt_27,opt_3,3,free
of_109,opt_27,opt_3,4,free
of_109,opt_27,opt_3,5,free
of_109,opt_27,opt_3,6,free
of_109,opt_27,opt_3,7,free
of_109,opt_27,opt_3,8,free
of_109,opt_27,opt_3,9,free
of_109,opt_27,opt_3,10,free
of_109,opt_27,opt_3,11,free
of_109,opt_27,opt_3,12,free
of_109,opt_27,opt_3,13,free
of_109,opt_27,opt_3,14,free
of_109,opt_27,opt_3,15,free
of_109,opt_27,opt_3,16,free
of_109,opt_27,opt_3,17,free
of_109,opt_27,opt_3,18,free
of_109,opt_27,opt_3,19,free
of_109,opt_27,opt_3,20,free
of_109,opt_27,opt_3,21,free
of_109,opt_27,opt_3,22,free
of_109,opt_27,opt_3,23,free
of_109,opt_27,opt_3,24,free
of_109,opt_27,opt_3,25,free
of_109,opt_27,opt_3,26,free
of_109,opt_27,opt_3,27,free
of_109,opt_27,opt_3,28,free
of_109,opt_27,opt_3,29,free
of_109,opt_27,opt_3,30,free
of_109,opt_27,opt_3,31,free
of_109,opt_27,opt_3,32,free
of_109,opt_27,opt_3,33,free
of_109,opt_27,opt_3,34,free
of_109,opt_27,opt_3,35,free
of_109,opt_27,opt_3,36,free
of_109,opt_27,opt_3,37,free
of_109,opt_27,opt_3,38,free
of_109,opt_27,opt_3,39,free
of_109,opt_27,opt_3,40,free
of_109,opt_27,opt_3,41,free
of_109,opt_27,opt_3,42,free
of_109,opt_27,opt_3,43,free
of_109,opt_27,opt_3,44,free
of_109,opt_27,opt_3,45,free
of_109,opt_27,opt_3,46,free
of_109,opt_27,opt_3,47,free
of_109,opt_27,opt_3,48,free
of_109,opt_27,opt_3,49,free
of_109,opt_27,opt_3,50,free
of_109,opt_27,opt_3,51,free
of_109,opt_27,opt_3,52,free
of_109,opt_27,opt_3,53,free
of_109,opt_27,opt_3,54,free
of_109,opt_27,opt_3,55,free
of_109,opt_27,opt_3,56,free
of_109,opt_27,opt_3,57,free
of_109,opt_27,opt_3,58,free
of_109,opt_27,opt_3,59,free
of_109,opt_27,opt_3,60,free
of_109,opt_27,opt_3,61,free
of_109,opt_27,opt_3,62,free
of_109,opt_27,opt_3,63,free
of_109,opt_27,opt_3,64,free
of_109,opt_27,opt_3,65,free
of_109,opt_27,opt_3,66,free
of_109,opt_27,opt_3,67,free
of_109,opt_27,opt_3,68,free
of_109,opt_27,opt_3,69,free
of_109,opt_27,opt_3,70,free
of_109,opt_27,opt_3,71,free
of_109,opt_27,opt_3,72,free
of_109,opt_27,opt_3,73,free
of_109,opt_27,opt_3,74,free
of_109,opt_27,opt_3,75,free
of_109,opt_27,opt_3,76,free
of_109,opt_27,opt_3,77,free
of_109,opt_27,opt_3,78,free
of_109,opt_27,opt_3,79,free
of_109,opt_27,opt_3,80,free
of_109,opt_27,opt_3,81,free
of_109,opt_27,opt_3,82,free
of_109,opt_27,opt_3,83,free
of_109,opt_27,opt_3,84,free
of_109,opt_27,opt_3,85,free
of_109,opt_27,opt_3,86,free
of_109,opt_27,opt_3,87,free
of_109,opt_27,opt_3,88,free
of_109,opt_27,opt_3,89,free
of_109,opt_27,opt_3,90,free
of_109,opt_27,opt_3,91,free
of_109,opt_27,opt_3,92,free
of_109,opt_27,opt_3,93,free
of_109,opt_27,opt_3,94,free
of_109,opt_27,opt_3,95,free
of_109,opt_27,opt_3,96,free
of_109,opt_27,opt_3,97,free
of_109,opt_27,opt_3,98,free
of_109,opt_27,opt_3,99,free
of_110,opt_27,opt_4,0,free
of_110,opt_27,opt_4,1,free
of_110,opt_27,opt_4,2,free
of_110,opt_27,opt_4,3,free
of_110,opt_27,opt_4,4,free
of_110,opt_27,opt_4,5,free
of_110,opt_27,opt_4,6,free
of_110,opt_27,opt_4,7,free
of_110,opt_27,opt_4,8,free
of_110,opt_27,opt_4,9,free
of_110,opt_27,opt_4,10,free
of_110,opt_27,opt_4,11,free
of_110,opt_27,opt_4,12,free
of_110,opt_27,opt_4,13,free
of_110,opt_27,opt_4,14,free
of_110,opt_27,opt_4,15,free
of_110,opt_27,opt_4,16,free
of_110,opt_27,opt_4,17,free
of_110,opt_27,opt_4,18,free
of_110,opt_27,opt_4,19,free
of_110,opt_27,opt_4,20,free
of_110,opt_27,opt_4,21,free
of_110,opt_27,opt_4,22,free
of_110,opt_27,opt_4,23,free
of_110,opt_27,opt_4,24,free
of_110,opt_27,opt_4,25,free
of_110,opt_27,opt_4,26,free
of_110,opt_27,opt_4,27,free
of_110,opt_27,opt_4,28,free
of_110,opt_27,opt_4,29,free
of_110,opt_27,opt_4,30,free
of_110,opt_27,opt_4,31,free
of_110,opt_27,opt_4,32,free
of_110,opt_27,opt_4,33,free
of_110,opt_27,opt_4,34,free
of_110,opt_27,opt_4,35,free
of_110,opt_27,opt_4,36,free
of_110,opt_27,opt_4,37,free
of_110,opt_27,opt_4,38,free
of_110,opt_27,opt_4,39,free
of_110,opt_27,opt_4,40,free
of_110,opt_27,opt_4,41,free
of_110,opt_27,opt_4,42,free
of_110,opt_27,opt_4,43,free
of_110,opt_27,opt_4,44,free
of_110,opt_27,opt_4,45,free
of_110,opt_27,opt_4,46,free
of_110,opt_27,opt_4,47,free
of_110,opt_27,opt_4,48,free
of_110,opt_27,opt_4,49,free
of_110,opt_27,opt_4,50,free
of_110,opt_27,opt_4,51,free
of_110,opt_27,opt_4,52,free
of_110,opt_27,opt_4,53,free
of_110,opt_27,opt_4,54,free
of_110,opt_27,opt_4,55,free
of_110,opt_27,opt_4,56,free
of_110,opt_27,opt_4,57,free
of_110,opt_27,opt_4,58,free
of_110,opt_27,opt_4,59,free
of_110,opt_27,opt_4,60,free
of_110,opt_27,opt_4,61,free
of_110,opt_27,opt_4,62,free
of_110,opt_27,opt_4,63,free
of_110,opt_27,opt_4,64,free
of_110,opt_27,opt_4,65,free
of_110,opt_27,opt_4,66,free
of_110,opt_27,opt_4,67,free
of_110,opt_27,opt_4,68,free
of_110,opt_27,opt_4,69,free
of_110,opt_27,opt_4,70,free
of_110,opt_27,opt_4,71,free
of_110,opt_27,opt_4,72,free
of_110,opt_27,opt_4,73,free
of_110,opt_27,opt_4,74,free
of_110,opt_27,opt_4,75,free
of_110,opt_27,opt_4,76,free
of_110,opt_27,opt_4,77,free
of_110,opt_27,opt_4,78,free
of_110,opt_27,opt_4,79,free
of_110,opt_27,opt_4,80,free
of_110,opt_27,opt_4,81,free
of_110,opt_27,opt_4,82,free
of_110,opt_27,opt_4,83,free
of_110,opt_27,opt_4,84,free
of_110,opt_27,opt_4,85,free
of_110,opt_27,opt_4,86,free
of_110,opt_27,opt_4,87,free
of_110,opt_27,opt_4,88,free
of_110,opt_27,opt_4,89,free
of_110,opt_27,opt_4,90,free
of_110,opt_27,opt_4,91,free
of_110,opt_27,opt_4,92,free
of_110,opt_27,opt_4,93,free
of_110,opt_27,opt_4,94,free
of_110,opt_27,opt_4,95,free
of_110,opt_27,opt_4,96,free
of_110,opt_27,opt_4,97,free
of_110,opt_27,opt_4,98,free
of_110,opt_27,opt_4,99,free
of_111,opt_27,opt_7,0,free
of_111,opt_27,opt_7,1,free
of_111,opt_27,opt_7,2,free
of_111,opt_27,opt_7,3,free
of_111,opt_27,opt_7,4,free
of_111,opt_27,opt_7,5,free
of_111,opt_27,opt_7,6,free
of_111,opt_27,opt_7,7,free
of_111,opt_27,opt_7,8,free
of_111,opt_27,opt_7,9,free
of_111,opt_27,opt_7,10,free
of_111,opt_27,opt_7,11,free
of_111,opt_27,opt_7,12,free
of_111,opt_27,opt_7,13,free
of_111,opt_27,opt_7,14,free
of_111,opt_27,opt_7,15,free
of_111,opt_27,opt_7,16,free
of_111,opt_27,opt_7,17,free
of_111,opt_27,opt_7,18,free
of_111,opt_27,opt_7,19,free
of_111,opt_27,opt_7,20,free
of_111,opt_27,opt_7,21,free
of_111,opt_27,opt_7,22,free
of_111,opt_27,opt_7,23,free
of_111,opt_27,opt_7,24,free
of_111,opt_27,opt_7,25,free
of_111,opt_27,opt_7,26,free
of_111,opt_27,opt_7,27,free
of_111,opt_27,opt_7,28,free
of_111,opt_27,opt_7,29,free
of_111,opt_27,opt_7,30,free
of_111,opt_27,opt_7,31,free
of_111,opt_27,opt_7,32,free
of_111,opt_27,opt_7,33,free
of_111,opt_27,opt_7,34,free
of_111,opt_27,opt_7,35,free
of_111,opt_27,opt_7,36,free
of_111,opt_27,opt_7,37,free
of_111,opt_27,opt_7,38,free
of_111,opt_27,opt_7,39,free
of_111,opt_27,opt_7,40,free
of_111,opt_27,opt_7,41,free
of_111,opt_27,opt_7,42,free
of_111,opt_27,opt_7,43,free
of_111,opt_27,opt_7,44,free
of_111,opt_27,opt_7,45,free
of_111,opt_27,opt_7,46,free
of_111,opt_27,opt_7,47,free
of_111,opt_27,opt_7,48,free
of_111,opt_27,opt_7,49,free
of_111,opt_27,opt_7,50,free
of_111,opt_27,opt_7,51,free
of_111,opt_27,opt_7,52,free
of_111,opt_27,opt_7,53,free
of_111,opt_27,opt_7,54,free
of_111,opt_27,opt_7,55,free
of_111,opt_27,opt_7,56,free
of_111,opt_27,opt_7,57,free
of_111,opt_27,opt_7,58,free
of_111,opt_27,opt_7,59,free
of_111,opt_27,opt_7,60,free
of_111,opt_27,opt_7,61,free
of_111,opt_27,opt_7,62,free
of_111,opt_27,opt_7,63,free
of_111,opt_27,opt_7,64,free
of_111,opt_27,opt_7,65,free
of_111,opt_27,opt_7,66,free
of_111,opt_27,opt_7,67,free
of_111,opt_27,opt_7,68,free
of_111,opt_27,opt_7,69,free
of_111,opt_27,opt_7,70,free
of_111,opt_27,opt_7,71,free
of_111,opt_27,opt_7,72,free
of_111,opt_27,opt_7,73,free
of_111,opt_27,opt_7,74,free
of_111,opt_27,opt_7,75,free
of_111,opt_27,opt_7,76,free
of_111,opt_27,opt_7,77,free
of_111,opt_27,opt_7,78,free
of_111,opt_27,opt_7,79,free
of_111,opt_27,opt_7,80,free
of_111,opt_27,opt_7,81,free
of_111,opt_27,opt_7,82,free
of_111,opt_27,opt_7,83,free
of_111,opt_27,opt_7,84,free
of_111,opt_27,opt_7,85,free
of_111,opt_27,opt_7,86,free
of_111,opt_27,opt_7,87,free
of_111,opt_27,opt_7,88,free
of_111,opt_27,opt_7,89,free
of_111,opt_27,opt_7,90,free
of_111,opt_27,opt_7,91,free
of_111,opt_27,opt_7,92,free
of_111,opt_27,opt_7,93,free
of_111,opt_27,opt_7,94,free
of_111,opt_27,opt_7,95,free
of_111,opt_27,opt_7,96,free
of_111,opt_27,opt_7,97,free
of_111,opt_27,opt_7,98,free
of_111,opt_27,opt_7,99,free
of_112,opt_27,opt_9,0,free
of_112,opt_27,opt_9,1,free
of_112,opt_27,opt_9,2,free
of_112,opt_27,opt_9,3,free
of_112,opt_27,opt_9,4,free
of_112,opt_27,opt_9,5,free
of_112,opt_27,opt_9,6,free
of_112,opt_27,opt_9,7,free
of_112,opt_27,opt_9,8,free
of_112,opt_27,opt_9,9,free
of_112,opt_27,opt_9,10,free
of_112,opt_27,opt_9,11,free
of_112,opt_27,opt_9,12,free
of_112,opt_27,opt_9,13,free
of_112,opt_27,opt_9,14,free
of_112,opt_27,opt_9,15,free
of_112,opt_27,opt_9,16,free
of_112,opt_27,opt_9,17,free
of_112,opt_27,opt_9,18,free
of_112,opt_27,opt_9,19,free
of_112,opt_27,opt_9,20,free
of_112,opt_27,opt_9,21,free
of_112,opt_27,opt_9,22,free
of_112,opt_27,opt_9,23,free
of_112,opt_27,opt_9,24,free
of_112,opt_27,opt_9,25,free
of_112,opt_27,opt_9,26,free
of_112,opt_27,opt_9,27,free
of_112,opt_27,opt_9,28,free
of_112,opt_27,opt_9,29,free
of_112,opt_27,opt_9,30,free
of_112,opt_27,opt_9,31,free
of_112,opt_27,opt_9,32,free
of_112,opt_27,opt_9,33,free
of_112,opt_27,opt_9,34,free
of_112,opt_27,opt_9,35,free
of_112,opt_27,opt_9,36,free
of_112,opt_27,opt_9,37,free
of_112,opt_27,opt_9,38,free
of_112,opt_27,opt_9,39,free
of_112,opt_27,opt_9,40,free
of_112,opt_27,opt_9,41,free
of_112,opt_27,opt_9,42,free
of_112,opt_27,opt_9,43,free
of_112,opt_27,opt_9,44,free
of_112,opt_27,opt_9,45,free
of_112,opt_27,opt_9,46,free
of_112,opt_27,opt_9,47,free
of_112,opt_27,opt_9,48,free
of_112,opt_27,opt_9,49,free
of_112,opt_27,opt_9,50,free
of_112,opt_27,opt_9,51,free
of_112,opt_27,opt_9,52,free
of_112,opt_27,opt_9,53,free
of_112,opt_27,opt_9,54,free
of_112,opt_27,opt_9,55,free
of_112,opt_27,opt_9,56,free
of_112,opt_27,opt_9,57,free
of_112,opt_27,opt_9,58,free
of_112,opt_27,opt_9,59,free
of_112,opt_27,opt_9,60,free
of_112,opt_27,opt_9,61,free
of_112,opt_27,opt_9,62,free
of_112,opt_27,opt_9,63,free
of_112,opt_27,opt_9,64,free
of_112,opt_27,opt_9,65,free
of_112,opt_27,opt_9,66,free
of_112,opt_27,opt_9,67,free
of_112,opt_27,opt_9,68,free
of_112,opt_27,opt_9,69,free
of_112,opt_27,opt_9,70,free
of_112,opt_27,opt_9,71,free
of_112,opt_27,opt_9,72,free
of_112,opt_27,opt_9,73,free
of_112,opt_27,opt_9,74,free
of_112,opt_27,opt_9,75,free
of_112,opt_27,opt_9,76,free
of_112,opt_27,opt_9,77,free
of_112,opt_27,opt_9,78,free
of_112,opt_27,opt_9,79,free
of_112,opt_27,opt_9,80,free
of_112,opt_27,opt_9,81,free
of_112,opt_27,opt_9,82,free
of_112,opt_27,opt_9,83,free
of_112,opt_27,opt_9,84,free
of_112,opt_27,opt_9,85,free
of_112,opt_27,opt_9,86,free
of_112,opt_27,opt_9,87,free
of_112,opt_27,opt_9,88,free
of_112,opt_27,opt_9,89,free
of_112,opt_27,opt_9,90,free
of_112,opt_27,opt_9,91,free
of_112,opt_27,opt_9,92,free
of_112,opt_27,opt_9,93,free
of_112,opt_27,opt_9,94,free
of_112,opt_27,opt_9,95,free
of_112,opt_27,opt_9,96,free
of_112,opt_27,opt_9,97,free
of_112,opt_27,opt_9,98,free
of_112,opt_27,opt_9,99,free
of_113,opt_28,opt_5,0,free
of_113,opt_28,opt_5,1,free
of_113,opt_28,opt_5,2,free
of_113,opt_28,opt_5,3,free
of_113,opt_28,opt_5,4,free
of_113,opt_28,opt_5,5,free
of_113,opt_28,opt_5,6,free
of_113,opt_28,opt_5,7,free
of_113,opt_28,opt_5,8,free
of_113,opt_28,opt_5,9,free
of_113,opt_28,opt_5,10,free
of_113,opt_28,opt_5,11,free
of_113,opt_28,opt_5,12,free
of_113,opt_28,opt_5,13,free
of_113,opt_28,opt_5,14,free
of_113,opt_28,opt_5,15,free
of_113,opt_28,opt_5,16,free
of_113,opt_28,opt_5,17,free
of_113,opt_28,opt_5,18,free
of_113,opt_28,opt_5,19,free
of_113,opt_28,opt_5,20,free
of_113,opt_28,opt_5,21,free
of_113,opt_28,opt_5,22,free
of_113,opt_28,opt_5,23,free
of_113,opt_28,opt_5,24,free
of_113,opt_28,opt_5,25,free
of_113,opt_28,opt_5,26,free
of_113,opt_28,opt_5,27,free
of_113,opt_28,opt_5,28,free
of_113,opt_28,opt_5,29,free
of_113,opt_28,opt_5,30,free
of_113,opt_28,opt_5,31,free
of_113,opt_28,opt_5,32,free
of_113,opt_28,opt_5,33,free
of_113,opt_28,opt_5,34,free
of_113,opt_28,opt_5,35,free
of_113,opt_28,opt_5,36,free
of_113,opt_28,opt_5,37,free
of_113,opt_28,opt_5,38,free
of_113,opt_28,opt_5,39,free
of_113,opt_28,opt_5,40,free
of_113,opt_28,opt_5,41,free
of_113,opt_28,opt_5,42,free
of_113,opt_28,opt_5,43,free
of_113,opt_28,opt_5,44,free
of_113,opt_28,opt_5,45,free
of_113,opt_28,opt_5,46,free
of_113,opt_28,opt_5,47,free
of_113,opt_28,opt_5,48,free
of_113,opt_28,opt_5,49,free
of_113,opt_28,opt_5,50,free
of_113,opt_28,opt_5,51,free
of_113,opt_28,opt_5,52,free
of_113,opt_28,opt_5,53,free
of_113,opt_28,opt_5,54,free
of_113,opt_28,opt_5,55,free
of_113,opt_28,opt_5,56,free
of_113,opt_28,opt_5,57,free
of_113,opt_28,opt_5,58,free
of_113,opt_28,opt_5,59,free
of_113,opt_28,opt_5,60,free
of_113,opt_28,opt_5,61,free
of_113,opt_28,opt_5,62,free
of_113,opt_28,opt_5,63,free
of_113,opt_28,opt_5,64,free
of_113,opt_28,opt_5,65,free
of_113,opt_28,opt_5,66,free
of_113,opt_28,opt_5,67,free
of_113,opt_28,opt_5,68,free
of_113,opt_28,opt_5,69,free
of_113,opt_28,opt_5,70,free
of_113,opt_28,opt_5,71,free
of_113,opt_28,opt_5,72,free
of_113,opt_28,opt_5,73,free
of_113,opt_28,opt_5,74,free
of_113,opt_28,opt_5,75,free
of_113,opt_28,opt_5,76,free
of_113,opt_28,opt_5,77,free
of_113,opt_28,opt_5,78,free
of_113,opt_28,opt_5,79,free
of_113,opt_28,opt_5,80,free
of_113,opt_28,opt_5,81,free
of_113,opt_28,opt_5,82,free
of_113,opt_28,opt_5,83,free
of_113,opt_28,opt_5,84,free
of_113,opt_28,opt_5,85,free
of_113,opt_28,opt_5,86,free
of_113,opt_28,opt_5,87,free
of_113,opt_28,opt_5,88,free
of_113,opt_28,opt_5,89,free
of_113,opt_28,opt_5,90,free
of_113,opt_28,opt_5,91,free
of_113,opt_28,opt_5,92,free
of_113,opt_28,opt_5,93,free
of_113,opt_28,opt_5,94,free
of_113,opt_28,opt_5,95,free
of_113,opt_28,opt_5,96,free
of_113,opt_28,opt_5,97,free
of_113,opt_28,opt_5,98,free
of_113,opt_28,opt_5,99,free
of_114,opt_28,opt_7,0,free
of_114,opt_28,opt_7,1,free
of_114,opt_28,opt_7,2,free
of_114,opt_28,opt_7,3,free
of_114,opt_28,opt_7,4,free
of_114,opt_28,opt_7,5,free
of_114,opt_28,opt_7,6,free
of_114,opt_28,opt_7,7,free
of_114,opt_28,opt_7,8,free
of_114,opt_28,opt_7,9,free
of_114,opt_28,opt_7,10,free
of_114,opt_28,opt_7,11,free
of_114,opt_28,opt_7,12,free
of_114,opt_28,opt_7,13,free
of_114,opt_28,opt_7,14,free
of_114,opt_28,opt_7,15,free
of_114,opt_28,opt_7,16,free
of_114,opt_28,opt_7,17,free
of_114,opt_28,opt_7,18,free
of_114,opt_28,opt_7,19,free
of_114,opt_28,opt_7,20,free
of_114,opt_28,opt_7,21,free
of_114,opt_28,opt_7,22,free
of_114,opt_28,opt_7,23,free
of_114,opt_28,opt_7,24,free
of_114,opt_28,opt_7,25,free
of_114,opt_28,opt_7,26,free
of_114,opt_28,opt_7,27,free
of_114,opt_28,opt_7,28,free
of_114,opt_28,opt_7,29,free
of_114,opt_28,opt_7,30,free
of_114,opt_28,opt_7,31,free
of_114,opt_28,opt_7,32,free
of_114,opt_28,opt_7,33,free
of_114,opt_28,opt_7,34,free
of_114,opt_28,opt_7,35,free
of_114,opt_28,opt_7,36,free
of_114,opt_28,opt_7,37,free
of_114,opt_28,opt_7,38,free
of_114,opt_28,opt_7,39,free
of_114,opt_28,opt_7,40,free
of_114,opt_28,opt_7,41,free
of_114,opt_28,opt_7,42,free
of_114,opt_28,opt_7,43,free
of_114,opt_28,opt_7,44,free
of_114,opt_28,opt_7,45,free
of_114,opt_28,opt_7,46,free
of_114,opt_28,opt_7,47,free
of_114,opt_28,opt_7,48,free
of_114,opt_28,opt_7,49,free
of_114,opt_28,opt_7,50,free
of_114,opt_28,opt_7,51,free
of_114,opt_28,opt_7,52,free
of_114,opt_28,opt_7,53,free
of_114,opt_28,opt_7,54,free
of_114,opt_28,opt_7,55,free
of_114,opt_28,opt_7,56,free
of_114,opt_28,opt_7,57,free
of_114,opt_28,opt_7,58,free
of_114,opt_28,opt_7,59,free
of_114,opt_28,opt_7,60,free
of_114,opt_28,opt_7,61,free
of_114,opt_28,opt_7,62,free
of_114,opt_28,opt_7,63,free
of_114,opt_28,opt_7,64,free
of_114,opt_28,opt_7,65,free
of_114,opt_28,opt_7,66,free
of_114,opt_28,opt_7,67,free
of_114,opt_28,opt_7,68,free
of_114,opt_28,opt_7,69,free
of_114,opt_28,opt_7,70,free
of_114,opt_28,opt_7,71,free
of_114,opt_28,opt_7,72,free
of_114,opt_28,opt_7,73,free
of_114,opt_28,opt_7,74,free
of_114,opt_28,opt_7,75,free
of_114,opt_28,opt_7,76,free
of_114,opt_28,opt_7,77,free
of_114,opt_28,opt_7,78,free
of_114,opt_28,opt_7,79,free
of_114,opt_28,opt_7,80,free
of_114,opt_28,opt_7,81,free
of_114,opt_28,opt_7,82,free
of_114,opt_28,opt_7,83,free
of_114,opt_28,opt_7,84,free
of_114,opt_28,opt_7,85,free
of_114,opt_28,opt_7,86,free
of_114,opt_28,opt_7,87,free
of_114,opt_28,opt_7,88,free
of_114,opt_28,opt_7,89,free
of_114,opt_28,opt_7,90,free
of_114,opt_28,opt_7,91,free
of_114,opt_28,opt_7,92,free
of_114,opt_28,opt_7,93,free
of_114,opt_28,opt_7,94,free
of_114,opt_28,opt_7,95,free
of_114,opt_28,opt_7,96,free
of_114,opt_28,opt_7,97,free
of_114,opt_28,opt_7,98,free
of_114,opt_28,opt_7,99,free
of_115,opt_29,opt_3,0,free
of_115,opt_29,opt_3,1,free
of_115,opt_29,opt_3,2,free
of_115,opt_29,opt_3,3,free
of_115,opt_29,opt_3,4,free
of_115,opt_29,opt_3,5,free
of_115,opt_29,opt_3,6,free
of_115,opt_29,opt_3,7,free
of_115,opt_29,opt_3,8,free
of_115,opt_29,opt_3,9,free
of_115,opt_29,opt_3,10,free
of_115,opt_29,opt_3,11,free
of_115,opt_29,opt_3,12,free
of_115,opt_29,opt_3,13,free
of_115,opt_29,opt_3,14,free
of_115,opt_29,opt_3,15,free
of_115,opt_29,opt_3,16,free
of_115,opt_29,opt_3,17,free
of_115,opt_29,opt_3,18,free
of_115,opt_29,opt_3,19,free
of_115,opt_29,opt_3,20,free
of_115,opt_29,opt_3,21,free
of_115,opt_29,opt_3,22,free
of_115,opt_29,opt_3,23,free
of_115,opt_29,opt_3,24,free
of_115,opt_29,opt_3,25,free
of_115,opt_29,opt_3,26,free
of_115,opt_29,opt_3,27,free
of_115,opt_29,opt_3,28,free
of_115,opt_29,opt_3,29,free
of_115,opt_29,opt_3,30,free
of_115,opt_29,opt_3,31,free
of_115,opt_29,opt_3,32,free
of_115,opt_29,opt_3,33,free
of_115,opt_29,opt_3,34,free
of_115,opt_29,opt_3,35,free
of_115,opt_29,opt_3,36,free
of_115,opt_29,opt_3,37,free
of_115,opt_29,opt_3,38,free
of_115,opt_29,opt_3,39,free
of_115,opt_29,opt_3,40,free
of_115,opt_29,opt_3,41,free
of_115,opt_29,opt_3,42,free
of_115,opt_29,opt_3,43,free
of_115,opt_29,opt_3,44,free
of_115,opt_29,opt_3,45,free
of_115,opt_29,opt_3,46,free
of_115,opt_29,opt_3,47,free
of_115,opt_29,opt_3,48,free
of_115,opt_29,opt_3,49,free
of_115,opt_29,opt_3,50,free
of_115,opt_29,opt_3,51,free
of_115,opt_29,opt_3,52,free
of_115,opt_29,opt_3,53,free
of_115,opt_29,opt_3,54,free
of_115,opt_29,opt_3,55,free
of_115,opt_29,opt_3,56,free
of_115,opt_29,opt_3,57,free
of_115,opt_29,opt_3,58,free
of_115,opt_29,opt_3,59,free
of_115,opt_29,opt_3,60,free
of_115,opt_29,opt_3,61,free
of_115,opt_29,opt_3,62,free
of_115,opt_29,opt_3,63,free
of_115,opt_29,opt_3,64,free
of_115,opt_29,opt_3,65,free
of_115,opt_29,opt_3,66,free
of_115,opt_29,opt_3,67,free
of_115,opt_29,opt_3,68,free
of_115,opt_29,opt_3,69,free
of_115,opt_29,opt_3,70,free
of_115,opt_29,opt_3,71,free
of_115,opt_29,opt_3,72,free
of_115,opt_29,opt_3,73,free
of_115,opt_29,opt_3,74,free
of_115,opt_29,opt_3,75,free
of_115,opt_29,opt_3,76,free
of_115,opt_29,opt_3,77,free
of_115,opt_29,opt_3,78,free
of_115,opt_29,opt_3,79,free
of_115,opt_29,opt_3,80,free
of_115,opt_29,opt_3,81,free
of_115,opt_29,opt_3,82,free
of_115,opt_29,opt_3,83,free
of_115,opt_29,opt_3,84,free
of_115,opt_29,opt_3,85,free
of_115,opt_29,opt_3,86,free
of_115,opt_29,opt_3,87,free
of_115,opt_29,opt_3,88,free
of_115,opt_29,opt_3,89,free
of_115,opt_29,opt_3,90,free
of_115,opt_29,opt_3,91,free
of_115,opt_29,opt_3,92,free
of_115,opt_29,opt_3,93,free
of_115,opt_29,opt_3,94,free
of_115,opt_29,opt_3,95,free
of_115,opt_29,opt_3,96,free
of_115,opt_29,opt_3,97,free
of_115,opt_29,opt_3,98,free
of_115,opt_29,opt_3,99,free
of_116,opt_29,opt_31,0,free
of_116,opt_29,opt_31,1,free
of_116,opt_29,opt_31,2,free
of_116,opt_29,opt_31,3,free
of_116,opt_29,opt_31,4,free
of_116,opt_29,opt_31,5,free
of_116,opt_29,opt_31,6,free
of_116,opt_29,opt_31,7,free
of_116,opt_29,opt_31,8,free
of_116,opt_29,opt_31,9,free
of_116,opt_29,opt_31,10,free
of_116,opt_29,opt_31,11,free
of_116,opt_29,opt_31,12,free
of_116,opt_29,opt_31,13,free
of_116,opt_29,opt_31,14,free
of_116,opt_29,opt_31,15,free
of_116,opt_29,opt_31,16,free
of_116,opt_29,opt_31,17,free
of_116,opt_29,opt_31,18,free
of_116,opt_29,opt_31,19,free
of_116,opt_29,opt_31,20,free
of_116,opt_29,opt_31,21,free
of_116,opt_29,opt_31,22,free
of_116,opt_29,opt_31,23,free
of_116,opt_29,opt_31,24,free
of_116,opt_29,opt_31,25,free
of_116,opt_29,opt_31,26,free
of_116,opt_29,opt_31,27,free
of_116,opt_29,opt_31,28,free
of_116,opt_29,opt_31,29,free
of_116,opt_29,opt_31,30,free
of_116,opt_29,opt_31,31,free
of_116,opt_29,opt_31,32,free
of_116,opt_29,opt_31,33,free
of_116,opt_29,opt_31,34,free
of_116,opt_29,opt_31,35,free
of_116,opt_29,opt_31,36,free
of_116,opt_29,opt_31,37,free
of_116,opt_29,opt_31,38,free
of_116,opt_29,opt_31,39,free
of_116,opt_29,opt_31,40,free
of_116,opt_29,opt_31,41,free
of_116,opt_29,opt_31,42,free
of_116,opt_29,opt_31,43,free
of_116,opt_29,opt_31,44,free
of_116,opt_29,opt_31,45,free
of_116,opt_29,opt_31,46,free
of_116,opt_29,opt_31,47,free
of_116,opt_29,opt_31,48,free
of_116,opt_29,opt_31,49,free
of_116,opt_29,opt_31,50,free
of_116,opt_29,opt_31,51,free
of_116,opt_29,opt_31,52,free
of_116,opt_29,opt_31,53,free
of_116,opt_29,opt_31,54,free
of_116,opt_29,opt_31,55,free
of_116,opt_29,opt_31,56,free
of_116,opt_29,opt_31,57,free
of_116,opt_29,opt_31,58,free
of_116,opt_29,opt_31,59,free
of_116,opt_29,opt_31,60,free
of_116,opt_29,opt_31,61,free
of_116,opt_29,opt_31,62,free
of_116,opt_29,opt_31,63,free
of_116,opt_29,opt_31,64,free
of_116,opt_29,opt_31,65,free
of_116,opt_29,opt_31,66,free
of_116,opt_29,opt_31,67,free
of_116,opt_29,opt_31,68,free
of_116,opt_29,opt_31,69,free
of_116,opt_29,opt_31,70,free
of_116,opt_29,opt_31,71,free
of_116,opt_29,opt_31,72,free
of_116,opt_29,opt_31,73,free
of_116,opt_29,opt_31,74,free
of_116,opt_29,opt_31,75,free
of_116,opt_29,opt_31,76,free
of_116,opt_29,opt_31,77,free
of_116,opt_29,opt_31,78,free
of_116,opt_29,opt_31,79,free
of_116,opt_29,opt_31,80,free
of_116,opt_29,opt_31,81,free
of_116,opt_29,opt_31,82,free
of_116,opt_29,opt_31,83,free
of_116,opt_29,opt_31,84,free
of_116,opt_29,opt_31,85,free
of_116,opt_29,opt_31,86,free
of_116,opt_29,opt_31,87,free
of_116,opt_29,opt_31,88,free
of_116,opt_29,opt_31,89,free
of_116,opt_29,opt_31,90,free
of_116,opt_29,opt_31,91,free
of_116,opt_29,opt_31,92,free
of_116,opt_29,opt_31,93,free
of_116,opt_29,opt_31,94,free
of_116,opt_29,opt_31,95,free
of_116,opt_29,opt_31,96,free
of_116,opt_29,opt_31,97,free
of_116,opt_29,opt_31,98,free
of_116,opt_29,opt_31,99,free
of_117,opt_29,opt_5,0,free
of_117,opt_29,opt_5,1,free
of_117,opt_29,opt_5,2,free
of_117,opt_29,opt_5,3,free
of_117,opt_29,opt_5,4,free
of_117,opt_29,opt_5,5,free
of_117,opt_29,opt_5,6,free
of_117,opt_29,opt_5,7,free
of_117,opt_29,opt_5,8,free
of_117,opt_29,opt_5,9,free
of_117,opt_29,opt_5,10,free
of_117,opt_29,opt_5,11,free
of_117,opt_29,opt_5,12,free
of_117,opt_29,opt_5,13,free
of_117,opt_29,opt_5,14,free
of_117,opt_29,opt_5,15,free
of_117,opt_29,opt_5,16,free
of_117,opt_29,opt_5,17,free
of_117,opt_29,opt_5,18,free
of_117,opt_29,opt_5,19,free
of_117,opt_29,opt_5,20,free
of_117,opt_29,opt_5,21,free
of_117,opt_29,opt_5,22,free
of_117,opt_29,opt_5,23,free
of_117,opt_29,opt_5,24,free
of_117,opt_29,opt_5,25,free
of_117,opt_29,opt_5,26,free
of_117,opt_29,opt_5,27,free
of_117,opt_29,opt_5,28,free
of_117,opt_29,opt_5,29,free
of_117,opt_29,opt_5,30,free
of_117,opt_29,opt_5,31,free
of_117,opt_29,opt_5,32,free
of_117,opt_29,opt_5,33,free
of_117,opt_29,opt_5,34,free
of_117,opt_29,opt_5,35,free
of_117,opt_29,opt_5,36,free
of_117,opt_29,opt_5,37,free
of_117,opt_29,opt_5,38,free
of_117,opt_29,opt_5,39,free
of_117,opt_29,opt_5,40,free
of_117,opt_29,opt_5,41,free
of_117,opt_29,opt_5,42,free
of_117,opt_29,opt_5,43,free
of_117,opt_29,opt_5,44,free
of_117,opt_29,opt_5,45,free
of_117,opt_29,opt_5,46,free
of_117,opt_29,opt_5,47,free
of_117,opt_29,opt_5,48,free
of_117,opt_29,opt_5,49,free
of_117,opt_29,opt_5,50,free
of_117,opt_29,opt_5,51,free
of_117,opt_29,opt_5,52,free
of_117,opt_29,opt_5,53,free
of_117,opt_29,opt_5,54,free
of_117,opt_29,opt_5,55,free
of_117,opt_29,opt_5,56,free
of_117,opt_29,opt_5,57,free
of_117,opt_29,opt_5,58,free
of_117,opt_29,opt_5,59,free
of_117,opt_29,opt_5,60,free
of_117,opt_29,opt_5,61,free
of_117,opt_29,opt_5,62,free
of_117,opt_29,opt_5,63,free
of_117,opt_29,opt_5,64,free
of_117,opt_29,opt_5,65,free
of_117,opt_29,opt_5,66,free
of_117,opt_29,opt_5,67,free
of_117,opt_29,opt_5,68,free
of_117,opt_29,opt_5,69,free
of_117,opt_29,opt_5,70,free
of_117,opt_29,opt_5,71,free
of_117,opt_29,opt_5,72,free
of_117,opt_29,opt_5,73,free
of_117,opt_29,opt_5,74,free
of_117,opt_29,opt_5,75,free
of_117,opt_29,opt_5,76,free
of_117,opt_29,opt_5,77,free
of_117,opt_29,opt_5,78,free
of_117,opt_29,opt_5,79,free
of_117,opt_29,opt_5,80,free
of_117,opt_29,opt_5,81,free
of_117,opt_29,opt_5,82,free
of_117,opt_29,opt_5,83,free
of_117,opt_29,opt_5,84,free
of_117,opt_29,opt_5,85,free
of_117,opt_29,opt_5,86,free
of_117,opt_29,opt_5,87,free
of_117,opt_29,opt_5,88,free
of_117,opt_29,opt_5,89,free
of_117,opt_29,opt_5,90,free
of_117,opt_29,opt_5,91,free
of_117,opt_29,opt_5,92,free
of_117,opt_29,opt_5,93,free
of_117,opt_29,opt_5,94,free
of_117,opt_29,opt_5,95,free
of_117,opt_29,opt_5,96,free
of_117,opt_29,opt_5,97,free
of_117,opt_29,opt_5,98,free
of_117,opt_29,opt_5,99,free
of_118,opt_29,opt_6,0,free
of_118,opt_29,opt_6,1,free
of_118,opt_29,opt_6,2,free
of_118,opt_29,opt_6,3,free
of_118,opt_29,opt_6,4,free
of_118,opt_29,opt_6,5,free
of_118,opt_29,opt_6,6,free
of_118,opt_29,opt_6,7,free
of_118,opt_29,opt_6,8,free
of_118,opt_29,opt_6,9,free
of_118,opt_29,opt_6,10,free
of_118,opt_29,opt_6,11,free
of_118,opt_29,opt_6,12,free
of_118,opt_29,opt_6,13,free
of_118,opt_29,opt_6,14,free
of_118,opt_29,opt_6,15,free
of_118,opt_29,opt_6,16,free
of_118,opt_29,opt_6,17,free
of_118,opt_29,opt_6,18,free
of_118,opt_29,opt_6,19,free
of_118,opt_29,opt_6,20,free
of_118,opt_29,opt_6,21,free
of_118,opt_29,opt_6,22,free
of_118,opt_29,opt_6,23,free
of_118,opt_29,opt_6,24,free
of_118,opt_29,opt_6,25,free
of_118,opt_29,opt_6,26,free
of_118,opt_29,opt_6,27,free
of_118,opt_29,opt_6,28,free
of_118,opt_29,opt_6,29,free
of_118,opt_29,opt_6,30,free
of_118,opt_29,opt_6,31,free
of_118,opt_29,opt_6,32,free
of_118,opt_29,opt_6,33,free
of_118,opt_29,opt_6,34,free
of_118,opt_29,opt_6,35,free
of_118,opt_29,opt_6,36,free
of_118,opt_29,opt_6,37,free
of_118,opt_29,opt_6,38,free
of_118,opt_29,opt_6,39,free
of_118,opt_29,opt_6,40,free
of_118,opt_29,opt_6,41,free
of_118,opt_29,opt_6,42,free
of_118,opt_29,opt_6,43,free
of_118,opt_29,opt_6,44,free
of_118,opt_29,opt_6,45,free
of_118,opt_29,opt_6,46,free
of_118,opt_29,opt_6,47,free
of_118,opt_29,opt_6,48,free
of_118,opt_29,opt_6,49,free
of_118,opt_29,opt_6,50,free
of_118,opt_29,opt_6,51,free
of_118,opt_29,opt_6,52,free
of_118,opt_29,opt_6,53,free
of_118,opt_29,opt_6,54,free
of_118,opt_29,opt_6,55,free
of_118,opt_29,opt_6,56,free
of_118,opt_29,opt_6,57,free
of_118,opt_29,opt_6,58,free
of_118,opt_29,opt_6,59,free
of_118,opt_29,opt_6,60,free
of_118,opt_29,opt_6,61,free
of_118,opt_29,opt_6,62,free
of_118,opt_29,opt_6,63,free
of_118,opt_29,opt_6,64,free
of_118,opt_29,opt_6,65,free
of_118,opt_29,opt_6,66,free
of_118,opt_29,opt_6,67,free
of_118,opt_29,opt_6,68,free
of_118,opt_29,opt_6,69,free
of_118,opt_29,opt_6,70,free
of_118,opt_29,opt_6,71,free
of_118,opt_29,opt_6,72,free
of_118,opt_29,opt_6,73,free
of_118,opt_29,opt_6,74,free
of_118,opt_29,opt_6,75,free
of_118,opt_29,opt_6,76,free
of_118,opt_29,opt_6,77,free
of_118,opt_29,opt_6,78,free
of_118,opt_29,opt_6,79,free
of_118,opt_29,opt_6,80,free
of_118,opt_29,opt_6,81,free
of_118,opt_29,opt_6,82,free
of_118,opt_29,opt_6,83,free
of_118,opt_29,opt_6,84,free
of_118,opt_29,opt_6,85,free
of_118,opt_29,opt_6,86,free
of_118,opt_29,opt_6,87,free
of_118,opt_29,opt_6,88,free
of_118,opt_29,opt_6,89,free
of_118,opt_29,opt_6,90,free
of_118,opt_29,opt_6,91,free
of_118,opt_29,opt_6,92,free
of_118,opt_29,opt_6,93,free
of_118,opt_29,opt_6,94,free
of_118,opt_29,opt_6,95,free
of_118,opt_29,opt_6,96,free
of_118,opt_29,opt_6,97,free
of_118,opt_29,opt_6,98,free
of_118,opt_29,opt_6,99,free
of_119,opt_3,opt_4,0,free
of_119,opt_3,opt_4,1,free
of_119,opt_3,opt_4,2,free
of_119,opt_3,opt_4,3,free
of_119,opt_3,opt_4,4,free
of_119,opt_3,opt_4,5,free
of_119,opt_3,opt_4,6,free
of_119,opt_3,opt_4,7,free
of_119,opt_3,opt_4,8,free
of_119,opt_3,opt_4,9,free
of_119,opt_3,opt_4,10,free
of_119,opt_3,opt_4,11,free
of_119,opt_3,opt_4,12,free
of_119,opt_3,opt_4,13,free
of_119,opt_3,opt_4,14,free
of_119,opt_3,opt_4,15,free
of_119,opt_3,opt_4,16,free
of_119,opt_3,opt_4,17,free
of_119,opt_3,opt_4,18,free
of_119,opt_3,opt_4,19,free
of_119,opt_3,opt_4,20,free
of_119,opt_3,opt_4,21,free
of_119,opt_3,opt_4,22,free
of_119,opt_3,opt_4,23,free
of_119,opt_3,opt_4,24,free
of_119,opt_3,opt_4,25,free
of_119,opt_3,opt_4,26,free
of_119,opt_3,opt_4,27,free
of_119,opt_3,opt_4,28,free
of_119,opt_3,opt_4,29,free
of_119,opt_3,opt_4,30,free
of_119,opt_3,opt_4,31,free
of_119,opt_3,opt_4,32,free
of_119,opt_3,opt_4,33,free
of_119,opt_3,opt_4,34,free
of_119,opt_3,opt_4,35,free
of_119,opt_3,opt_4,36,free
of_119,opt_3,opt_4,37,free
of_119,opt_3,opt_4,38,free
of_119,opt_3,opt_4,39,free
of_119,opt_3,opt_4,40,free
of_119,opt_3,opt_4,41,free
of_119,opt_3,opt_4,42,free
of_119,opt_3,opt_4,43,free
of_119,opt_3,opt_4,44,free
of_119,opt_3,opt_4,45,free
of_119,opt_3,opt_4,46,free
of_119,opt_3,opt_4,47,free
of_119,opt_3,opt_4,48,free
of_119,opt_3,opt_4,49,free
of_119,opt_3,opt_4,50,free
of_119,opt_3,opt_4,51,free
of_119,opt_3,opt_4,52,free
of_119,opt_3,opt_4,53,free
of_119,opt_3,opt_4,54,free
of_119,opt_3,opt_4,55,free
of_119,opt_3,opt_4,56,free
of_119,opt_3,opt_4,57,free
of_119,opt_3,opt_4,58,free
of_119,opt_3,opt_4,59,free
of_119,opt_3,opt_4,60,free
of_119,opt_3,opt_4,61,free
of_119,opt_3,opt_4,62,free
of_119,opt_3,opt_4,63,free
of_119,opt_3,opt_4,64,free
of_119,opt_3,opt_4,65,free
of_119,opt_3,opt_4,66,free
of_119,opt_3,opt_4,67,free
of_119,opt_3,opt_4,68,free
of_119,opt_3,opt_4,69,free
of_119,opt_3,opt_4,70,free
of_119,opt_3,opt_4,71,free
of_119,opt_3,opt_4,72,free
of_119,opt_3,opt_4,73,free
of_119,opt_3,opt_4,74,free
of_119,opt_3,opt_4,75,free
of_119,opt_3,opt_4,76,free
of_119,opt_3,opt_4,77,free
of_119,opt_3,opt_4,78,free
of_119,opt_3,opt_4,79,free
of_119,opt_3,opt_4,80,free
of_119,opt_3,opt_4,81,free
of_119,opt_3,opt_4,82,free
of_119,opt_3,opt_4,83,free
of_119,opt_3,opt_4,84,free
of_119,opt_3,opt_4,85,free
of_119,opt_3,opt_4,86,free
of_119,opt_3,opt_4,87,free
of_119,opt_3,opt_4,88,free
of_119,opt_3,opt_4,89,free
of_119,opt_3,opt_4,90,free
of_119,opt_3,opt_4,91,free
of_119,opt_3,opt_4,92,free
of_119,opt_3,opt_4,93,free
of_119,opt_3,opt_4,94,free
of_119,opt_3,opt_4,95,free
of_119,opt_3,opt_4,96,free
of_119,opt_3,opt_4,97,free
of_119,opt_3,opt_4,98,free
of_119,opt_3,opt_4,99,free
of_120,opt_3,opt_9,0,free
of_120,opt_3,opt_9,1,free
of_120,opt_3,opt_9,2,free
of_120,opt_3,opt_9,3,free
of_120,opt_3,opt_9,4,free
of_120,opt_3,opt_9,5,free
of_120,opt_3,opt_9,6,free
of_120,opt_3,opt_9,7,free
of_120,opt_3,opt_9,8,free
of_120,opt_3,opt_9,9,free
of_120,opt_3,opt_9,10,free
of_120,opt_3,opt_9,11,free
of_120,opt_3,opt_9,12,free
of_120,opt_3,opt_9,13,free
of_120,opt_3,opt_9,14,free
of_120,opt_3,opt_9,15,free
of_120,opt_3,opt_9,16,free
of_120,opt_3,opt_9,17,free
of_120,opt_3,opt_9,18,free
of_120,opt_3,opt_9,19,free
of_120,opt_3,opt_9,20,free
of_120,opt_3,opt_9,21,free
of_120,opt_3,opt_9,22,free
of_120,opt_3,opt_9,23,free
of_120,opt_3,opt_9,24,free
of_120,opt_3,opt_9,25,free
of_120,opt_3,opt_9,26,free
of_120,opt_3,opt_9,27,free
of_120,opt_3,opt_9,28,free
of_120,opt_3,opt_9,29,free
of_120,opt_3,opt_9,30,free
of_120,opt_3,opt_9,31,free
of_120,opt_3,opt_9,32,free
of_120,opt_3,opt_9,33,free
of_120,opt_3,opt_9,34,free
of_120,opt_3,opt_9,35,free
of_120,opt_3,opt_9,36,free
of_120,opt_3,opt_9,37,free
of_120,opt_3,opt_9,38,free
of_120,opt_3,opt_9,39,free
of_120,opt_3,opt_9,40,free
of_120,opt_3,opt_9,41,free
of_120,opt_3,opt_9,42,free
of_120,opt_3,opt_9,43,free
of_120,opt_3,opt_9,44,free
of_120,opt_3,opt_9,45,free
of_120,opt_3,opt_9,46,free
of_120,opt_3,opt_9,47,free
of_120,opt_3,opt_9,48,free
of_120,opt_3,opt_9,49,free
of_120,opt_3,opt_9,50,free
of_120,opt_3,opt_9,51,free
of_120,opt_3,opt_9,52,free
of_120,opt_3,opt_9,53,free
of_120,opt_3,opt_9,54,free
of_120,opt_3,opt_9,55,free
of_120,opt_3,opt_9,56,free
of_120,opt_3,opt_9,57,free
of_120,opt_3,opt_9,58,free
of_120,opt_3,opt_9,59,free
of_120,opt_3,opt_9,60,free
of_120,opt_3,opt_9,61,free
of_120,opt_3,opt_9,62,free
of_120,opt_3,opt_9,63,free
of_120,opt_3,opt_9,64,free
of_120,opt_3,opt_9,65,free
of_120,opt_3,opt_9,66,free
of_120,opt_3,opt_9,67,free
of_120,opt_3,opt_9,68,free
of_120,opt_3,opt_9,69,free
of_120,opt_3,opt_9,70,free
of_120,opt_3,opt_9,71,free
of_120,opt_3,opt_9,72,free
of_120,opt_3,opt_9,73,free
of_120,opt_3,opt_9,74,free
of_120,opt_3,opt_9,75,free
of_120,opt_3,opt_9,76,free
of_120,opt_3,opt_9,77,free
of_120,opt_3,opt_9,78,free
of_120,opt_3,opt_9,79,free
of_120,opt_3,opt_9,80,free
of_120,opt_3,opt_9,81,free
of_120,opt_3,opt_9,82,free
of_120,opt_3,opt_9,83,free
of_120,opt_3,opt_9,84,free
of_120,opt_3,opt_9,85,free
of_120,opt_3,opt_9,86,free
of_120,opt_3,opt_9,87,free
of_120,opt_3,opt_9,88,free
of_120,opt_3,opt_9,89,free
of_120,opt_3,opt_9,90,free
of_120,opt_3,opt_9,91,free
of_120,opt_3,opt_9,92,free
of_120,opt_3,opt_9,93,free
of_120,opt_3,opt_9,94,free
of_120,opt_3,opt_9,95,free
of_120,opt_3,opt_9,96,free
of_120,opt_3,opt_9,97,free
of_120,opt_3,opt_9,98,free
of_120,opt_3,opt_9,99,free
of_121,opt_30,opt_4,0,free
of_121,opt_30,opt_4,1,free
of_121,opt_30,opt_4,2,free
of_121,opt_30,opt_4,3,free
of_121,opt_30,opt_4,4,free
of_121,opt_30,opt_4,5,free
of_121,opt_30,opt_4,6,free
of_121,opt_30,opt_4,7,free
of_121,opt_30,opt_4,8,free
of_121,opt_30,opt_4,9,free
of_121,opt_30,opt_4,10,free
of_121,opt_30,opt_4,11,free
of_121,opt_30,opt_4,12,free
of_121,opt_30,opt_4,13,free
of_121,opt_30,opt_4,14,free
of_121,opt_30,opt_4,15,free
of_121,opt_30,opt_4,16,free
of_121,opt_30,opt_4,17,free
of_121,opt_30,opt_4,18,free
of_121,opt_30,opt_4,19,free
of_121,opt_30,opt_4,20,free
of_121,opt_30,opt_4,21,free
of_121,opt_30,opt_4,22,free
of_121,opt_30,opt_4,23,free
of_121,opt_30,opt_4,24,free
of_121,opt_30,opt_4,25,free
of_121,opt_30,opt_4,26,free
of_121,opt_30,opt_4,27,free
of_121,opt_30,opt_4,28,free
of_121,opt_30,opt_4,29,free
of_121,opt_30,opt_4,30,free
of_121,opt_30,opt_4,31,free
of_121,opt_30,opt_4,32,free
of_121,opt_30,opt_4,33,free
of_121,opt_30,opt_4,34,free
of_121,opt_30,opt_4,35,free
of_121,opt_30,opt_4,36,free
of_121,opt_30,opt_4,37,free
of_121,opt_30,opt_4,38,free
of_121,opt_30,opt_4,39,free
of_121,opt_30,opt_4,40,free
of_121,opt_30,opt_4,41,free
of_121,opt_30,opt_4,42,free
of_121,opt_30,opt_4,43,free
of_121,opt_30,opt_4,44,free
of_121,opt_30,opt_4,45,free
of_121,opt_30,opt_4,46,free
of_121,opt_30,opt_4,47,free
of_121,opt_30,opt_4,48,free
of_121,opt_30,opt_4,49,free
of_121,opt_30,opt_4,50,free
of_121,opt_30,opt_4,51,free
of_121,opt_30,opt_4,52,free
of_121,opt_30,opt_4,53,free
of_121,opt_30,opt_4,54,free
of_121,opt_30,opt_4,55,free
of_121,opt_30,opt_4,56,free
of_121,opt_30,opt_4,57,free
of_121,opt_30,opt_4,58,free
of_121,opt_30,opt_4,59,free
of_121,opt_30,opt_4,60,free
of_121,opt_30,opt_4,61,free
of_121,opt_30,opt_4,62,free
of_121,opt_30,opt_4,63,free
of_121,opt_30,opt_4,64,free
of_121,opt_30,opt_4,65,free
of_121,opt_30,opt_4,66,free
of_121,opt_30,opt_4,67,free
of_121,opt_30,opt_4,68,free
of_121,opt_30,opt_4,69,free
of_121,opt_30,opt_4,70,free
of_121,opt_30,opt_4,71,free
of_121,opt_30,opt_4,72,free
of_121,opt_30,opt_4,73,free
of_121,opt_30,opt_4,74,free
of_121,opt_30,opt_4,75,free
of_121,opt_30,opt_4,76,free
of_121,opt_30,opt_4,77,free
of_121,opt_30,opt_4,78,free
of_121,opt_30,opt_4,79,free
of_121,opt_30,opt_4,80,free
of_121,opt_30,opt_4,81,free
of_121,opt_30,opt_4,82,free
of_121,opt_30,opt_4,83,free
of_121,opt_30,opt_4,84,free
of_121,opt_30,opt_4,85,free
of_121,opt_30,opt_4,86,free
of_121,opt_30,opt_4,87,free
of_121,opt_30,opt_4,88,free
of_121,opt_30,opt_4,89,free
of_121,opt_30,opt_4,90,free
of_121,opt_30,opt_4,91,free
of_121,opt_30,opt_4,92,free
of_121,opt_30,opt_4,93,free
of_121,opt_30,opt_4,94,free
of_121,opt_30,opt_4,95,free
of_121,opt_30,opt_4,96,free
of_121,opt_30,opt_4,97,free
of_121,opt_30,opt_4,98,free
of_121,opt_30,opt_4,99,free
of_122,opt_31,opt_6,0,free
of_122,opt_31,opt_6,1,free
of_122,opt_31,opt_6,2,free
of_122,opt_31,opt_6,3,free
of_122,opt_31,opt_6,4,free
of_122,opt_31,opt_6,5,free
of_122,opt_31,opt_6,6,free
of_122,opt_31,opt_6,7,free
of_122,opt_31,opt_6,8,free
of_122,opt_31,opt_6,9,free
of_122,opt_31,opt_6,10,free
of_122,opt_31,opt_6,11,free
of_122,opt_31,opt_6,12,free
of_122,opt_31,opt_6,13,free
of_122,opt_31,opt_6,14,free
of_122,opt_31,opt_6,15,free
of_122,opt_31,opt_6,16,free
of_122,opt_31,opt_6,17,free
of_122,opt_31,opt_6,18,free
of_122,opt_31,opt_6,19,free
of_122,opt_31,opt_6,20,free
of_122,opt_31,opt_6,21,free
of_122,opt_31,opt_6,22,free
of_122,opt_31,opt_6,23,free
of_122,opt_31,opt_6,24,free
of_122,opt_31,opt_6,25,free
of_122,opt_31,opt_6,26,free
of_122,opt_31,opt_6,27,free
of_122,opt_31,opt_6,28,free
of_122,opt_31,opt_6,29,free
of_122,opt_31,opt_6,30,free
of_122,opt_31,opt_6,31,free
of_122,opt_31,opt_6,32,free
of_122,opt_31,opt_6,33,free
of_122,opt_31,opt_6,34,free
of_122,opt_31,opt_6,35,free
of_122,opt_31,opt_6,36,free
of_122,opt_31,opt_6,37,free
of_122,opt_31,opt_6,38,free
of_122,opt_31,opt_6,39,free
of_122,opt_31,opt_6,40,free
of_122,opt_31,opt_6,41,free
of_122,opt_31,opt_6,42,free
of_122,opt_31,opt_6,43,free
of_122,opt_31,opt_6,44,free
of_122,opt_31,opt_6,45,free
of_122,opt_31,opt_6,46,free
of_122,opt_31,opt_6,47,free
of_122,opt_31,opt_6,48,free
of_122,opt_31,opt_6,49,free
of_122,opt_31,opt_6,50,free
of_122,opt_31,opt_6,51,free
of_122,opt_31,opt_6,52,free
of_122,opt_31,opt_6,53,free
of_122,opt_31,opt_6,54,free
of_122,opt_31,opt_6,55,free
of_122,opt_31,opt_6,56,free
of_122,opt_31,opt_6,57,free
of_122,opt_31,opt_6,58,free
of_122,opt_31,opt_6,59,free
of_122,opt_31,opt_6,60,free
of_122,opt_31,opt_6,61,free
of_122,opt_31,opt_6,62,free
of_122,opt_31,opt_6,63,free
of_122,opt_31,opt_6,64,free
of_122,opt_31,opt_6,65,free
of_122,opt_31,opt_6,66,free
of_122,opt_31,opt_6,67,free
of_122,opt_31,opt_6,68,free
of_122,opt_31,opt_6,69,free
of_122,opt_31,opt_6,70,free
of_122,opt_31,opt_6,71,free
of_122,opt_31,opt_6,72,free
of_122,opt_31,opt_6,73,free
of_122,opt_31,opt_6,74,free
of_122,opt_31,opt_6,75,free
of_122,opt_31,opt_6,76,free
of_122,opt_31,opt_6,77,free
of_122,opt_31,opt_6,78,free
of_122,opt_31,opt_6,79,free
of_122,opt_31,opt_6,80,free
of_122,opt_31,opt_6,81,free
of_122,opt_31,opt_6,82,free
of_122,opt_31,opt_6,83,free
of_122,opt_31,opt_6,84,free
of_122,opt_31,opt_6,85,free
of_122,opt_31,opt_6,86,free
of_122,opt_31,opt_6,87,free
of_122,opt_31,opt_6,88,free
of_122,opt_31,opt_6,89,free
of_122,opt_31,opt_6,90,free
of_122,opt_31,opt_6,91,free
of_122,opt_31,opt_6,92,free
of_122,opt_31,opt_6,93,free
of_122,opt_31,opt_6,94,free
of_122,opt_31,opt_6,95,free
of_122,opt_31,opt_6,96,free
of_122,opt_31,opt_6,97,free
of_122,opt_31,opt_6,98,free
of_122,opt_31,opt_6,99,free
of_123,opt_5,opt_7,0,free
of_123,opt_5,opt_7,1,free
of_123,opt_5,opt_7,2,free
of_123,opt_5,opt_7,3,free
of_123,opt_5,opt_7,4,free
of_123,opt_5,opt_7,5,free
of_123,opt_5,opt_7,6,free
of_123,opt_5,opt_7,7,free
of_123,opt_5,opt_7,8,free
of_123,opt_5,opt_7,9,free
of_123,opt_5,opt_7,10,free
of_123,opt_5,opt_7,11,free
of_123,opt_5,opt_7,12,free
of_123,opt_5,opt_7,13,free
of_123,opt_5,opt_7,14,free
of_123,opt_5,opt_7,15,free
of_123,opt_5,opt_7,16,free
of_123,opt_5,opt_7,17,free
of_123,opt_5,opt_7,18,free
of_123,opt_5,opt_7,19,free
of_123,opt_5,opt_7,20,free
of_123,opt_5,opt_7,21,free
of_123,opt_5,opt_7,22,free
of_123,opt_5,opt_7,23,free
of_123,opt_5,opt_7,24,free
of_123,opt_5,opt_7,25,free
of_123,opt_5,opt_7,26,free
of_123,opt_5,opt_7,27,free
of_123,opt_5,opt_7,28,free
of_123,opt_5,opt_7,29,free
of_123,opt_5,opt_7,30,free
of_123,opt_5,opt_7,31,free
of_123,opt_5,opt_7,32,free
of_123,opt_5,opt_7,33,free
of_123,opt_5,opt_7,34,free
of_123,opt_5,opt_7,35,free
of_123,opt_5,opt_7,36,free
of_123,opt_5,opt_7,37,free
of_123,opt_5,opt_7,38,free
of_123,opt_5,opt_7,39,free
of_123,opt_5,opt_7,40,free
of_123,opt_5,opt_7,41,free
of_123,opt_5,opt_7,42,free
of_123,opt_5,opt_7,43,free
of_123,opt_5,opt_7,44,free
of_123,opt_5,opt_7,45,free
of_123,opt_5,opt_7,46,free
of_123,opt_5,opt_7,47,free
of_123,opt_5,opt_7,48,free
of_123,opt_5,opt_7,49,free
of_123,opt_5,opt_7,50,free
of_123,opt_5,opt_7,51,free
of_123,opt_5,opt_7,52,free
of_123,opt_5,opt_7,53,free
of_123,opt_5,opt_7,54,free
of_123,opt_5,opt_7,55,free
of_123,opt_5,opt_7,56,free
of_123,opt_5,opt_7,57,free
of_123,opt_5,opt_7,58,free
of_123,opt_5,opt_7,59,free
of_123,opt_5,opt_7,60,free
of_123,opt_5,opt_7,61,free
of_123,opt_5,opt_7,62,free
of_123,opt_5,opt_7,63,free
of_123,opt_5,opt_7,64,free
of_123,opt_5,opt_7,65,free
of_123,opt_5,opt_7,66,free
of_123,opt_5,opt_7,67,free
of_123,opt_5,opt_7,68,free
of_123,opt_5,opt_7,69,free
of_123,opt_5,opt_7,70,free
of_123,opt_5,opt_7,71,free
of_123,opt_5,opt_7,72,free
of_123,opt_5,opt_7,73,free
of_123,opt_5,opt_7,74,free
of_123,opt_5,opt_7,75,free
of_123,opt_5,opt_7,76,free
of_123,opt_5,opt_7,77,free
of_123,opt_5,opt_7,78,free
of_123,opt_5,opt_7,79,free
of_123,opt_5,opt_7,80,free
of_123,opt_5,opt_7,81,free
of_123,opt_5,opt_7,82,free
of_123,opt_5,opt_7,83,free
of_123,opt_5,opt_7,84,free
of_123,opt_5,opt_7,85,free
of_123,opt_5,opt_7,86,free
of_123,opt_5,opt_7,87,free
of_123,opt_5,opt_7,88,free
of_123,opt_5,opt_7,89,free
of_123,opt_5,opt_7,90,free
of_123,opt_5,opt_7,91,free
of_123,opt_5,opt_7,92,free
of_123,opt_5,opt_7,93,free
of_123,opt_5,opt_7,94,free
of_123,opt_5,opt_7,95,free
of_123,opt_5,opt_7,96,free
of_123,opt_5,opt_7,97,free
of_123,opt_5,opt_7,98,free
of_123,opt_5,opt_7,99,free
of_124,opt_6,opt_8,0,free
of_124,opt_6,opt_8,1,free
of_124,opt_6,opt_8,2,free
of_124,opt_6,opt_8,3,free
of_124,opt_6,opt_8,4,free
of_124,opt_6,opt_8,5,free
of_124,opt_6,opt_8,6,free
of_124,opt_6,opt_8,7,free
of_124,opt_6,opt_8,8,free
of_124,opt_6,opt_8,9,free
of_124,opt_6,opt_8,10,free
of_124,opt_6,opt_8,11,free
of_124,opt_6,opt_8,12,free
of_124,opt_6,opt_8,13,free
of_124,opt_6,opt_8,14,free
of_124,opt_6,opt_8,15,free
of_124,opt_6,opt_8,16,free
of_124,opt_6,opt_8,17,free
of_124,opt_6,opt_8,18,free
of_124,opt_6,opt_8,19,free
of_124,opt_6,opt_8,20,free
of_124,opt_6,opt_8,21,free
of_124,opt_6,opt_8,22,free
of_124,opt_6,opt_8,23,free
of_124,opt_6,opt_8,24,free
of_124,opt_6,opt_8,25,free
of_124,opt_6,opt_8,26,free
of_124,opt_6,opt_8,27,free
of_124,opt_6,opt_8,28,free
of_124,opt_6,opt_8,29,free
of_124,opt_6,opt_8,30,free
of_124,opt_6,opt_8,31,free
of_124,opt_6,opt_8,32,free
of_124,opt_6,opt_8,33,free
of_124,opt_6,opt_8,34,free
of_124,opt_6,opt_8,35,free
of_124,opt_6,opt_8,36,free
of_124,opt_6,opt_8,37,free
of_124,opt_6,opt_8,38,free
of_124,opt_6,opt_8,39,free
of_124,opt_6,opt_8,40,free
of_124,opt_6,opt_8,41,free
of_124,opt_6,opt_8,42,free
of_124,opt_6,opt_8,43,free
of_124,opt_6,opt_8,44,free
of_124,opt_6,opt_8,45,free
of_124,opt_6,opt_8,46,free
of_124,opt_6,opt_8,47,free
of_124,opt_6,opt_8,48,free
of_124,opt_6,opt_8,49,free
of_124,opt_6,opt_8,50,free
of_124,opt_6,opt_8,51,free
of_124,opt_6,opt_8,52,free
of_124,opt_6,opt_8,53,free
of_124,opt_6,opt_8,54,free
of_124,opt_6,opt_8,55,free
of_124,opt_6,opt_8,56,free
of_124,opt_6,opt_8,57,free
of_124,opt_6,opt_8,58,free
of_124,opt_6,opt_8,59,free
of_124,opt_6,opt_8,60,free
of_124,opt_6,opt_8,61,free
of_124,opt_6,opt_8,62,free
of_124,opt_6,opt_8,63,free
of_124,opt_6,opt_8,64,free
of_124,opt_6,opt_8,65,free
of_124,opt_6,opt_8,66,free
of_124,opt_6,opt_8,67,free
of_124,opt_6,opt_8,68,free
of_124,opt_6,opt_8,69,free
of_124,opt_6,opt_8,70,free
of_124,opt_6,opt_8,71,free
of_124,opt_6,opt_8,72,free
of_124,opt_6,opt_8,73,free
of_124,opt_6,opt_8,74,free
of_124,opt_6,opt_8,75,free
of_124,opt_6,opt_8,76,free
of_124,opt_6,opt_8,77,free
of_124,opt_6,opt_8,78,free
of_124,opt_6,opt_8,79,free
of_124,opt_6,opt_8,80,free
of_124,opt_6,opt_8,81,free
of_124,opt_6,opt_8,82,free
of_124,opt_6,opt_8,83,free
of_124,opt_6,opt_8,84,free
of_124,opt_6,opt_8,85,free
of_124,opt_6,opt_8,86,free
of_124,opt_6,opt_8,87,free
of_124,opt_6,opt_8,88,free
of_124,opt_6,opt_8,89,free
of_124,opt_6,opt_8,90,free
of_124,opt_6,opt_8,91,free
of_124,opt_6,opt_8,92,free
of_124,opt_6,opt_8,93,free
of_124,opt_6,opt_8,94,free
of_124,opt_6,opt_8,95,free
of_124,opt_6,opt_8,96,free
of_124,opt_6,opt_8,97,free
of_124,opt_6,opt_8,98,free
of_124,opt_6,opt_8,99,free
