request_id,traffic_type,arrival_time,duration,end_time,bandwidth_gbps,hypergiant_id,cdn_node_id,end_user_node_id,src_ip_node_id,dst_ip_node_id,src_optical_node_id,dst_optical_node_id,shortest_hops
h_dyn_0,H,0.067,5.231,5.298,9.505,hg_1,cdn_3,user_17,ip_29,ip_23,opt_29,opt_23,1
h_dyn_1,H,0.142,14.162,14.304,10.433,hg_3,cdn_7,user_25,ip_28,ip_9,opt_28,opt_9,2
bg_dyn_0,BG,0.194,11.332,11.526,10.775,,,,,,opt_0,opt_8,1
h_dyn_2,H,0.228,10.376,10.604,11.733,hg_3,cdn_7,user_23,ip_28,ip_1,opt_28,opt_1,2
h_dyn_3,H,0.245,11.734,11.979,13.734,hg_0,cdn_0,user_19,ip_14,ip_4,opt_14,opt_4,1
h_dyn_4,H,0.304,9.892,10.196,10.996,hg_1,cdn_3,user_14,ip_29,ip_31,opt_29,opt_31,1
h_dyn_5,H,0.343,5.309,5.652,6.274,hg_0,cdn_0,user_11,ip_14,ip_23,opt_14,opt_23,2
h_dyn_6,H,0.443,5.939,6.382,6.996,hg_3,cdn_6,user_29,ip_13,ip_29,opt_13,opt_29,2
bg_dyn_1,BG,0.459,5.867,6.326,7.902,,,,,,opt_14,opt_18,1
bg_dyn_2,BG,0.482,10.544,11.026,7.435,,,,,,opt_25,opt_9,1
h_dyn_7,H,0.494,10.838,11.332,9.146,hg_4,cdn_9,user_18,ip_1,ip_31,opt_1,opt_31,2
h_dyn_8,H,0.526,8.538,9.064,8.426,hg_4,cdn_9,user_14,ip_1,ip_31,opt_1,opt_31,2
h_dyn_9,H,0.553,10.519,11.072,5.183,hg_4,cdn_9,user_3,ip_1,ip_6,opt_1,opt_6,1
h_dyn_10,H,0.695,11.887,12.582,10.235,hg_2,cdn_4,user_3,ip_14,ip_6,opt_14,opt_6,1
bg_dyn_3,BG,0.696,8.387,9.084,6.467,,,,,,opt_26,opt_9,1
bg_dyn_4,BG,0.735,8.964,9.698,6.947,,,,,,opt_3,opt_29,1
bg_dyn_5,BG,0.789,11.485,12.274,15.551,,,,,,opt_27,opt_21,2
bg_dyn_6,BG,1.035,7.298,8.333,11.573,,,,,,opt_2,opt_22,1
h_dyn_11,H,1.109,9.962,11.071,9.867,hg_4,cdn_8,user_13,ip_11,ip_17,opt_11,opt_17,1
h_dyn_12,H,1.215,8.002,9.218,2.460,hg_1,cdn_3,user_3,ip_29,ip_6,opt_29,opt_6,1
h_dyn_13,H,1.418,6.200,7.617,11.273,hg_0,cdn_0,user_18,ip_14,ip_31,opt_14,opt_31,2
bg_dyn_7,BG,1.430,10.766,12.196,8.645,,,,,,opt_4,opt_13,1
bg_dyn_8,BG,1.508,7.459,8.967,10.637,,,,,,opt_12,opt_16,1
h_dyn_14,H,1.522,6.023,7.545,11.664,hg_1,cdn_3,user_9,ip_29,ip_7,opt_29,opt_7,2
bg_dyn_9,BG,1.677,11.249,12.926,6.224,,,,,,opt_31,opt_1,2
h_dyn_15,H,1.781,10.297,12.078,14.590,hg_2,cdn_4,user_10,ip_14,ip_13,opt_14,opt_13,1
h_dyn_16,H,1.894,14.500,16.394,5.253,hg_4,cdn_9,user_9,ip_1,ip_7,opt_1,opt_7,2
h_dyn_17,H,2.033,5.662,7.695,10.103,hg_1,cdn_3,user_26,ip_29,ip_4,opt_29,opt_4,2
h_dyn_18,H,2.078,7.826,9.904,12.028,hg_0,cdn_1,user_20,ip_4,ip_27,opt_4,opt_27,1
h_dyn_19,H,2.140,9.325,11.465,5.225,hg_4,cdn_8,user_2,ip_11,ip_1,opt_11,opt_1,1
h_dyn_20,H,2.219,7.194,9.412,17.074,hg_1,cdn_3,user_18,ip_29,ip_31,opt_29,opt_31,1
bg_dyn_10,BG,2.407,10.333,12.740,8.385,,,,,,opt_14,opt_30,1
h_dyn_21,H,2.489,7.919,10.408,4.322,hg_0,cdn_1,user_11,ip_4,ip_23,opt_4,opt_23,1
bg_dyn_11,BG,2.546,11.223,13.768,9.699,,,,,,opt_18,opt_16,1
h_dyn_22,H,2.564,10.064,12.629,10.965,hg_4,cdn_8,user_15,ip_11,ip_8,opt_11,opt_8,2
bg_dyn_12,BG,2.607,12.883,15.491,7.301,,,,,,opt_12,opt_26,1
bg_dyn_13,BG,2.640,10.600,13.241,8.394,,,,,,opt_31,opt_23,1
bg_dyn_14,BG,2.691,13.264,15.956,8.062,,,,,,opt_16,opt_31,1
bg_dyn_15,BG,2.699,8.190,10.889,9.273,,,,,,opt_27,opt_29,1
h_dyn_23,H,2.784,10.116,12.900,15.156,hg_4,cdn_8,user_9,ip_11,ip_7,opt_11,opt_7,1
h_dyn_24,H,2.925,14.410,17.335,9.367,hg_0,cdn_0,user_11,ip_14,ip_23,opt_14,opt_23,2
h_dyn_25,H,2.963,7.245,10.208,10.999,hg_4,cdn_8,user_13,ip_11,ip_17,opt_11,opt_17,1
h_dyn_26,H,2.995,7.785,10.780,4.652,hg_2,cdn_4,user_0,ip_14,ip_19,opt_14,opt_19,2
h_dyn_27,H,3.063,10.590,13.653,7.859,hg_1,cdn_3,user_26,ip_29,ip_4,opt_29,opt_4,2
h_dyn_28,H,3.113,7.313,10.426,4.816,hg_1,cdn_2,user_13,ip_28,ip_17,opt_28,opt_17,2
h_dyn_29,H,3.172,5.016,8.188,8.360,hg_1,cdn_2,user_16,ip_28,ip_29,opt_28,opt_29,2
h_dyn_30,H,3.239,11.427,14.666,4.937,hg_1,cdn_3,user_8,ip_29,ip_6,opt_29,opt_6,1
h_dyn_31,H,3.303,7.592,10.895,13.515,hg_4,cdn_9,user_1,ip_1,ip_7,opt_1,opt_7,2
bg_dyn_16,BG,3.399,6.817,10.216,12.430,,,,,,opt_17,opt_21,1
h_dyn_32,H,3.408,8.973,12.381,5.834,hg_3,cdn_6,user_2,ip_13,ip_1,opt_13,opt_1,3
bg_dyn_17,BG,3.453,5.983,9.435,8.743,,,,,,opt_31,opt_27,2
h_dyn_33,H,3.774,6.816,10.590,15.469,hg_3,cdn_7,user_9,ip_28,ip_7,opt_28,opt_7,1
h_dyn_34,H,3.812,7.242,11.053,8.448,hg_0,cdn_1,user_10,ip_4,ip_13,opt_4,opt_13,1
bg_dyn_18,BG,3.875,7.993,11.868,9.939,,,,,,opt_14,opt_18,1
bg_dyn_19,BG,3.891,7.614,11.505,16.066,,,,,,opt_14,opt_4,1
h_dyn_35,H,3.901,14.593,18.494,14.584,hg_2,cdn_5,user_22,ip_4,ip_13,opt_4,opt_13,1
bg_dyn_20,BG,3.945,9.614,13.559,8.257,,,,,,opt_3,opt_16,1
h_dyn_36,H,4.115,5.182,9.297,6.667,hg_2,cdn_4,user_15,ip_14,ip_8,opt_14,opt_8,1
h_dyn_37,H,4.166,12.993,17.159,13.055,hg_2,cdn_4,user_28,ip_14,ip_18,opt_14,opt_18,1
bg_dyn_21,BG,4.314,8.229,12.543,15.444,,,,,,opt_8,opt_18,1
bg_dyn_22,BG,4.384,7.661,12.044,7.288,,,,,,opt_8,opt_14,1
h_dyn_38,H,4.394,5.892,10.286,7.442,hg_2,cdn_5,user_29,ip_4,ip_29,opt_4,opt_29,2
bg_dyn_23,BG,4.449,8.303,12.751,12.306,,,,,,opt_11,opt_18,2
bg_dyn_24,BG,4.565,7.322,11.887,9.214,,,,,,opt_28,opt_25,1
h_dyn_39,H,4.681,5.377,10.058,12.465,hg_2,cdn_5,user_29,ip_4,ip_29,opt_4,opt_29,2
bg_dyn_25,BG,4.687,8.056,12.743,11.003,,,,,,opt_3,opt_14,1
bg_dyn_26,BG,4.913,12.365,17.278,11.923,,,,,,opt_8,opt_17,1
bg_dyn_27,BG,5.230,5.026,10.256,6.516,,,,,,opt_5,opt_25,1
bg_dyn_28,BG,5.254,13.657,18.911,5.392,,,,,,opt_25,opt_28,1
h_dyn_40,H,5.485,8.020,13.505,12.844,hg_4,cdn_9,user_0,ip_1,ip_19,opt_1,opt_19,2
h_dyn_41,H,5.678,8.701,14.378,9.699,hg_4,cdn_8,user_7,ip_11,ip_17,opt_11,opt_17,1
h_dyn_42,H,5.685,5.020,10.705,13.119,hg_2,cdn_4,user_19,ip_14,ip_4,opt_14,opt_4,1
h_dyn_43,H,5.696,10.839,16.535,9.124,hg_2,cdn_4,user_8,ip_14,ip_6,opt_14,opt_6,1
h_dyn_44,H,5.833,6.895,12.728,11.141,hg_2,cdn_5,user_28,ip_4,ip_18,opt_4,opt_18,1
h_dyn_45,H,5.858,8.534,14.392,9.799,hg_2,cdn_5,user_18,ip_4,ip_31,opt_4,opt_31,2
h_dyn_46,H,5.908,8.051,13.959,7.203,hg_1,cdn_3,user_8,ip_29,ip_6,opt_29,opt_6,1
h_dyn_47,H,5.933,7.128,13.061,8.560,hg_4,cdn_8,user_11,ip_11,ip_23,opt_11,opt_23,2
h_dyn_48,H,5.983,7.079,13.062,11.828,hg_0,cdn_0,user_0,ip_14,ip_19,opt_14,opt_19,2
h_dyn_49,H,6.041,9.875,15.917,10.367,hg_1,cdn_2,user_9,ip_28,ip_7,opt_28,opt_7,1
h_dyn_50,H,6.085,9.845,15.929,10.912,hg_1,cdn_3,user_18,ip_29,ip_31,opt_29,opt_31,1
bg_dyn_29,BG,6.154,10.661,16.814,14.733,,,,,,opt_29,opt_14,2
h_dyn_51,H,6.262,5.337,11.599,13.626,hg_0,cdn_0,user_19,ip_14,ip_4,opt_14,opt_4,1
h_dyn_52,H,6.285,6.798,13.083,7.903,hg_0,cdn_0,user_29,ip_14,ip_29,opt_14,opt_29,2
h_dyn_53,H,6.351,10.414,16.765,13.115,hg_4,cdn_9,user_16,ip_1,ip_29,opt_1,opt_29,2
h_dyn_54,H,6.386,9.604,15.990,11.471,hg_1,cdn_2,user_10,ip_28,ip_13,opt_28,opt_13,3
h_dyn_55,H,6.663,12.236,18.899,10.969,hg_1,cdn_3,user_0,ip_29,ip_19,opt_29,opt_19,2
h_dyn_56,H,6.665,6.928,13.593,7.080,hg_4,cdn_8,user_9,ip_11,ip_7,opt_11,opt_7,1
h_dyn_57,H,6.731,6.981,13.712,11.035,hg_0,cdn_0,user_22,ip_14,ip_13,opt_14,opt_13,1
h_dyn_58,H,6.812,11.082,17.894,8.385,hg_2,cdn_4,user_21,ip_14,ip_21,opt_14,opt_21,2
bg_dyn_30,BG,6.878,9.186,16.064,15.267,,,,,,opt_8,opt_14,1
h_dyn_59,H,6.887,9.274,16.161,12.686,hg_4,cdn_8,user_19,ip_11,ip_4,opt_11,opt_4,2
h_dyn_60,H,7.017,6.695,13.713,13.228,hg_1,cdn_3,user_18,ip_29,ip_31,opt_29,opt_31,1
h_dyn_61,H,7.071,10.237,17.307,10.606,hg_4,cdn_8,user_17,ip_11,ip_23,opt_11,opt_23,2
h_dyn_62,H,7.093,7.105,14.198,6.919,hg_4,cdn_9,user_5,ip_1,ip_11,opt_1,opt_11,1
bg_dyn_31,BG,7.116,13.849,20.966,12.281,,,,,,opt_20,opt_11,1
h_dyn_63,H,7.208,5.227,12.435,10.381,hg_0,cdn_0,user_3,ip_14,ip_6,opt_14,opt_6,1
h_dyn_64,H,7.209,5.699,12.908,13.821,hg_0,cdn_0,user_9,ip_14,ip_7,opt_14,opt_7,1
h_dyn_65,H,7.220,10.790,18.010,12.019,hg_2,cdn_5,user_14,ip_4,ip_31,opt_4,opt_31,2
h_dyn_66,H,7.280,6.317,13.596,5.953,hg_2,cdn_5,user_17,ip_4,ip_23,opt_4,opt_23,1
h_dyn_67,H,7.281,7.678,14.959,4.241,hg_2,cdn_5,user_1,ip_4,ip_7,opt_4,opt_7,2
bg_dyn_32,BG,7.340,13.947,21.287,13.364,,,,,,opt_27,opt_3,1
h_dyn_68,H,7.388,7.286,14.674,13.074,hg_2,cdn_5,user_9,ip_4,ip_7,opt_4,opt_7,2
bg_dyn_33,BG,7.474,5.615,13.090,8.994,,,,,,opt_20,opt_7,1
h_dyn_69,H,7.558,9.049,16.607,6.540,hg_1,cdn_3,user_8,ip_29,ip_6,opt_29,opt_6,1
bg_dyn_34,BG,7.596,12.103,19.699,11.924,,,,,,opt_28,opt_7,1
bg_dyn_35,BG,7.627,7.215,14.843,8.137,,,,,,opt_3,opt_9,1
h_dyn_70,H,7.812,9.935,17.747,15.185,hg_1,cdn_3,user_14,ip_29,ip_31,opt_29,opt_31,1
h_dyn_71,H,7.976,10.448,18.424,7.867,hg_2,cdn_4,user_1,ip_14,ip_7,opt_14,opt_7,1
h_dyn_72,H,8.016,9.420,17.436,11.948,hg_3,cdn_7,user_1,ip_28,ip_7,opt_28,opt_7,1
h_dyn_73,H,8.052,10.418,18.470,13.954,hg_2,cdn_5,user_29,ip_4,ip_29,opt_4,opt_29,2
h_dyn_74,H,8.126,12.260,20.386,4.565,hg_1,cdn_3,user_20,ip_29,ip_27,opt_29,opt_27,1
h_dyn_75,H,8.336,5.108,13.443,9.882,hg_0,cdn_1,user_21,ip_4,ip_21,opt_4,opt_21,2
bg_dyn_36,BG,8.352,13.569,21.921,8.833,,,,,,opt_2,opt_12,1
bg_dyn_37,BG,8.381,11.413,19.794,7.954,,,,,,opt_5,opt_29,1
h_dyn_76,H,8.434,9.146,17.580,7.863,hg_3,cdn_6,user_27,ip_13,ip_23,opt_13,opt_23,2
h_dyn_77,H,8.480,11.190,19.670,9.240,hg_3,cdn_6,user_27,ip_13,ip_23,opt_13,opt_23,2
h_dyn_78,H,8.535,6.973,15.507,9.437,hg_4,cdn_8,user_26,ip_11,ip_4,opt_11,opt_4,2
h_dyn_79,H,8.613,6.689,15.302,12.907,hg_0,cdn_1,user_17,ip_4,ip_23,opt_4,opt_23,1
h_dyn_80,H,8.714,10.611,19.326,7.549,hg_2,cdn_4,user_28,ip_14,ip_18,opt_14,opt_18,1
h_dyn_81,H,8.954,7.435,16.390,8.874,hg_3,cdn_6,user_18,ip_13,ip_31,opt_13,opt_31,2
h_dyn_82,H,8.955,6.607,15.562,10.097,hg_3,cdn_6,user_18,ip_13,ip_31,opt_13,opt_31,2
h_dyn_83,H,9.159,6.369,15.528,7.434,hg_0,cdn_1,user_29,ip_4,ip_29,opt_4,opt_29,2
bg_dyn_38,BG,9.213,8.842,18.055,13.965,,,,,,opt_26,opt_17,1
h_dyn_84,H,9.223,11.337,20.560,4.893,hg_3,cdn_7,user_20,ip_28,ip_27,opt_28,opt_27,2
h_dyn_85,H,9.223,5.936,15.159,9.034,hg_4,cdn_8,user_7,ip_11,ip_17,opt_11,opt_17,1
h_dyn_86,H,9.238,8.646,17.884,8.014,hg_0,cdn_1,user_10,ip_4,ip_13,opt_4,opt_13,1
bg_dyn_39,BG,9.313,12.914,22.227,10.940,,,,,,opt_25,opt_10,1
h_dyn_87,H,9.383,5.494,14.877,8.171,hg_4,cdn_8,user_17,ip_11,ip_23,opt_11,opt_23,2
bg_dyn_40,BG,9.386,14.284,23.670,9.451,,,,,,opt_11,opt_3,1
bg_dyn_41,BG,9.397,7.011,16.408,13.330,,,,,,opt_24,opt_8,2
h_dyn_88,H,9.473,6.591,16.064,13.899,hg_0,cdn_0,user_15,ip_14,ip_8,opt_14,opt_8,1
bg_dyn_42,BG,9.507,12.304,21.811,12.099,,,,,,opt_20,opt_10,1
h_dyn_89,H,9.529,11.855,21.384,6.955,hg_0,cdn_1,user_1,ip_4,ip_7,opt_4,opt_7,2
h_dyn_90,H,9.561,9.095,18.656,10.851,hg_2,cdn_4,user_4,ip_14,ip_2,opt_14,opt_2,1
bg_dyn_43,BG,9.679,9.478,19.157,11.706,,,,,,opt_20,opt_17,1
bg_dyn_44,BG,9.731,5.921,15.652,10.735,,,,,,opt_21,opt_18,1
h_dyn_91,H,9.845,14.622,24.467,6.351,hg_3,cdn_7,user_5,ip_28,ip_11,opt_28,opt_11,1
h_dyn_92,H,9.941,8.550,18.491,12.787,hg_3,cdn_6,user_15,ip_13,ip_8,opt_13,opt_8,2
h_dyn_93,H,10.058,7.125,17.183,10.119,hg_1,cdn_3,user_28,ip_29,ip_18,opt_29,opt_18,2
h_dyn_94,H,10.210,14.254,24.464,10.002,hg_2,cdn_4,user_9,ip_14,ip_7,opt_14,opt_7,1
h_dyn_95,H,10.324,11.448,21.772,15.030,hg_3,cdn_6,user_26,ip_13,ip_4,opt_13,opt_4,1
bg_dyn_45,BG,10.374,5.377,15.751,9.387,,,,,,opt_14,opt_8,1
bg_dyn_46,BG,10.512,11.546,22.059,6.695,,,,,,opt_14,opt_18,1
h_dyn_96,H,10.527,9.524,20.051,9.948,hg_4,cdn_8,user_26,ip_11,ip_4,opt_11,opt_4,2
h_dyn_97,H,10.558,13.601,24.159,8.377,hg_0,cdn_1,user_2,ip_4,ip_1,opt_4,opt_1,3
h_dyn_98,H,10.768,5.168,15.936,10.735,hg_0,cdn_1,user_10,ip_4,ip_13,opt_4,opt_13,1
h_dyn_99,H,10.829,10.725,21.554,11.724,hg_2,cdn_4,user_19,ip_14,ip_4,opt_14,opt_4,1
h_dyn_100,H,10.836,12.283,23.119,11.469,hg_3,cdn_6,user_26,ip_13,ip_4,opt_13,opt_4,1
h_dyn_101,H,10.920,13.910,24.830,5.130,hg_0,cdn_0,user_9,ip_14,ip_7,opt_14,opt_7,1
h_dyn_102,H,10.973,9.218,20.191,12.611,hg_0,cdn_1,user_22,ip_4,ip_13,opt_4,opt_13,1
h_dyn_103,H,11.187,8.515,19.701,11.559,hg_2,cdn_4,user_3,ip_14,ip_6,opt_14,opt_6,1
h_dyn_104,H,11.238,7.104,18.342,7.357,hg_2,cdn_4,user_16,ip_14,ip_29,opt_14,opt_29,2
h_dyn_105,H,11.435,6.356,17.791,10.547,hg_4,cdn_8,user_9,ip_11,ip_7,opt_11,opt_7,1
h_dyn_106,H,11.497,9.022,20.519,10.762,hg_4,cdn_9,user_15,ip_1,ip_8,opt_1,opt_8,2
h_dyn_107,H,11.639,7.212,18.852,9.868,hg_1,cdn_3,user_11,ip_29,ip_23,opt_29,opt_23,1
h_dyn_108,H,11.658,7.154,18.812,9.558,hg_0,cdn_1,user_20,ip_4,ip_27,opt_4,opt_27,1
h_dyn_109,H,11.658,5.971,17.630,10.339,hg_3,cdn_6,user_16,ip_13,ip_29,opt_13,opt_29,2
h_dyn_110,H,11.660,10.284,21.944,15.019,hg_1,cdn_3,user_10,ip_29,ip_13,opt_29,opt_13,2
h_dyn_111,H,11.675,6.749,18.423,8.108,hg_1,cdn_3,user_18,ip_29,ip_31,opt_29,opt_31,1
h_dyn_112,H,11.724,10.707,22.431,12.075,hg_2,cdn_4,user_11,ip_14,ip_23,opt_14,opt_23,2
bg_dyn_47,BG,11.734,14.701,26.435,9.334,,,,,,opt_14,opt_4,1
h_dyn_113,H,11.740,12.637,24.377,6.525,hg_4,cdn_9,user_17,ip_1,ip_23,opt_1,opt_23,3
h_dyn_114,H,11.762,5.660,17.422,8.343,hg_1,cdn_2,user_5,ip_28,ip_11,opt_28,opt_11,1
bg_dyn_48,BG,11.780,11.246,23.026,12.722,,,,,,opt_2,opt_29,1
bg_dyn_49,BG,11.817,6.384,18.201,9.246,,,,,,opt_29,opt_23,1
h_dyn_115,H,11.882,7.214,19.096,16.693,hg_0,cdn_0,user_9,ip_14,ip_7,opt_14,opt_7,1
bg_dyn_50,BG,11.886,12.437,24.324,9.641,,,,,,opt_25,opt_11,1
h_dyn_116,H,11.929,12.505,24.433,14.926,hg_1,cdn_3,user_18,ip_29,ip_31,opt_29,opt_31,1
h_dyn_117,H,12.016,7.712,19.728,15.704,hg_3,cdn_7,user_29,ip_28,ip_29,opt_28,opt_29,2
h_dyn_118,H,12.058,10.948,23.006,8.944,hg_2,cdn_4,user_7,ip_14,ip_17,opt_14,opt_17,2
h_dyn_119,H,12.103,5.959,18.062,11.714,hg_4,cdn_8,user_6,ip_11,ip_19,opt_11,opt_19,2
h_dyn_120,H,12.105,10.971,23.076,10.507,hg_1,cdn_3,user_27,ip_29,ip_23,opt_29,opt_23,1
h_dyn_121,H,12.377,11.141,23.518,8.236,hg_0,cdn_0,user_8,ip_14,ip_6,opt_14,opt_6,1
h_dyn_122,H,12.554,5.817,18.370,11.936,hg_4,cdn_8,user_19,ip_11,ip_4,opt_11,opt_4,2
bg_dyn_51,BG,12.556,9.248,21.804,8.318,,,,,,opt_2,opt_20,3
h_dyn_123,H,12.722,5.232,17.955,14.679,hg_2,cdn_4,user_1,ip_14,ip_7,opt_14,opt_7,1
h_dyn_124,H,12.915,6.298,19.213,13.609,hg_2,cdn_4,user_19,ip_14,ip_4,opt_14,opt_4,1
h_dyn_125,H,12.958,10.263,23.221,13.307,hg_0,cdn_0,user_26,ip_14,ip_4,opt_14,opt_4,1
h_dyn_126,H,12.968,8.952,21.920,11.685,hg_3,cdn_7,user_5,ip_28,ip_11,opt_28,opt_11,1
h_dyn_127,H,13.062,13.884,26.946,10.727,hg_2,cdn_4,user_15,ip_14,ip_8,opt_14,opt_8,1
h_dyn_128,H,13.274,13.495,26.769,11.050,hg_2,cdn_4,user_3,ip_14,ip_6,opt_14,opt_6,1
h_dyn_129,H,13.330,12.936,26.266,11.978,hg_0,cdn_0,user_19,ip_14,ip_4,opt_14,opt_4,1
h_dyn_130,H,13.440,9.787,23.227,2.235,hg_3,cdn_6,user_7,ip_13,ip_17,opt_13,opt_17,3
h_dyn_131,H,13.510,14.540,28.049,11.930,hg_0,cdn_1,user_27,ip_4,ip_23,opt_4,opt_23,1
h_dyn_132,H,13.593,5.918,19.511,14.069,hg_2,cdn_4,user_24,ip_14,ip_6,opt_14,opt_6,1
h_dyn_133,H,13.775,12.386,26.161,13.074,hg_3,cdn_6,user_16,ip_13,ip_29,opt_13,opt_29,2
h_dyn_134,H,13.990,5.036,19.026,10.063,hg_0,cdn_0,user_9,ip_14,ip_7,opt_14,opt_7,1
h_dyn_135,H,14.061,8.037,22.098,13.508,hg_2,cdn_4,user_10,ip_14,ip_13,opt_14,opt_13,1
bg_dyn_52,BG,14.127,10.459,24.586,7.992,,,,,,opt_1,opt_29,2
h_dyn_136,H,14.127,9.208,23.335,11.201,hg_2,cdn_4,user_21,ip_14,ip_21,opt_14,opt_21,2
bg_dyn_53,BG,14.326,5.009,19.336,12.341,,,,,,opt_9,opt_19,1
h_dyn_137,H,14.361,7.914,22.275,4.932,hg_1,cdn_2,user_7,ip_28,ip_17,opt_28,opt_17,2
bg_dyn_54,BG,14.386,6.509,20.895,11.928,,,,,,opt_20,opt_7,1
h_dyn_138,H,14.419,7.361,21.780,8.249,hg_2,cdn_5,user_10,ip_4,ip_13,opt_4,opt_13,1
bg_dyn_55,BG,14.589,11.603,26.192,8.065,,,,,,opt_4,opt_7,2
h_dyn_139,H,14.834,13.311,28.145,10.627,hg_1,cdn_3,user_6,ip_29,ip_19,opt_29,opt_19,2
h_dyn_140,H,14.836,6.897,21.733,14.338,hg_3,cdn_6,user_26,ip_13,ip_4,opt_13,opt_4,1
h_dyn_141,H,14.851,6.375,21.227,13.274,hg_2,cdn_4,user_27,ip_14,ip_23,opt_14,opt_23,2
h_dyn_142,H,14.904,5.097,20.001,14.654,hg_2,cdn_5,user_10,ip_4,ip_13,opt_4,opt_13,1
h_dyn_143,H,15.077,7.029,22.106,13.799,hg_0,cdn_0,user_3,ip_14,ip_6,opt_14,opt_6,1
h_dyn_144,H,15.098,9.483,24.581,7.539,hg_2,cdn_4,user_29,ip_14,ip_29,opt_14,opt_29,2
h_dyn_145,H,15.106,6.972,22.079,7.723,hg_1,cdn_3,user_26,ip_29,ip_4,opt_29,opt_4,2
h_dyn_146,H,15.371,10.703,26.075,5.599,hg_2,cdn_4,user_16,ip_14,ip_29,opt_14,opt_29,2
h_dyn_147,H,15.397,7.731,23.128,7.002,hg_0,cdn_0,user_15,ip_14,ip_8,opt_14,opt_8,1
h_dyn_148,H,15.506,13.671,29.177,10.872,hg_2,cdn_4,user_28,ip_14,ip_18,opt_14,opt_18,1
h_dyn_149,H,15.527,12.073,27.600,8.234,hg_0,cdn_0,user_6,ip_14,ip_19,opt_14,opt_19,2
bg_dyn_56,BG,15.692,10.597,26.289,12.944,,,,,,opt_27,opt_6,2
bg_dyn_57,BG,15.956,10.833,26.789,10.682,,,,,,opt_13,opt_14,1
h_dyn_150,H,16.026,5.857,21.883,10.498,hg_1,cdn_3,user_27,ip_29,ip_23,opt_29,opt_23,1
h_dyn_151,H,16.241,5.573,21.814,5.750,hg_4,cdn_9,user_25,ip_1,ip_9,opt_1,opt_9,2
h_dyn_152,H,16.379,14.728,31.107,14.994,hg_1,cdn_3,user_2,ip_29,ip_1,opt_29,opt_1,2
bg_dyn_58,BG,16.527,6.265,22.792,13.152,,,,,,opt_14,opt_1,2
h_dyn_153,H,16.538,6.623,23.160,12.778,hg_1,cdn_3,user_18,ip_29,ip_31,opt_29,opt_31,1
h_dyn_154,H,16.549,14.653,31.201,8.613,hg_3,cdn_6,user_20,ip_13,ip_27,opt_13,opt_27,1
h_dyn_155,H,16.570,7.473,24.044,14.521,hg_0,cdn_0,user_6,ip_14,ip_19,opt_14,opt_19,2
h_dyn_156,H,16.590,6.946,23.537,8.821,hg_4,cdn_8,user_9,ip_11,ip_7,opt_11,opt_7,1
bg_dyn_59,BG,16.598,10.549,27.147,10.744,,,,,,opt_3,opt_18,1
bg_dyn_60,BG,16.602,6.133,22.735,2.520,,,,,,opt_24,opt_5,1
h_dyn_157,H,16.610,5.759,22.369,6.843,hg_0,cdn_0,user_22,ip_14,ip_13,opt_14,opt_13,1
h_dyn_158,H,16.633,13.892,30.525,8.696,hg_4,cdn_8,user_1,ip_11,ip_7,opt_11,opt_7,1
bg_dyn_61,BG,16.646,11.670,28.316,11.664,,,,,,opt_0,opt_13,1
h_dyn_159,H,16.663,10.861,27.523,4.886,hg_1,cdn_3,user_15,ip_29,ip_8,opt_29,opt_8,2
bg_dyn_62,BG,16.793,11.552,28.345,9.834,,,,,,opt_26,opt_17,1
h_dyn_160,H,16.805,5.739,22.544,7.983,hg_1,cdn_2,user_13,ip_28,ip_17,opt_28,opt_17,2
h_dyn_161,H,16.892,7.827,24.718,13.217,hg_4,cdn_8,user_21,ip_11,ip_21,opt_11,opt_21,2
h_dyn_162,H,16.914,10.407,27.321,12.697,hg_0,cdn_0,user_19,ip_14,ip_4,opt_14,opt_4,1
h_dyn_163,H,16.930,5.398,22.328,11.739,hg_1,cdn_3,user_3,ip_29,ip_6,opt_29,opt_6,1
h_dyn_164,H,17.019,11.820,28.839,6.493,hg_2,cdn_5,user_20,ip_4,ip_27,opt_4,opt_27,1
bg_dyn_63,BG,17.041,9.828,26.868,7.778,,,,,,opt_16,opt_30,1
bg_dyn_64,BG,17.110,14.075,31.185,8.669,,,,,,opt_22,opt_14,2
h_dyn_165,H,17.125,14.645,31.770,6.744,hg_1,cdn_2,user_1,ip_28,ip_7,opt_28,opt_7,1
h_dyn_166,H,17.220,10.037,27.258,10.526,hg_4,cdn_9,user_21,ip_1,ip_21,opt_1,opt_21,1
bg_dyn_65,BG,17.278,7.318,24.596,10.558,,,,,,opt_24,opt_10,1
h_dyn_167,H,17.445,6.605,24.050,6.453,hg_2,cdn_4,user_29,ip_14,ip_29,opt_14,opt_29,2
h_dyn_168,H,17.559,9.282,26.841,13.846,hg_1,cdn_3,user_19,ip_29,ip_4,opt_29,opt_4,2
h_dyn_169,H,17.610,7.765,25.375,4.228,hg_1,cdn_2,user_9,ip_28,ip_7,opt_28,opt_7,1
h_dyn_170,H,17.647,10.126,27.773,10.148,hg_2,cdn_4,user_2,ip_14,ip_1,opt_14,opt_1,2
h_dyn_171,H,17.668,9.187,26.855,11.357,hg_3,cdn_7,user_21,ip_28,ip_21,opt_28,opt_21,2
h_dyn_172,H,17.672,5.795,23.466,11.632,hg_2,cdn_4,user_15,ip_14,ip_8,opt_14,opt_8,1
h_dyn_173,H,17.713,5.071,22.784,10.504,hg_0,cdn_0,user_17,ip_14,ip_23,opt_14,opt_23,2
bg_dyn_66,BG,17.758,10.872,28.630,13.272,,,,,,opt_25,opt_28,1
h_dyn_174,H,17.802,6.614,24.416,9.396,hg_3,cdn_7,user_18,ip_28,ip_31,opt_28,opt_31,3
bg_dyn_67,BG,17.838,8.011,25.849,9.825,,,,,,opt_17,opt_9,1
h_dyn_175,H,18.026,13.049,31.075,7.257,hg_1,cdn_3,user_14,ip_29,ip_31,opt_29,opt_31,1
h_dyn_176,H,18.110,13.492,31.601,10.334,hg_3,cdn_7,user_1,ip_28,ip_7,opt_28,opt_7,1
h_dyn_177,H,18.146,9.228,27.374,10.101,hg_4,cdn_9,user_13,ip_1,ip_17,opt_1,opt_17,2
h_dyn_178,H,18.206,8.130,26.336,14.029,hg_4,cdn_8,user_13,ip_11,ip_17,opt_11,opt_17,1
h_dyn_179,H,18.246,10.138,28.384,12.451,hg_3,cdn_6,user_20,ip_13,ip_27,opt_13,opt_27,1
h_dyn_180,H,18.486,14.720,33.206,11.552,hg_0,cdn_1,user_11,ip_4,ip_23,opt_4,opt_23,1
h_dyn_181,H,18.539,5.533,24.072,14.546,hg_0,cdn_1,user_17,ip_4,ip_23,opt_4,opt_23,1
h_dyn_182,H,18.730,5.867,24.597,8.517,hg_2,cdn_4,user_26,ip_14,ip_4,opt_14,opt_4,1
h_dyn_183,H,18.835,7.787,26.622,12.999,hg_2,cdn_5,user_22,ip_4,ip_13,opt_4,opt_13,1
h_dyn_184,H,18.872,13.483,32.355,10.375,hg_3,cdn_7,user_27,ip_28,ip_23,opt_28,opt_23,3
bg_dyn_68,BG,18.880,7.284,26.164,8.394,,,,,,opt_3,opt_16,1
h_dyn_185,H,18.893,5.775,24.668,16.348,hg_1,cdn_3,user_18,ip_29,ip_31,opt_29,opt_31,1
h_dyn_186,H,18.915,9.416,28.331,6.559,hg_2,cdn_4,user_12,ip_14,ip_1,opt_14,opt_1,2
h_dyn_187,H,18.975,6.183,25.157,9.208,hg_2,cdn_5,user_24,ip_4,ip_6,opt_4,opt_6,2
bg_dyn_69,BG,18.984,14.541,33.525,10.521,,,,,,opt_14,opt_2,1
bg_dyn_70,BG,19.019,13.711,32.730,9.948,,,,,,opt_27,opt_3,1
h_dyn_188,H,19.093,6.006,25.099,7.794,hg_1,cdn_3,user_14,ip_29,ip_31,opt_29,opt_31,1
h_dyn_189,H,19.106,13.204,32.310,13.670,hg_1,cdn_2,user_1,ip_28,ip_7,opt_28,opt_7,1
h_dyn_190,H,19.112,9.474,28.586,10.506,hg_2,cdn_4,user_19,ip_14,ip_4,opt_14,opt_4,1
h_dyn_191,H,19.193,6.419,25.612,2.726,hg_4,cdn_8,user_29,ip_11,ip_29,opt_11,opt_29,2
h_dyn_192,H,19.218,5.261,24.479,10.124,hg_2,cdn_5,user_29,ip_4,ip_29,opt_4,opt_29,2
h_dyn_193,H,19.321,7.587,26.908,15.162,hg_1,cdn_2,user_1,ip_28,ip_7,opt_28,opt_7,1
h_dyn_194,H,19.374,6.772,26.147,6.195,hg_1,cdn_3,user_27,ip_29,ip_23,opt_29,opt_23,1
h_dyn_195,H,19.401,14.417,33.817,8.214,hg_4,cdn_8,user_13,ip_11,ip_17,opt_11,opt_17,1
bg_dyn_71,BG,19.414,5.643,25.057,4.193,,,,,,opt_25,opt_20,1
bg_dyn_72,BG,19.443,6.629,26.072,9.378,,,,,,opt_7,opt_15,3
bg_dyn_73,BG,19.514,5.176,24.690,11.389,,,,,,opt_13,opt_4,1
h_dyn_196,H,19.623,5.185,24.808,8.379,hg_0,cdn_0,user_8,ip_14,ip_6,opt_14,opt_6,1
bg_dyn_74,BG,19.652,11.638,31.290,12.695,,,,,,opt_28,opt_7,1
h_dyn_197,H,19.764,14.353,34.117,8.618,hg_4,cdn_8,user_20,ip_11,ip_27,opt_11,opt_27,1
bg_dyn_75,BG,19.834,14.453,34.288,6.632,,,,,,opt_24,opt_21,1
h_dyn_198,H,19.839,6.761,26.600,9.501,hg_4,cdn_8,user_13,ip_11,ip_17,opt_11,opt_17,1
h_dyn_199,H,19.868,5.182,25.051,11.805,hg_0,cdn_0,user_4,ip_14,ip_2,opt_14,opt_2,1
h_dyn_200,H,20.137,11.237,31.374,15.996,hg_2,cdn_4,user_19,ip_14,ip_4,opt_14,opt_4,1
bg_dyn_76,BG,20.147,6.773,26.920,9.878,,,,,,opt_9,opt_27,1
bg_dyn_77,BG,20.150,6.971,27.122,4.563,,,,,,opt_8,opt_28,3
bg_dyn_78,BG,20.260,7.958,28.218,4.665,,,,,,opt_23,opt_2,1
h_dyn_201,H,20.306,5.206,25.512,3.230,hg_0,cdn_0,user_7,ip_14,ip_17,opt_14,opt_17,2
h_dyn_202,H,20.529,10.634,31.163,8.433,hg_3,cdn_7,user_19,ip_28,ip_4,opt_28,opt_4,3
h_dyn_203,H,20.575,8.599,29.175,12.395,hg_2,cdn_4,user_7,ip_14,ip_17,opt_14,opt_17,2
h_dyn_204,H,20.634,6.089,26.723,7.476,hg_2,cdn_4,user_20,ip_14,ip_27,opt_14,opt_27,2
h_dyn_205,H,20.638,11.385,32.023,13.956,hg_2,cdn_4,user_15,ip_14,ip_8,opt_14,opt_8,1
h_dyn_206,H,20.676,8.508,29.184,10.632,hg_3,cdn_7,user_17,ip_28,ip_23,opt_28,opt_23,3
bg_dyn_79,BG,20.710,11.590,32.300,9.338,,,,,,opt_25,opt_10,1
h_dyn_207,H,21.207,9.058,30.264,9.713,hg_1,cdn_3,user_3,ip_29,ip_6,opt_29,opt_6,1
h_dyn_208,H,21.541,14.120,35.662,13.934,hg_2,cdn_5,user_0,ip_4,ip_19,opt_4,opt_19,3
bg_dyn_80,BG,21.682,6.553,28.235,11.974,,,,,,opt_31,opt_14,2
h_dyn_209,H,21.807,8.447,30.254,4.800,hg_1,cdn_3,user_28,ip_29,ip_18,opt_29,opt_18,2
bg_dyn_81,BG,21.909,5.371,27.279,9.605,,,,,,opt_16,opt_4,1
bg_dyn_82,BG,22.161,5.049,27.210,7.981,,,,,,opt_11,opt_25,1
h_dyn_210,H,22.397,6.187,28.584,9.173,hg_4,cdn_9,user_13,ip_1,ip_17,opt_1,opt_17,2
h_dyn_211,H,22.409,11.551,33.960,13.192,hg_0,cdn_1,user_20,ip_4,ip_27,opt_4,opt_27,1
h_dyn_212,H,22.456,11.910,34.366,6.514,hg_3,cdn_7,user_29,ip_28,ip_29,opt_28,opt_29,2
h_dyn_213,H,22.499,6.314,28.813,10.755,hg_4,cdn_9,user_1,ip_1,ip_7,opt_1,opt_7,2
h_dyn_214,H,22.549,8.374,30.923,4.571,hg_3,cdn_6,user_23,ip_13,ip_1,opt_13,opt_1,3
bg_dyn_83,BG,22.663,7.710,30.373,11.829,,,,,,opt_11,opt_21,2
h_dyn_215,H,22.713,11.626,34.339,13.822,hg_0,cdn_0,user_26,ip_14,ip_4,opt_14,opt_4,1
h_dyn_216,H,22.738,7.893,30.632,11.387,hg_4,cdn_9,user_15,ip_1,ip_8,opt_1,opt_8,2
h_dyn_217,H,22.812,7.313,30.125,7.757,hg_0,cdn_0,user_15,ip_14,ip_8,opt_14,opt_8,1
bg_dyn_84,BG,22.827,12.796,35.623,13.443,,,,,,opt_11,opt_20,1
h_dyn_218,H,22.841,12.424,35.265,15.764,hg_1,cdn_3,user_15,ip_29,ip_8,opt_29,opt_8,2
h_dyn_219,H,23.049,13.321,36.370,4.456,hg_3,cdn_7,user_7,ip_28,ip_17,opt_28,opt_17,2
bg_dyn_85,BG,23.225,8.850,32.075,9.225,,,,,,opt_10,opt_25,1
h_dyn_220,H,23.268,5.395,28.663,10.096,hg_2,cdn_4,user_1,ip_14,ip_7,opt_14,opt_7,1
h_dyn_221,H,23.328,9.042,32.369,10.914,hg_3,cdn_7,user_29,ip_28,ip_29,opt_28,opt_29,2
h_dyn_222,H,23.353,5.678,29.030,12.085,hg_0,cdn_1,user_27,ip_4,ip_23,opt_4,opt_23,1
bg_dyn_86,BG,23.441,5.250,28.691,13.488,,,,,,opt_11,opt_8,2
h_dyn_223,H,23.656,5.276,28.932,7.377,hg_2,cdn_5,user_17,ip_4,ip_23,opt_4,opt_23,1
bg_dyn_87,BG,23.695,6.201,29.896,10.830,,,,,,opt_1,opt_25,1
h_dyn_224,H,23.767,11.991,35.759,8.485,hg_0,cdn_0,user_19,ip_14,ip_4,opt_14,opt_4,1
h_dyn_225,H,23.795,13.606,37.401,6.124,hg_3,cdn_7,user_1,ip_28,ip_7,opt_28,opt_7,1
bg_dyn_88,BG,23.827,10.444,34.271,5.440,,,,,,opt_11,opt_24,1
h_dyn_226,H,23.846,8.834,32.681,16.781,hg_1,cdn_3,user_5,ip_29,ip_11,opt_29,opt_11,2
bg_dyn_89,BG,23.855,9.057,32.912,7.397,,,,,,opt_19,opt_7,1
bg_dyn_90,BG,23.863,7.634,31.496,10.033,,,,,,opt_27,opt_11,1
h_dyn_227,H,23.949,6.679,30.628,13.020,hg_3,cdn_6,user_28,ip_13,ip_18,opt_13,opt_18,1
h_dyn_228,H,24.033,9.775,33.808,13.559,hg_4,cdn_8,user_26,ip_11,ip_4,opt_11,opt_4,2
bg_dyn_91,BG,24.123,6.439,30.562,12.039,,,,,,opt_29,opt_12,1
bg_dyn_92,BG,24.210,7.464,31.674,10.586,,,,,,opt_19,opt_11,2
h_dyn_229,H,24.240,12.420,36.659,6.586,hg_3,cdn_6,user_18,ip_13,ip_31,opt_13,opt_31,2
h_dyn_230,H,24.311,10.365,34.677,7.799,hg_0,cdn_0,user_20,ip_14,ip_27,opt_14,opt_27,2
bg_dyn_93,BG,24.400,7.435,31.834,12.946,,,,,,opt_21,opt_1,1
bg_dyn_94,BG,24.503,6.276,30.778,9.063,,,,,,opt_12,opt_21,1
h_dyn_231,H,24.603,13.244,37.847,11.537,hg_2,cdn_5,user_9,ip_4,ip_7,opt_4,opt_7,2
bg_dyn_95,BG,24.643,7.994,32.637,12.215,,,,,,opt_2,opt_23,1
h_dyn_232,H,24.733,13.740,38.473,9.056,hg_0,cdn_1,user_17,ip_4,ip_23,opt_4,opt_23,1
h_dyn_233,H,24.784,10.758,35.541,12.546,hg_3,cdn_6,user_28,ip_13,ip_18,opt_13,opt_18,1
bg_dyn_96,BG,24.913,9.245,34.157,7.790,,,,,,opt_28,opt_5,1
bg_dyn_97,BG,24.914,5.994,30.908,6.291,,,,,,opt_16,opt_3,1
h_dyn_234,H,24.955,8.519,33.474,5.703,hg_2,cdn_4,user_19,ip_14,ip_4,opt_14,opt_4,1
bg_dyn_98,BG,25.028,12.657,37.685,10.528,,,,,,opt_16,opt_3,1
h_dyn_235,H,25.142,10.040,35.182,7.687,hg_4,cdn_8,user_23,ip_11,ip_1,opt_11,opt_1,1
h_dyn_236,H,25.324,13.488,38.812,5.740,hg_2,cdn_5,user_11,ip_4,ip_23,opt_4,opt_23,1
bg_dyn_99,BG,25.388,11.847,37.235,9.564,,,,,,opt_21,opt_20,1
bg_dyn_100,BG,25.478,7.191,32.669,11.702,,,,,,opt_7,opt_24,1
h_dyn_237,H,25.533,5.388,30.921,13.158,hg_1,cdn_3,user_10,ip_29,ip_13,opt_29,opt_13,2
h_dyn_238,H,25.782,5.210,30.993,8.348,hg_1,cdn_3,user_11,ip_29,ip_23,opt_29,opt_23,1
bg_dyn_101,BG,25.826,7.268,33.094,6.302,,,,,,opt_21,opt_12,1
bg_dyn_102,BG,25.900,11.696,37.595,8.360,,,,,,opt_10,opt_17,1
h_dyn_239,H,25.900,5.264,31.164,8.261,hg_1,cdn_3,user_19,ip_29,ip_4,opt_29,opt_4,2
h_dyn_240,H,26.304,5.619,31.924,8.072,hg_2,cdn_5,user_5,ip_4,ip_11,opt_4,opt_11,2
h_dyn_241,H,26.382,7.259,33.641,9.718,hg_1,cdn_3,user_9,ip_29,ip_7,opt_29,opt_7,2
h_dyn_242,H,26.473,8.533,35.007,6.946,hg_1,cdn_2,user_18,ip_28,ip_31,opt_28,opt_31,3
h_dyn_243,H,26.624,8.745,35.369,5.056,hg_3,cdn_6,user_19,ip_13,ip_4,opt_13,opt_4,1
h_dyn_244,H,26.637,9.285,35.922,12.264,hg_2,cdn_4,user_17,ip_14,ip_23,opt_14,opt_23,2
h_dyn_245,H,26.734,8.361,35.095,13.500,hg_3,cdn_7,user_7,ip_28,ip_17,opt_28,opt_17,2
h_dyn_246,H,26.988,10.423,37.411,11.849,hg_1,cdn_2,user_26,ip_28,ip_4,opt_28,opt_4,3
h_dyn_247,H,27.048,14.650,41.698,10.346,hg_4,cdn_8,user_25,ip_11,ip_9,opt_11,opt_9,2
h_dyn_248,H,27.153,9.753,36.906,12.415,hg_0,cdn_0,user_12,ip_14,ip_1,opt_14,opt_1,2
h_dyn_249,H,27.409,5.508,32.916,13.685,hg_2,cdn_4,user_15,ip_14,ip_8,opt_14,opt_8,1
h_dyn_250,H,27.564,5.328,32.892,7.503,hg_1,cdn_3,user_26,ip_29,ip_4,opt_29,opt_4,2
bg_dyn_103,BG,27.568,10.649,38.217,13.897,,,,,,opt_17,opt_11,1
bg_dyn_104,BG,27.647,5.747,33.394,9.366,,,,,,opt_13,opt_21,2
h_dyn_251,H,27.652,6.409,34.061,9.814,hg_1,cdn_2,user_7,ip_28,ip_17,opt_28,opt_17,2
bg_dyn_105,BG,27.842,10.051,37.894,14.080,,,,,,opt_7,opt_11,1
h_dyn_252,H,27.852,10.315,38.168,15.244,hg_2,cdn_4,user_3,ip_14,ip_6,opt_14,opt_6,1
bg_dyn_106,BG,27.937,6.062,33.999,6.409,,,,,,opt_29,opt_23,1
h_dyn_253,H,28.004,6.090,34.094,8.649,hg_0,cdn_0,user_3,ip_14,ip_6,opt_14,opt_6,1
h_dyn_254,H,28.240,14.522,42.761,11.136,hg_2,cdn_4,user_26,ip_14,ip_4,opt_14,opt_4,1
h_dyn_255,H,28.267,12.616,40.883,9.940,hg_0,cdn_0,user_1,ip_14,ip_7,opt_14,opt_7,1
bg_dyn_107,BG,28.319,6.025,34.344,7.709,,,,,,opt_23,opt_12,1
bg_dyn_108,BG,28.397,10.256,38.653,6.861,,,,,,opt_4,opt_13,1
h_dyn_256,H,28.433,8.452,36.885,11.716,hg_0,cdn_1,user_3,ip_4,ip_6,opt_4,opt_6,2
h_dyn_257,H,28.828,9.382,38.211,6.142,hg_3,cdn_6,user_21,ip_13,ip_21,opt_13,opt_21,2
h_dyn_258,H,28.877,11.512,40.389,6.865,hg_3,cdn_6,user_17,ip_13,ip_23,opt_13,opt_23,2
h_dyn_259,H,28.925,10.929,39.853,10.609,hg_0,cdn_0,user_10,ip_14,ip_13,opt_14,opt_13,1
h_dyn_260,H,28.934,8.043,36.977,8.750,hg_0,cdn_0,user_10,ip_14,ip_13,opt_14,opt_13,1
bg_dyn_109,BG,28.949,14.058,43.007,9.495,,,,,,opt_18,opt_16,1
h_dyn_261,H,29.017,5.099,34.115,8.208,hg_3,cdn_7,user_5,ip_28,ip_11,opt_28,opt_11,1
h_dyn_262,H,29.041,6.188,35.229,13.825,hg_0,cdn_0,user_27,ip_14,ip_23,opt_14,opt_23,2
h_dyn_263,H,29.045,8.389,37.434,11.300,hg_2,cdn_4,user_25,ip_14,ip_9,opt_14,opt_9,2
h_dyn_264,H,29.080,12.746,41.826,12.681,hg_3,cdn_6,user_14,ip_13,ip_31,opt_13,opt_31,2
bg_dyn_110,BG,29.199,14.959,44.157,9.263,,,,,,opt_9,opt_18,2
h_dyn_265,H,29.266,10.504,39.770,11.492,hg_0,cdn_1,user_11,ip_4,ip_23,opt_4,opt_23,1
bg_dyn_111,BG,29.276,5.762,35.037,10.767,,,,,,opt_11,opt_7,1
h_dyn_266,H,29.521,13.743,43.264,9.509,hg_0,cdn_0,user_26,ip_14,ip_4,opt_14,opt_4,1
h_dyn_267,H,29.640,13.578,43.218,9.589,hg_4,cdn_8,user_7,ip_11,ip_17,opt_11,opt_17,1
bg_dyn_112,BG,29.731,6.967,36.698,9.014,,,,,,opt_14,opt_3,1
h_dyn_268,H,29.740,5.293,35.033,11.994,hg_0,cdn_0,user_26,ip_14,ip_4,opt_14,opt_4,1
bg_dyn_113,BG,29.777,10.763,40.540,10.523,,,,,,opt_16,opt_3,1
h_dyn_269,H,29.958,7.376,37.335,8.582,hg_4,cdn_8,user_1,ip_11,ip_7,opt_11,opt_7,1
h_dyn_270,H,29.990,7.287,37.277,10.765,hg_1,cdn_2,user_11,ip_28,ip_23,opt_28,opt_23,3
h_dyn_271,H,30.051,14.769,44.820,8.993,hg_3,cdn_6,user_13,ip_13,ip_17,opt_13,opt_17,3
bg_dyn_114,BG,30.053,9.665,39.718,10.231,,,,,,opt_20,opt_17,1
bg_dyn_115,BG,30.196,6.492,36.688,9.152,,,,,,opt_4,opt_18,1
h_dyn_272,H,30.328,7.983,38.311,8.712,hg_2,cdn_4,user_10,ip_14,ip_13,opt_14,opt_13,1
h_dyn_273,H,30.465,9.716,40.181,7.598,hg_0,cdn_0,user_5,ip_14,ip_11,opt_14,opt_11,2
h_dyn_274,H,30.738,14.670,45.408,9.336,hg_0,cdn_0,user_13,ip_14,ip_17,opt_14,opt_17,2
bg_dyn_116,BG,30.792,10.398,41.190,10.415,,,,,,opt_23,opt_12,1
bg_dyn_117,BG,30.825,6.040,36.864,9.523,,,,,,opt_24,opt_17,1
h_dyn_275,H,30.851,14.816,45.667,9.753,hg_0,cdn_0,user_7,ip_14,ip_17,opt_14,opt_17,2
h_dyn_276,H,30.884,9.072,39.956,6.264,hg_1,cdn_3,user_5,ip_29,ip_11,opt_29,opt_11,2
h_dyn_277,H,31.008,8.944,39.953,10.832,hg_1,cdn_3,user_3,ip_29,ip_6,opt_29,opt_6,1
h_dyn_278,H,31.020,12.951,43.972,7.482,hg_1,cdn_3,user_12,ip_29,ip_1,opt_29,opt_1,2
h_dyn_279,H,31.285,6.494,37.779,10.493,hg_1,cdn_3,user_18,ip_29,ip_31,opt_29,opt_31,1
h_dyn_280,H,31.306,5.022,36.328,10.418,hg_1,cdn_3,user_7,ip_29,ip_17,opt_29,opt_17,3
bg_dyn_118,BG,31.393,6.859,38.252,13.381,,,,,,opt_31,opt_6,1
bg_dyn_119,BG,31.418,13.323,44.741,9.397,,,,,,opt_16,opt_4,1
h_dyn_281,H,31.437,5.067,36.504,7.903,hg_0,cdn_1,user_16,ip_4,ip_29,opt_4,opt_29,2
h_dyn_282,H,31.479,13.783,45.261,10.559,hg_1,cdn_2,user_7,ip_28,ip_17,opt_28,opt_17,2
h_dyn_283,H,31.508,11.480,42.988,8.775,hg_2,cdn_4,user_28,ip_14,ip_18,opt_14,opt_18,1
h_dyn_284,H,31.719,6.105,37.824,9.519,hg_2,cdn_4,user_10,ip_14,ip_13,opt_14,opt_13,1
h_dyn_285,H,31.778,6.341,38.119,4.967,hg_0,cdn_0,user_11,ip_14,ip_23,opt_14,opt_23,2
h_dyn_286,H,31.854,13.175,45.029,12.699,hg_4,cdn_8,user_3,ip_11,ip_6,opt_11,opt_6,2
h_dyn_287,H,31.926,7.886,39.813,10.773,hg_3,cdn_6,user_7,ip_13,ip_17,opt_13,opt_17,3
h_dyn_288,H,32.277,9.105,41.383,7.826,hg_2,cdn_5,user_10,ip_4,ip_13,opt_4,opt_13,1
bg_dyn_120,BG,32.324,14.146,46.470,10.572,,,,,,opt_10,opt_17,1
h_dyn_289,H,32.356,6.502,38.858,9.637,hg_0,cdn_0,user_29,ip_14,ip_29,opt_14,opt_29,2
h_dyn_290,H,32.424,6.620,39.044,6.789,hg_0,cdn_0,user_28,ip_14,ip_18,opt_14,opt_18,1
bg_dyn_121,BG,32.438,9.030,41.468,14.577,,,,,,opt_16,opt_3,1
h_dyn_291,H,32.710,5.011,37.721,7.095,hg_3,cdn_6,user_19,ip_13,ip_4,opt_13,opt_4,1
h_dyn_292,H,32.885,9.992,42.877,12.617,hg_4,cdn_8,user_20,ip_11,ip_27,opt_11,opt_27,1
h_dyn_293,H,32.936,5.596,38.532,7.714,hg_2,cdn_4,user_10,ip_14,ip_13,opt_14,opt_13,1
h_dyn_294,H,33.117,6.988,40.105,9.559,hg_1,cdn_3,user_17,ip_29,ip_23,opt_29,opt_23,1
bg_dyn_122,BG,33.203,5.152,38.354,8.870,,,,,,opt_26,opt_19,1
bg_dyn_123,BG,33.206,9.424,42.629,8.349,,,,,,opt_4,opt_20,3
bg_dyn_124,BG,33.304,9.937,43.241,13.607,,,,,,opt_24,opt_25,1
bg_dyn_125,BG,33.343,14.997,48.340,15.969,,,,,,opt_23,opt_27,1
bg_dyn_126,BG,33.438,5.497,38.935,7.731,,,,,,opt_29,opt_15,1
bg_dyn_127,BG,33.479,5.185,38.663,7.904,,,,,,opt_14,opt_15,2
h_dyn_295,H,33.531,7.735,41.266,10.086,hg_3,cdn_7,user_0,ip_28,ip_19,opt_28,opt_19,2
h_dyn_296,H,33.750,7.343,41.093,9.336,hg_0,cdn_0,user_15,ip_14,ip_8,opt_14,opt_8,1
h_dyn_297,H,33.756,9.539,43.295,11.502,hg_3,cdn_6,user_16,ip_13,ip_29,opt_13,opt_29,2
bg_dyn_128,BG,33.935,11.368,45.303,7.568,,,,,,opt_19,opt_13,2
h_dyn_298,H,34.218,7.907,42.126,13.342,hg_0,cdn_1,user_8,ip_4,ip_6,opt_4,opt_6,2
h_dyn_299,H,34.370,9.875,44.245,15.809,hg_2,cdn_4,user_19,ip_14,ip_4,opt_14,opt_4,1
h_dyn_300,H,34.415,5.043,39.458,12.569,hg_1,cdn_3,user_3,ip_29,ip_6,opt_29,opt_6,1
h_dyn_301,H,34.477,10.459,44.936,5.484,hg_0,cdn_0,user_15,ip_14,ip_8,opt_14,opt_8,1
h_dyn_302,H,34.482,12.163,46.644,11.836,hg_4,cdn_8,user_12,ip_11,ip_1,opt_11,opt_1,1
bg_dyn_129,BG,34.586,11.425,46.011,5.810,,,,,,opt_10,opt_11,1
h_dyn_303,H,34.727,6.214,40.941,8.393,hg_4,cdn_8,user_2,ip_11,ip_1,opt_11,opt_1,1
h_dyn_304,H,34.728,11.383,46.111,7.396,hg_4,cdn_9,user_21,ip_1,ip_21,opt_1,opt_21,1
h_dyn_305,H,34.759,11.693,46.453,8.593,hg_4,cdn_8,user_13,ip_11,ip_17,opt_11,opt_17,1
h_dyn_306,H,34.764,8.854,43.618,15.875,hg_1,cdn_3,user_9,ip_29,ip_7,opt_29,opt_7,2
h_dyn_307,H,34.870,6.133,41.003,8.121,hg_2,cdn_5,user_10,ip_4,ip_13,opt_4,opt_13,1
bg_dyn_130,BG,34.921,5.266,40.187,6.183,,,,,,opt_3,opt_9,1
bg_dyn_131,BG,34.926,9.720,44.647,10.388,,,,,,opt_23,opt_6,2
h_dyn_308,H,35.068,7.939,43.007,13.931,hg_3,cdn_6,user_27,ip_13,ip_23,opt_13,opt_23,2
h_dyn_309,H,35.140,6.961,42.101,7.094,hg_0,cdn_1,user_29,ip_4,ip_29,opt_4,opt_29,2
h_dyn_310,H,35.486,7.224,42.710,12.932,hg_1,cdn_3,user_11,ip_29,ip_23,opt_29,opt_23,1
h_dyn_311,H,35.528,6.260,41.788,7.712,hg_3,cdn_6,user_19,ip_13,ip_4,opt_13,opt_4,1
h_dyn_312,H,35.744,11.547,47.291,9.690,hg_0,cdn_1,user_15,ip_4,ip_8,opt_4,opt_8,2
h_dyn_313,H,35.759,10.387,46.146,8.013,hg_4,cdn_8,user_15,ip_11,ip_8,opt_11,opt_8,2
h_dyn_314,H,35.807,10.118,45.925,14.271,hg_0,cdn_1,user_16,ip_4,ip_29,opt_4,opt_29,2
bg_dyn_132,BG,35.820,6.740,42.560,5.905,,,,,,opt_12,opt_2,1
h_dyn_315,H,35.829,9.009,44.838,9.957,hg_0,cdn_0,user_1,ip_14,ip_7,opt_14,opt_7,1
h_dyn_316,H,35.839,6.876,42.715,11.596,hg_1,cdn_3,user_17,ip_29,ip_23,opt_29,opt_23,1
bg_dyn_133,BG,36.068,13.629,49.697,10.602,,,,,,opt_13,opt_27,1
h_dyn_317,H,36.070,5.949,42.018,6.520,hg_1,cdn_2,user_9,ip_28,ip_7,opt_28,opt_7,1
h_dyn_318,H,36.175,7.808,43.983,8.738,hg_0,cdn_1,user_18,ip_4,ip_31,opt_4,opt_31,2
bg_dyn_134,BG,36.216,6.204,42.421,8.220,,,,,,opt_19,opt_9,1
h_dyn_319,H,36.238,9.387,45.625,9.429,hg_4,cdn_9,user_13,ip_1,ip_17,opt_1,opt_17,2
bg_dyn_135,BG,36.578,11.272,47.850,8.548,,,,,,opt_25,opt_29,1
h_dyn_320,H,36.638,5.235,41.873,4.161,hg_1,cdn_2,user_1,ip_28,ip_7,opt_28,opt_7,1
h_dyn_321,H,36.644,10.946,47.591,11.728,hg_2,cdn_5,user_6,ip_4,ip_19,opt_4,opt_19,3
h_dyn_322,H,36.695,10.140,46.835,10.814,hg_1,cdn_3,user_27,ip_29,ip_23,opt_29,opt_23,1
h_dyn_323,H,36.819,9.250,46.069,8.971,hg_3,cdn_6,user_18,ip_13,ip_31,opt_13,opt_31,2
h_dyn_324,H,36.907,6.188,43.095,9.917,hg_3,cdn_7,user_16,ip_28,ip_29,opt_28,opt_29,2
h_dyn_325,H,37.099,11.756,48.856,7.336,hg_2,cdn_5,user_10,ip_4,ip_13,opt_4,opt_13,1
bg_dyn_136,BG,37.231,10.120,47.351,8.421,,,,,,opt_27,opt_1,2
bg_dyn_137,BG,37.257,10.934,48.191,10.589,,,,,,opt_25,opt_29,1
h_dyn_326,H,37.343,5.438,42.781,11.191,hg_4,cdn_8,user_27,ip_11,ip_23,opt_11,opt_23,2
bg_dyn_138,BG,37.366,13.475,50.842,11.324,,,,,,opt_12,opt_9,1
bg_dyn_139,BG,37.487,7.561,45.048,7.595,,,,,,opt_22,opt_8,3
bg_dyn_140,BG,37.657,8.070,45.727,9.944,,,,,,opt_14,opt_1,2
bg_dyn_141,BG,37.751,6.263,44.014,10.254,,,,,,opt_16,opt_18,1
h_dyn_327,H,37.893,11.684,49.577,7.685,hg_4,cdn_9,user_3,ip_1,ip_6,opt_1,opt_6,1
h_dyn_328,H,38.056,7.614,45.670,10.992,hg_3,cdn_7,user_29,ip_28,ip_29,opt_28,opt_29,2
bg_dyn_142,BG,38.403,5.544,43.947,8.444,,,,,,opt_22,opt_12,1
h_dyn_329,H,38.431,10.754,49.185,9.452,hg_0,cdn_0,user_10,ip_14,ip_13,opt_14,opt_13,1
bg_dyn_143,BG,38.452,13.466,51.918,7.738,,,,,,opt_4,opt_18,1
h_dyn_330,H,38.786,12.434,51.219,9.136,hg_0,cdn_1,user_10,ip_4,ip_13,opt_4,opt_13,1
bg_dyn_144,BG,38.895,8.237,47.132,3.906,,,,,,opt_21,opt_20,1
bg_dyn_145,BG,39.093,8.975,48.068,9.150,,,,,,opt_10,opt_13,3
h_dyn_331,H,39.123,10.781,49.904,5.075,hg_4,cdn_8,user_23,ip_11,ip_1,opt_11,opt_1,1
h_dyn_332,H,39.329,7.137,46.466,12.464,hg_2,cdn_4,user_24,ip_14,ip_6,opt_14,opt_6,1
h_dyn_333,H,39.401,11.867,51.267,13.553,hg_0,cdn_1,user_29,ip_4,ip_29,opt_4,opt_29,2
h_dyn_334,H,39.490,7.431,46.920,12.489,hg_2,cdn_4,user_7,ip_14,ip_17,opt_14,opt_17,2
h_dyn_335,H,39.526,6.597,46.123,5.627,hg_1,cdn_3,user_20,ip_29,ip_27,opt_29,opt_27,1
h_dyn_336,H,39.605,12.052,51.657,9.901,hg_3,cdn_6,user_26,ip_13,ip_4,opt_13,opt_4,1
h_dyn_337,H,39.617,12.820,52.437,14.423,hg_2,cdn_5,user_22,ip_4,ip_13,opt_4,opt_13,1
h_dyn_338,H,39.656,10.028,49.684,7.523,hg_0,cdn_0,user_6,ip_14,ip_19,opt_14,opt_19,2
h_dyn_339,H,39.689,12.584,52.273,8.372,hg_0,cdn_0,user_10,ip_14,ip_13,opt_14,opt_13,1
h_dyn_340,H,39.709,8.200,47.908,6.679,hg_4,cdn_8,user_9,ip_11,ip_7,opt_11,opt_7,1
bg_dyn_146,BG,39.723,6.889,46.612,7.805,,,,,,opt_17,opt_21,1
h_dyn_341,H,39.760,13.210,52.970,13.476,hg_0,cdn_0,user_3,ip_14,ip_6,opt_14,opt_6,1
h_dyn_342,H,39.811,6.896,46.707,7.705,hg_4,cdn_8,user_29,ip_11,ip_29,opt_11,opt_29,2
h_dyn_343,H,39.824,12.858,52.682,11.329,hg_1,cdn_3,user_24,ip_29,ip_6,opt_29,opt_6,1
bg_dyn_147,BG,39.859,6.580,46.439,9.258,,,,,,opt_5,opt_28,1
h_dyn_344,H,40.066,6.617,46.683,12.531,hg_3,cdn_6,user_16,ip_13,ip_29,opt_13,opt_29,2
h_dyn_345,H,40.135,11.123,51.258,6.932,hg_3,cdn_7,user_5,ip_28,ip_11,opt_28,opt_11,1
h_dyn_346,H,40.316,12.114,52.430,7.527,hg_0,cdn_0,user_3,ip_14,ip_6,opt_14,opt_6,1
h_dyn_347,H,40.350,5.719,46.070,9.767,hg_0,cdn_0,user_19,ip_14,ip_4,opt_14,opt_4,1
h_dyn_348,H,40.523,5.798,46.322,10.401,hg_0,cdn_0,user_19,ip_14,ip_4,opt_14,opt_4,1
h_dyn_349,H,40.551,12.565,53.117,11.781,hg_3,cdn_7,user_20,ip_28,ip_27,opt_28,opt_27,2
h_dyn_350,H,40.708,8.730,49.438,10.339,hg_0,cdn_0,user_9,ip_14,ip_7,opt_14,opt_7,1
bg_dyn_148,BG,40.744,8.226,48.970,7.744,,,,,,opt_25,opt_7,1
h_dyn_351,H,40.766,8.858,49.625,7.531,hg_4,cdn_8,user_10,ip_11,ip_13,opt_11,opt_13,2
h_dyn_352,H,40.903,13.295,54.198,9.379,hg_3,cdn_7,user_5,ip_28,ip_11,opt_28,opt_11,1
bg_dyn_149,BG,40.981,7.105,48.086,16.740,,,,,,opt_2,opt_21,2
h_dyn_353,H,41.095,9.529,50.624,15.399,hg_4,cdn_8,user_13,ip_11,ip_17,opt_11,opt_17,1
bg_dyn_150,BG,41.190,8.855,50.045,6.024,,,,,,opt_8,opt_24,2
h_dyn_354,H,41.435,8.454,49.888,6.559,hg_0,cdn_1,user_10,ip_4,ip_13,opt_4,opt_13,1
h_dyn_355,H,41.442,7.348,48.790,8.499,hg_4,cdn_9,user_8,ip_1,ip_6,opt_1,opt_6,1
h_dyn_356,H,41.451,8.997,50.448,17.974,hg_0,cdn_0,user_19,ip_14,ip_4,opt_14,opt_4,1
h_dyn_357,H,41.502,12.821,54.323,7.746,hg_3,cdn_7,user_2,ip_28,ip_1,opt_28,opt_1,2
bg_dyn_151,BG,41.547,13.253,54.800,9.370,,,,,,opt_9,opt_17,1
bg_dyn_152,BG,41.629,9.801,51.430,12.494,,,,,,opt_29,opt_3,1
h_dyn_358,H,41.662,7.637,49.299,5.259,hg_2,cdn_5,user_28,ip_4,ip_18,opt_4,opt_18,1
h_dyn_359,H,42.036,7.542,49.578,6.899,hg_1,cdn_3,user_3,ip_29,ip_6,opt_29,opt_6,1
h_dyn_360,H,42.103,14.900,57.003,12.537,hg_4,cdn_8,user_20,ip_11,ip_27,opt_11,opt_27,1
h_dyn_361,H,42.144,10.296,52.440,14.007,hg_4,cdn_9,user_7,ip_1,ip_17,opt_1,opt_17,2
h_dyn_362,H,42.278,12.073,54.352,9.313,hg_0,cdn_0,user_29,ip_14,ip_29,opt_14,opt_29,2
h_dyn_363,H,42.350,8.851,51.202,9.977,hg_4,cdn_8,user_7,ip_11,ip_17,opt_11,opt_17,1
bg_dyn_153,BG,42.353,9.946,52.299,11.301,,,,,,opt_7,opt_12,2
bg_dyn_154,BG,42.460,10.039,52.499,10.192,,,,,,opt_7,opt_27,1
h_dyn_364,H,42.490,13.763,56.252,15.279,hg_4,cdn_8,user_9,ip_11,ip_7,opt_11,opt_7,1
h_dyn_365,H,42.517,7.863,50.380,13.849,hg_1,cdn_2,user_9,ip_28,ip_7,opt_28,opt_7,1
h_dyn_366,H,42.600,12.796,55.396,10.412,hg_1,cdn_2,user_5,ip_28,ip_11,opt_28,opt_11,1
h_dyn_367,H,42.640,6.797,49.437,8.966,hg_0,cdn_1,user_17,ip_4,ip_23,opt_4,opt_23,1
bg_dyn_155,BG,42.784,6.046,48.830,11.806,,,,,,opt_28,opt_24,1
h_dyn_368,H,42.822,12.232,55.054,15.461,hg_0,cdn_0,user_7,ip_14,ip_17,opt_14,opt_17,2
h_dyn_369,H,42.924,13.033,55.957,12.359,hg_2,cdn_4,user_1,ip_14,ip_7,opt_14,opt_7,1
h_dyn_370,H,43.005,7.657,50.662,5.904,hg_3,cdn_6,user_19,ip_13,ip_4,opt_13,opt_4,1
h_dyn_371,H,43.017,6.875,49.892,8.791,hg_1,cdn_3,user_7,ip_29,ip_17,opt_29,opt_17,3
h_dyn_372,H,43.125,12.388,55.513,4.333,hg_1,cdn_3,user_26,ip_29,ip_4,opt_29,opt_4,2
h_dyn_373,H,43.194,5.428,48.622,8.649,hg_1,cdn_2,user_15,ip_28,ip_8,opt_28,opt_8,3
bg_dyn_156,BG,43.213,10.429,53.643,10.698,,,,,,opt_21,opt_18,1
h_dyn_374,H,43.241,11.467,54.708,14.694,hg_2,cdn_4,user_15,ip_14,ip_8,opt_14,opt_8,1
bg_dyn_157,BG,43.322,11.185,54.508,9.033,,,,,,opt_18,opt_4,1
h_dyn_375,H,43.411,5.886,49.298,7.837,hg_0,cdn_1,user_29,ip_4,ip_29,opt_4,opt_29,2
h_dyn_376,H,43.480,12.575,56.055,14.301,hg_0,cdn_0,user_15,ip_14,ip_8,opt_14,opt_8,1
bg_dyn_158,BG,43.594,8.514,52.109,15.631,,,,,,opt_23,opt_31,1
h_dyn_377,H,43.638,9.417,53.055,15.276,hg_4,cdn_8,user_29,ip_11,ip_29,opt_11,opt_29,2
h_dyn_378,H,43.646,10.386,54.032,15.495,hg_3,cdn_6,user_26,ip_13,ip_4,opt_13,opt_4,1
h_dyn_379,H,43.843,10.186,54.030,14.186,hg_0,cdn_1,user_28,ip_4,ip_18,opt_4,opt_18,1
h_dyn_380,H,43.858,5.904,49.763,14.350,hg_2,cdn_4,user_18,ip_14,ip_31,opt_14,opt_31,2
bg_dyn_159,BG,43.895,5.086,48.981,5.866,,,,,,opt_7,opt_28,1
h_dyn_381,H,43.907,5.544,49.451,5.727,hg_3,cdn_6,user_6,ip_13,ip_19,opt_13,opt_19,2
h_dyn_382,H,43.950,5.970,49.920,14.221,hg_0,cdn_0,user_9,ip_14,ip_7,opt_14,opt_7,1
h_dyn_383,H,43.976,5.631,49.608,5.733,hg_4,cdn_9,user_18,ip_1,ip_31,opt_1,opt_31,2
bg_dyn_160,BG,44.030,8.438,52.468,10.464,,,,,,opt_12,opt_16,1
bg_dyn_161,BG,44.110,13.884,57.994,8.904,,,,,,opt_17,opt_24,1
h_dyn_384,H,44.191,9.601,53.792,8.701,hg_4,cdn_9,user_15,ip_1,ip_8,opt_1,opt_8,2
h_dyn_385,H,44.217,12.124,56.340,8.816,hg_0,cdn_0,user_15,ip_14,ip_8,opt_14,opt_8,1
h_dyn_386,H,44.255,5.748,50.003,13.038,hg_3,cdn_6,user_7,ip_13,ip_17,opt_13,opt_17,3
bg_dyn_162,BG,44.404,6.196,50.600,9.242,,,,,,opt_7,opt_14,1
h_dyn_387,H,44.404,6.739,51.144,13.167,hg_2,cdn_4,user_12,ip_14,ip_1,opt_14,opt_1,2
h_dyn_388,H,44.477,5.770,50.247,14.668,hg_3,cdn_6,user_20,ip_13,ip_27,opt_13,opt_27,1
h_dyn_389,H,44.490,7.271,51.761,5.934,hg_2,cdn_4,user_10,ip_14,ip_13,opt_14,opt_13,1
h_dyn_390,H,44.615,6.245,50.860,6.047,hg_0,cdn_0,user_5,ip_14,ip_11,opt_14,opt_11,2
h_dyn_391,H,44.800,12.237,57.038,13.014,hg_4,cdn_8,user_7,ip_11,ip_17,opt_11,opt_17,1
bg_dyn_163,BG,44.804,6.795,51.598,9.583,,,,,,opt_30,opt_13,1
bg_dyn_164,BG,44.804,9.034,53.839,5.854,,,,,,opt_17,opt_5,2
h_dyn_392,H,44.811,8.728,53.539,9.246,hg_2,cdn_4,user_1,ip_14,ip_7,opt_14,opt_7,1
h_dyn_393,H,44.884,5.308,50.192,15.146,hg_2,cdn_5,user_5,ip_4,ip_11,opt_4,opt_11,2
h_dyn_394,H,44.907,5.314,50.221,10.118,hg_3,cdn_7,user_21,ip_28,ip_21,opt_28,opt_21,2
h_dyn_395,H,44.948,14.598,59.546,10.354,hg_1,cdn_2,user_13,ip_28,ip_17,opt_28,opt_17,2
bg_dyn_165,BG,45.067,8.812,53.879,5.383,,,,,,opt_8,opt_12,3
h_dyn_396,H,45.100,5.859,50.959,3.428,hg_4,cdn_8,user_7,ip_11,ip_17,opt_11,opt_17,1
bg_dyn_166,BG,45.128,8.181,53.309,8.064,,,,,,opt_17,opt_9,1
h_dyn_397,H,45.154,10.386,55.540,9.626,hg_2,cdn_4,user_28,ip_14,ip_18,opt_14,opt_18,1
h_dyn_398,H,45.374,5.202,50.576,8.715,hg_1,cdn_3,user_17,ip_29,ip_23,opt_29,opt_23,1
h_dyn_399,H,45.384,6.588,51.972,10.121,hg_0,cdn_0,user_29,ip_14,ip_29,opt_14,opt_29,2
h_dyn_400,H,45.423,13.459,58.882,8.372,hg_4,cdn_8,user_9,ip_11,ip_7,opt_11,opt_7,1
bg_dyn_167,BG,45.435,7.058,52.493,11.240,,,,,,opt_3,opt_27,1
bg_dyn_168,BG,45.489,6.891,52.380,6.356,,,,,,opt_6,opt_1,1
h_dyn_401,H,45.552,5.902,51.453,12.399,hg_4,cdn_9,user_24,ip_1,ip_6,opt_1,opt_6,1
bg_dyn_169,BG,45.587,6.696,52.283,7.323,,,,,,opt_27,opt_17,2
h_dyn_402,H,45.764,9.980,55.743,10.955,hg_4,cdn_8,user_29,ip_11,ip_29,opt_11,opt_29,2
bg_dyn_170,BG,45.904,6.585,52.489,11.145,,,,,,opt_7,opt_10,1
bg_dyn_171,BG,46.032,5.623,51.655,10.660,,,,,,opt_2,opt_26,2
h_dyn_403,H,46.138,5.654,51.792,5.345,hg_0,cdn_1,user_11,ip_4,ip_23,opt_4,opt_23,1
h_dyn_404,H,46.160,8.669,54.829,6.899,hg_1,cdn_2,user_7,ip_28,ip_17,opt_28,opt_17,2
bg_dyn_172,BG,46.192,10.452,56.643,14.055,,,,,,opt_20,opt_25,1
h_dyn_405,H,46.234,9.136,55.370,10.012,hg_3,cdn_6,user_0,ip_13,ip_19,opt_13,opt_19,2
bg_dyn_173,BG,46.243,8.956,55.199,12.044,,,,,,opt_20,opt_3,2
h_dyn_406,H,46.286,13.982,60.267,13.047,hg_0,cdn_1,user_12,ip_4,ip_1,opt_4,opt_1,3
bg_dyn_174,BG,46.290,6.590,52.880,7.009,,,,,,opt_13,opt_16,1
h_dyn_407,H,46.301,8.460,54.761,9.839,hg_2,cdn_4,user_15,ip_14,ip_8,opt_14,opt_8,1
bg_dyn_175,BG,46.302,6.815,53.117,7.651,,,,,,opt_18,opt_4,1
h_dyn_408,H,46.470,14.015,60.485,9.501,hg_0,cdn_1,user_17,ip_4,ip_23,opt_4,opt_23,1
h_dyn_409,H,46.492,9.585,56.078,9.460,hg_2,cdn_4,user_13,ip_14,ip_17,opt_14,opt_17,2
h_dyn_410,H,46.500,11.217,57.717,14.070,hg_1,cdn_3,user_4,ip_29,ip_2,opt_29,opt_2,1
h_dyn_411,H,46.507,6.531,53.038,11.082,hg_2,cdn_4,user_19,ip_14,ip_4,opt_14,opt_4,1
bg_dyn_176,BG,46.575,8.623,55.198,11.105,,,,,,opt_19,opt_7,1
bg_dyn_177,BG,46.699,10.834,57.533,2.898,,,,,,opt_1,opt_21,1
bg_dyn_178,BG,46.709,9.137,55.846,10.234,,,,,,opt_4,opt_14,1
bg_dyn_179,BG,46.733,6.321,53.054,6.078,,,,,,opt_9,opt_2,1
bg_dyn_180,BG,46.769,9.451,56.220,4.015,,,,,,opt_2,opt_29,1
h_dyn_412,H,46.875,8.283,55.158,14.418,hg_4,cdn_8,user_13,ip_11,ip_17,opt_11,opt_17,1
h_dyn_413,H,46.896,9.722,56.618,10.813,hg_1,cdn_3,user_20,ip_29,ip_27,opt_29,opt_27,1
bg_dyn_181,BG,46.964,5.722,52.686,17.451,,,,,,opt_18,opt_21,1
bg_dyn_182,BG,46.968,5.287,52.255,6.506,,,,,,opt_4,opt_9,2
h_dyn_414,H,46.989,5.320,52.309,9.825,hg_2,cdn_5,user_27,ip_4,ip_23,opt_4,opt_23,1
h_dyn_415,H,47.000,10.045,57.045,6.178,hg_0,cdn_1,user_11,ip_4,ip_23,opt_4,opt_23,1
bg_dyn_183,BG,47.026,14.004,61.030,12.914,,,,,,opt_16,opt_30,1
bg_dyn_184,BG,47.081,8.694,55.775,9.019,,,,,,opt_12,opt_26,1
bg_dyn_185,BG,47.244,8.464,55.708,3.596,,,,,,opt_9,opt_19,1
h_dyn_416,H,47.259,6.938,54.198,13.561,hg_2,cdn_5,user_0,ip_4,ip_19,opt_4,opt_19,3
h_dyn_417,H,47.260,8.733,55.992,9.256,hg_2,cdn_4,user_10,ip_14,ip_13,opt_14,opt_13,1
bg_dyn_186,BG,47.341,14.127,61.469,8.307,,,,,,opt_9,opt_31,3
bg_dyn_187,BG,47.347,8.299,55.647,10.165,,,,,,opt_13,opt_27,1
h_dyn_418,H,47.348,9.146,56.495,3.523,hg_0,cdn_1,user_10,ip_4,ip_13,opt_4,opt_13,1
bg_dyn_188,BG,47.350,11.963,59.313,10.959,,,,,,opt_24,opt_22,2
h_dyn_419,H,47.366,5.806,53.173,11.458,hg_0,cdn_0,user_18,ip_14,ip_31,opt_14,opt_31,2
h_dyn_420,H,47.373,14.010,61.383,7.859,hg_2,cdn_4,user_22,ip_14,ip_13,opt_14,opt_13,1
bg_dyn_189,BG,47.441,10.870,58.312,6.047,,,,,,opt_3,opt_27,1
bg_dyn_190,BG,47.656,7.378,55.034,12.998,,,,,,opt_14,opt_13,1
h_dyn_421,H,47.728,11.898,59.626,10.675,hg_0,cdn_0,user_29,ip_14,ip_29,opt_14,opt_29,2
h_dyn_422,H,47.771,6.754,54.524,9.162,hg_1,cdn_3,user_3,ip_29,ip_6,opt_29,opt_6,1
bg_dyn_191,BG,47.792,5.673,53.465,8.674,,,,,,opt_14,opt_30,1
h_dyn_423,H,47.846,8.628,56.473,8.349,hg_1,cdn_3,user_18,ip_29,ip_31,opt_29,opt_31,1
h_dyn_424,H,47.865,7.219,55.084,8.569,hg_0,cdn_0,user_10,ip_14,ip_13,opt_14,opt_13,1
h_dyn_425,H,47.913,5.765,53.678,12.298,hg_4,cdn_9,user_16,ip_1,ip_29,opt_1,opt_29,2
h_dyn_426,H,47.922,10.555,58.477,7.283,hg_0,cdn_1,user_7,ip_4,ip_17,opt_4,opt_17,3
h_dyn_427,H,48.021,13.220,61.241,11.912,hg_1,cdn_3,user_22,ip_29,ip_13,opt_29,opt_13,2
h_dyn_428,H,48.030,5.227,53.257,5.861,hg_1,cdn_2,user_5,ip_28,ip_11,opt_28,opt_11,1
bg_dyn_192,BG,48.103,8.700,56.802,11.823,,,,,,opt_23,opt_29,1
h_dyn_429,H,48.152,9.564,57.716,9.676,hg_0,cdn_1,user_23,ip_4,ip_1,opt_4,opt_1,3
bg_dyn_193,BG,48.200,14.835,63.036,15.433,,,,,,opt_9,opt_21,1
bg_dyn_194,BG,48.320,9.508,57.829,11.389,,,,,,opt_14,opt_7,1
bg_dyn_195,BG,48.481,11.409,59.890,16.450,,,,,,opt_24,opt_5,1
h_dyn_430,H,48.764,12.401,61.165,9.229,hg_4,cdn_8,user_27,ip_11,ip_23,opt_11,opt_23,2
h_dyn_431,H,48.770,8.195,56.965,10.373,hg_2,cdn_5,user_21,ip_4,ip_21,opt_4,opt_21,2
h_dyn_432,H,48.822,6.586,55.407,8.102,hg_2,cdn_4,user_19,ip_14,ip_4,opt_14,opt_4,1
bg_dyn_196,BG,48.848,5.501,54.349,13.429,,,,,,opt_24,opt_7,1
h_dyn_433,H,48.891,5.092,53.983,14.469,hg_3,cdn_6,user_18,ip_13,ip_31,opt_13,opt_31,2
h_dyn_434,H,49.132,8.041,57.173,8.827,hg_2,cdn_4,user_29,ip_14,ip_29,opt_14,opt_29,2
bg_dyn_197,BG,49.139,14.983,64.122,7.905,,,,,,opt_21,opt_25,1
h_dyn_435,H,49.169,13.747,62.915,8.979,hg_2,cdn_5,user_11,ip_4,ip_23,opt_4,opt_23,1
h_dyn_436,H,49.265,12.513,61.778,5.406,hg_4,cdn_8,user_29,ip_11,ip_29,opt_11,opt_29,2
bg_dyn_198,BG,49.421,8.135,57.556,10.048,,,,,,opt_12,opt_13,1
h_dyn_437,H,49.448,5.620,55.068,16.458,hg_2,cdn_5,user_10,ip_4,ip_13,opt_4,opt_13,1
h_dyn_438,H,49.528,10.864,60.393,14.559,hg_2,cdn_4,user_18,ip_14,ip_31,opt_14,opt_31,2
h_dyn_439,H,49.725,5.148,54.873,7.707,hg_0,cdn_1,user_11,ip_4,ip_23,opt_4,opt_23,1
h_dyn_440,H,49.784,10.638,60.422,8.184,hg_2,cdn_5,user_1,ip_4,ip_7,opt_4,opt_7,2
h_dyn_441,H,49.806,10.655,60.462,8.998,hg_0,cdn_1,user_16,ip_4,ip_29,opt_4,opt_29,2
bg_dyn_199,BG,49.859,11.066,60.924,13.573,,,,,,opt_21,opt_20,1
h_dyn_442,H,50.088,6.210,56.298,6.268,hg_2,cdn_4,user_15,ip_14,ip_8,opt_14,opt_8,1
h_dyn_443,H,50.088,8.871,58.959,10.964,hg_4,cdn_8,user_22,ip_11,ip_13,opt_11,opt_13,2
h_dyn_444,H,50.153,5.620,55.773,5.532,hg_3,cdn_7,user_5,ip_28,ip_11,opt_28,opt_11,1
h_dyn_445,H,50.182,7.087,57.269,15.492,hg_1,cdn_3,user_18,ip_29,ip_31,opt_29,opt_31,1
bg_dyn_200,BG,50.221,6.424,56.645,6.938,,,,,,opt_9,opt_12,1
h_dyn_446,H,50.341,11.943,62.284,15.603,hg_0,cdn_1,user_11,ip_4,ip_23,opt_4,opt_23,1
h_dyn_447,H,50.450,6.273,56.722,10.084,hg_4,cdn_8,user_13,ip_11,ip_17,opt_11,opt_17,1
h_dyn_448,H,50.470,12.889,63.359,13.529,hg_2,cdn_4,user_21,ip_14,ip_21,opt_14,opt_21,2
h_dyn_449,H,50.496,5.695,56.191,8.827,hg_0,cdn_0,user_28,ip_14,ip_18,opt_14,opt_18,1
h_dyn_450,H,50.504,5.735,56.239,5.122,hg_0,cdn_0,user_15,ip_14,ip_8,opt_14,opt_8,1
h_dyn_451,H,50.530,9.267,59.796,13.819,hg_2,cdn_4,user_6,ip_14,ip_19,opt_14,opt_19,2
h_dyn_452,H,50.550,12.191,62.741,13.473,hg_0,cdn_0,user_29,ip_14,ip_29,opt_14,opt_29,2
h_dyn_453,H,50.571,7.695,58.267,7.415,hg_0,cdn_0,user_1,ip_14,ip_7,opt_14,opt_7,1
h_dyn_454,H,50.620,5.325,55.946,12.513,hg_0,cdn_1,user_17,ip_4,ip_23,opt_4,opt_23,1
h_dyn_455,H,50.625,8.394,59.019,7.340,hg_2,cdn_4,user_19,ip_14,ip_4,opt_14,opt_4,1
h_dyn_456,H,50.625,12.584,63.209,10.744,hg_2,cdn_5,user_10,ip_4,ip_13,opt_4,opt_13,1
h_dyn_457,H,50.638,7.919,58.556,12.209,hg_0,cdn_1,user_11,ip_4,ip_23,opt_4,opt_23,1
h_dyn_458,H,50.649,6.405,57.054,4.552,hg_2,cdn_4,user_1,ip_14,ip_7,opt_14,opt_7,1
bg_dyn_201,BG,50.679,5.774,56.453,14.447,,,,,,opt_3,opt_24,2
h_dyn_459,H,50.697,8.213,58.909,6.965,hg_2,cdn_5,user_10,ip_4,ip_13,opt_4,opt_13,1
h_dyn_460,H,50.746,7.151,57.897,8.666,hg_1,cdn_3,user_0,ip_29,ip_19,opt_29,opt_19,2
h_dyn_461,H,50.890,13.557,64.446,8.278,hg_1,cdn_3,user_5,ip_29,ip_11,opt_29,opt_11,2
h_dyn_462,H,50.894,11.827,62.720,5.528,hg_2,cdn_4,user_6,ip_14,ip_19,opt_14,opt_19,2
h_dyn_463,H,50.899,5.637,56.536,6.129,hg_0,cdn_1,user_29,ip_4,ip_29,opt_4,opt_29,2
h_dyn_464,H,50.908,7.336,58.245,10.284,hg_3,cdn_7,user_5,ip_28,ip_11,opt_28,opt_11,1
h_dyn_465,H,50.937,10.293,61.230,8.769,hg_1,cdn_3,user_27,ip_29,ip_23,opt_29,opt_23,1
h_dyn_466,H,51.020,10.283,61.303,6.566,hg_0,cdn_1,user_16,ip_4,ip_29,opt_4,opt_29,2
h_dyn_467,H,51.119,10.804,61.923,12.487,hg_2,cdn_4,user_13,ip_14,ip_17,opt_14,opt_17,2
bg_dyn_202,BG,51.192,7.262,58.454,5.824,,,,,,opt_20,opt_25,1
h_dyn_468,H,51.477,14.613,66.089,9.009,hg_1,cdn_2,user_20,ip_28,ip_27,opt_28,opt_27,2
bg_dyn_203,BG,51.506,7.441,58.947,10.816,,,,,,opt_29,opt_23,1
bg_dyn_204,BG,51.550,6.606,58.156,10.664,,,,,,opt_3,opt_29,1
h_dyn_469,H,51.605,12.840,64.445,14.374,hg_3,cdn_7,user_1,ip_28,ip_7,opt_28,opt_7,1
bg_dyn_205,BG,51.690,10.514,62.203,14.456,,,,,,opt_28,opt_29,2
h_dyn_470,H,51.714,9.513,61.226,7.171,hg_1,cdn_3,user_21,ip_29,ip_21,opt_29,opt_21,2
bg_dyn_206,BG,51.734,6.872,58.606,16.348,,,,,,opt_7,opt_14,1
h_dyn_471,H,51.744,14.250,65.994,16.025,hg_2,cdn_4,user_9,ip_14,ip_7,opt_14,opt_7,1
h_dyn_472,H,51.830,6.728,58.558,8.550,hg_4,cdn_8,user_20,ip_11,ip_27,opt_11,opt_27,1
h_dyn_473,H,51.899,5.082,56.981,10.166,hg_0,cdn_0,user_15,ip_14,ip_8,opt_14,opt_8,1
h_dyn_474,H,51.916,6.840,58.756,9.624,hg_3,cdn_7,user_29,ip_28,ip_29,opt_28,opt_29,2
h_dyn_475,H,51.921,9.913,61.834,12.085,hg_0,cdn_1,user_21,ip_4,ip_21,opt_4,opt_21,2
h_dyn_476,H,52.032,9.674,61.706,12.625,hg_4,cdn_8,user_10,ip_11,ip_13,opt_11,opt_13,2
h_dyn_477,H,52.032,6.980,59.012,9.692,hg_1,cdn_3,user_12,ip_29,ip_1,opt_29,opt_1,2
h_dyn_478,H,52.036,9.558,61.594,10.113,hg_3,cdn_6,user_19,ip_13,ip_4,opt_13,opt_4,1
h_dyn_479,H,52.042,7.170,59.212,7.742,hg_1,cdn_2,user_9,ip_28,ip_7,opt_28,opt_7,1
bg_dyn_207,BG,52.102,5.294,57.395,13.875,,,,,,opt_25,opt_29,1
h_dyn_480,H,52.128,13.256,65.383,5.183,hg_0,cdn_0,user_10,ip_14,ip_13,opt_14,opt_13,1
bg_dyn_208,BG,52.162,6.780,58.943,10.441,,,,,,opt_24,opt_19,1
bg_dyn_209,BG,52.358,7.519,59.877,8.155,,,,,,opt_21,opt_12,1
bg_dyn_210,BG,52.507,8.456,60.964,12.867,,,,,,opt_28,opt_25,1
h_dyn_481,H,52.546,9.708,62.253,15.329,hg_0,cdn_0,user_15,ip_14,ip_8,opt_14,opt_8,1
bg_dyn_211,BG,52.565,13.922,66.487,8.218,,,,,,opt_18,opt_14,1
bg_dyn_212,BG,52.718,10.895,63.614,7.751,,,,,,opt_6,opt_29,1
bg_dyn_213,BG,52.738,5.982,58.720,16.270,,,,,,opt_14,opt_16,1
h_dyn_482,H,52.814,12.578,65.392,8.821,hg_2,cdn_5,user_11,ip_4,ip_23,opt_4,opt_23,1
h_dyn_483,H,52.931,6.924,59.855,14.665,hg_0,cdn_1,user_14,ip_4,ip_31,opt_4,opt_31,2
bg_dyn_214,BG,52.992,6.888,59.880,10.252,,,,,,opt_29,opt_23,1
h_dyn_484,H,53.002,8.430,61.432,7.911,hg_0,cdn_1,user_27,ip_4,ip_23,opt_4,opt_23,1
bg_dyn_215,BG,53.021,8.130,61.151,10.724,,,,,,opt_14,opt_21,2
bg_dyn_216,BG,53.034,10.552,63.586,10.875,,,,,,opt_16,opt_27,1
h_dyn_485,H,53.080,7.310,60.391,4.770,hg_3,cdn_6,user_19,ip_13,ip_4,opt_13,opt_4,1
h_dyn_486,H,53.135,10.919,64.055,6.102,hg_2,cdn_4,user_22,ip_14,ip_13,opt_14,opt_13,1
bg_dyn_217,BG,53.174,10.257,63.431,11.922,,,,,,opt_21,opt_20,1
h_dyn_487,H,53.277,14.371,67.649,14.376,hg_0,cdn_0,user_26,ip_14,ip_4,opt_14,opt_4,1
bg_dyn_218,BG,53.413,8.346,61.760,5.664,,,,,,opt_16,opt_14,1
h_dyn_488,H,53.519,8.294,61.813,11.936,hg_2,cdn_4,user_19,ip_14,ip_4,opt_14,opt_4,1
h_dyn_489,H,53.558,9.426,62.983,15.849,hg_1,cdn_3,user_15,ip_29,ip_8,opt_29,opt_8,2
bg_dyn_219,BG,53.666,5.853,59.519,11.671,,,,,,opt_16,opt_14,1
h_dyn_490,H,53.692,14.415,68.107,9.987,hg_4,cdn_8,user_26,ip_11,ip_4,opt_11,opt_4,2
h_dyn_491,H,53.723,13.165,66.889,15.246,hg_4,cdn_8,user_7,ip_11,ip_17,opt_11,opt_17,1
h_dyn_492,H,53.789,6.060,59.849,3.797,hg_1,cdn_3,user_6,ip_29,ip_19,opt_29,opt_19,2
bg_dyn_220,BG,53.840,10.483,64.323,14.408,,,,,,opt_5,opt_29,1
h_dyn_493,H,53.885,5.361,59.246,15.684,hg_3,cdn_6,user_15,ip_13,ip_8,opt_13,opt_8,2
h_dyn_494,H,53.993,9.002,62.995,12.958,hg_4,cdn_9,user_24,ip_1,ip_6,opt_1,opt_6,1
h_dyn_495,H,54.292,9.722,64.014,13.324,hg_1,cdn_3,user_5,ip_29,ip_11,opt_29,opt_11,2
h_dyn_496,H,54.297,5.924,60.221,7.666,hg_2,cdn_4,user_15,ip_14,ip_8,opt_14,opt_8,1
h_dyn_497,H,54.297,8.262,62.559,9.628,hg_0,cdn_1,user_28,ip_4,ip_18,opt_4,opt_18,1
h_dyn_498,H,54.372,10.557,64.929,13.605,hg_1,cdn_2,user_13,ip_28,ip_17,opt_28,opt_17,2
h_dyn_499,H,54.460,10.141,64.601,7.136,hg_2,cdn_4,user_7,ip_14,ip_17,opt_14,opt_17,2
bg_dyn_221,BG,54.509,13.203,67.712,3.319,,,,,,opt_23,opt_4,1
h_dyn_500,H,54.514,12.942,67.457,12.251,hg_1,cdn_3,user_18,ip_29,ip_31,opt_29,opt_31,1
h_dyn_501,H,54.560,11.311,65.871,11.637,hg_1,cdn_3,user_1,ip_29,ip_7,opt_29,opt_7,2
h_dyn_502,H,54.603,7.339,61.941,8.687,hg_4,cdn_8,user_9,ip_11,ip_7,opt_11,opt_7,1
h_dyn_503,H,54.614,13.026,67.640,10.303,hg_2,cdn_4,user_15,ip_14,ip_8,opt_14,opt_8,1
h_dyn_504,H,54.713,6.895,61.608,9.249,hg_0,cdn_0,user_26,ip_14,ip_4,opt_14,opt_4,1
bg_dyn_222,BG,54.717,7.072,61.790,6.736,,,,,,opt_11,opt_6,2
bg_dyn_223,BG,54.799,14.738,69.537,6.358,,,,,,opt_27,opt_3,1
h_dyn_505,H,54.878,11.947,66.825,6.314,hg_3,cdn_6,user_2,ip_13,ip_1,opt_13,opt_1,3
h_dyn_506,H,54.950,8.034,62.984,8.290,hg_0,cdn_1,user_10,ip_4,ip_13,opt_4,opt_13,1
bg_dyn_224,BG,55.089,7.859,62.948,16.182,,,,,,opt_25,opt_1,1
bg_dyn_225,BG,55.176,8.337,63.513,7.344,,,,,,opt_24,opt_5,1
h_dyn_507,H,55.465,8.479,63.944,7.715,hg_2,cdn_4,user_19,ip_14,ip_4,opt_14,opt_4,1
h_dyn_508,H,55.555,10.610,66.165,5.425,hg_4,cdn_8,user_1,ip_11,ip_7,opt_11,opt_7,1
bg_dyn_226,BG,55.560,9.875,65.435,5.708,,,,,,opt_16,opt_27,1
bg_dyn_227,BG,55.593,5.558,61.151,13.563,,,,,,opt_12,opt_26,1
h_dyn_509,H,55.663,12.303,67.966,12.025,hg_0,cdn_0,user_15,ip_14,ip_8,opt_14,opt_8,1
bg_dyn_228,BG,55.681,6.577,62.258,9.984,,,,,,opt_18,opt_6,2
h_dyn_510,H,55.681,5.736,61.417,11.051,hg_0,cdn_1,user_20,ip_4,ip_27,opt_4,opt_27,1
h_dyn_511,H,55.694,10.300,65.994,12.684,hg_0,cdn_1,user_7,ip_4,ip_17,opt_4,opt_17,3
h_dyn_512,H,55.725,11.754,67.479,10.332,hg_4,cdn_9,user_24,ip_1,ip_6,opt_1,opt_6,1
h_dyn_513,H,55.878,11.987,67.865,7.851,hg_0,cdn_1,user_27,ip_4,ip_23,opt_4,opt_23,1
h_dyn_514,H,55.915,7.691,63.605,9.215,hg_2,cdn_5,user_10,ip_4,ip_13,opt_4,opt_13,1
h_dyn_515,H,55.951,5.252,61.203,8.217,hg_3,cdn_6,user_25,ip_13,ip_9,opt_13,opt_9,2
h_dyn_516,H,55.993,11.123,67.116,15.163,hg_0,cdn_0,user_15,ip_14,ip_8,opt_14,opt_8,1
bg_dyn_229,BG,56.126,5.599,61.725,5.218,,,,,,opt_7,opt_20,1
bg_dyn_230,BG,56.299,8.600,64.899,11.375,,,,,,opt_10,opt_20,1
h_dyn_517,H,56.419,5.304,61.723,11.322,hg_0,cdn_0,user_3,ip_14,ip_6,opt_14,opt_6,1
h_dyn_518,H,56.473,10.832,67.305,5.598,hg_1,cdn_3,user_2,ip_29,ip_1,opt_29,opt_1,2
h_dyn_519,H,56.577,10.358,66.936,4.491,hg_0,cdn_0,user_20,ip_14,ip_27,opt_14,opt_27,2
h_dyn_520,H,56.689,6.515,63.204,9.344,hg_0,cdn_0,user_9,ip_14,ip_7,opt_14,opt_7,1
h_dyn_521,H,56.714,6.954,63.668,10.761,hg_0,cdn_0,user_15,ip_14,ip_8,opt_14,opt_8,1
h_dyn_522,H,56.809,5.504,62.313,10.882,hg_4,cdn_9,user_5,ip_1,ip_11,opt_1,opt_11,1
h_dyn_523,H,56.880,10.686,67.566,8.358,hg_2,cdn_4,user_15,ip_14,ip_8,opt_14,opt_8,1
h_dyn_524,H,57.054,5.495,62.549,11.806,hg_3,cdn_7,user_29,ip_28,ip_29,opt_28,opt_29,2
h_dyn_525,H,57.070,5.414,62.484,12.871,hg_3,cdn_7,user_21,ip_28,ip_21,opt_28,opt_21,2
bg_dyn_231,BG,57.166,8.223,65.388,14.862,,,,,,opt_16,opt_18,1
bg_dyn_232,BG,57.173,5.885,63.058,5.210,,,,,,opt_14,opt_13,1
bg_dyn_233,BG,57.312,14.788,72.100,9.069,,,,,,opt_8,opt_14,1
h_dyn_526,H,57.316,9.915,67.231,6.615,hg_1,cdn_3,user_26,ip_29,ip_4,opt_29,opt_4,2
h_dyn_527,H,57.509,7.376,64.885,11.629,hg_2,cdn_4,user_1,ip_14,ip_7,opt_14,opt_7,1
h_dyn_528,H,57.576,14.209,71.785,6.402,hg_4,cdn_8,user_10,ip_11,ip_13,opt_11,opt_13,2
h_dyn_529,H,57.613,7.312,64.925,12.245,hg_1,cdn_3,user_27,ip_29,ip_23,opt_29,opt_23,1
h_dyn_530,H,57.764,8.543,66.307,7.260,hg_1,cdn_3,user_7,ip_29,ip_17,opt_29,opt_17,3
h_dyn_531,H,57.967,5.069,63.036,3.593,hg_0,cdn_0,user_11,ip_14,ip_23,opt_14,opt_23,2
h_dyn_532,H,58.067,14.298,72.365,11.872,hg_0,cdn_0,user_7,ip_14,ip_17,opt_14,opt_17,2
h_dyn_533,H,58.068,7.522,65.589,9.759,hg_1,cdn_2,user_16,ip_28,ip_29,opt_28,opt_29,2
h_dyn_534,H,58.197,6.637,64.834,10.475,hg_3,cdn_6,user_19,ip_13,ip_4,opt_13,opt_4,1
h_dyn_535,H,58.265,11.311,69.575,4.623,hg_2,cdn_4,user_15,ip_14,ip_8,opt_14,opt_8,1
bg_dyn_234,BG,58.322,12.838,71.159,9.280,,,,,,opt_14,opt_2,1
h_dyn_536,H,58.322,13.356,71.678,12.718,hg_2,cdn_5,user_6,ip_4,ip_19,opt_4,opt_19,3
h_dyn_537,H,58.342,11.370,69.712,10.571,hg_2,cdn_5,user_18,ip_4,ip_31,opt_4,opt_31,2
bg_dyn_235,BG,58.343,7.228,65.571,6.569,,,,,,opt_27,opt_25,2
bg_dyn_236,BG,58.350,13.234,71.584,9.066,,,,,,opt_10,opt_25,1
h_dyn_538,H,58.415,8.967,67.383,11.192,hg_4,cdn_9,user_7,ip_1,ip_17,opt_1,opt_17,2
bg_dyn_237,BG,58.494,7.184,65.679,6.026,,,,,,opt_12,opt_16,1
h_dyn_539,H,58.567,10.459,69.026,12.535,hg_3,cdn_6,user_18,ip_13,ip_31,opt_13,opt_31,2
h_dyn_540,H,58.596,9.343,67.939,14.094,hg_2,cdn_4,user_0,ip_14,ip_19,opt_14,opt_19,2
h_dyn_541,H,58.665,12.524,71.189,8.360,hg_4,cdn_8,user_21,ip_11,ip_21,opt_11,opt_21,2
h_dyn_542,H,58.807,8.825,67.632,5.704,hg_0,cdn_0,user_9,ip_14,ip_7,opt_14,opt_7,1
h_dyn_543,H,58.811,9.024,67.836,15.934,hg_1,cdn_3,user_3,ip_29,ip_6,opt_29,opt_6,1
h_dyn_544,H,58.813,5.400,64.214,12.455,hg_1,cdn_2,user_7,ip_28,ip_17,opt_28,opt_17,2
bg_dyn_238,BG,58.822,5.062,63.883,9.007,,,,,,opt_7,opt_14,1
h_dyn_545,H,58.886,12.136,71.022,7.682,hg_1,cdn_3,user_24,ip_29,ip_6,opt_29,opt_6,1
h_dyn_546,H,58.927,5.516,64.443,9.136,hg_2,cdn_4,user_19,ip_14,ip_4,opt_14,opt_4,1
h_dyn_547,H,58.971,13.873,72.843,7.800,hg_0,cdn_1,user_18,ip_4,ip_31,opt_4,opt_31,2
h_dyn_548,H,58.983,13.724,72.706,8.643,hg_0,cdn_0,user_27,ip_14,ip_23,opt_14,opt_23,2
h_dyn_549,H,58.994,7.754,66.748,11.354,hg_2,cdn_4,user_9,ip_14,ip_7,opt_14,opt_7,1
h_dyn_550,H,59.073,13.772,72.845,10.836,hg_3,cdn_7,user_29,ip_28,ip_29,opt_28,opt_29,2
h_dyn_551,H,59.111,5.243,64.355,9.578,hg_4,cdn_9,user_1,ip_1,ip_7,opt_1,opt_7,2
bg_dyn_239,BG,59.131,7.248,66.378,12.142,,,,,,opt_4,opt_27,1
h_dyn_552,H,59.151,8.894,68.045,12.148,hg_0,cdn_0,user_9,ip_14,ip_7,opt_14,opt_7,1
bg_dyn_240,BG,59.164,13.877,73.040,8.354,,,,,,opt_8,opt_0,1
h_dyn_553,H,59.289,8.621,67.909,11.022,hg_3,cdn_6,user_28,ip_13,ip_18,opt_13,opt_18,1
h_dyn_554,H,59.344,9.374,68.719,11.816,hg_0,cdn_0,user_6,ip_14,ip_19,opt_14,opt_19,2
bg_dyn_241,BG,59.350,13.026,72.376,9.123,,,,,,opt_24,opt_21,1
h_dyn_555,H,59.436,6.333,65.768,13.164,hg_4,cdn_9,user_29,ip_1,ip_29,opt_1,opt_29,2
bg_dyn_242,BG,59.480,9.326,68.806,10.521,,,,,,opt_21,opt_18,1
bg_dyn_243,BG,59.485,13.698,73.183,13.995,,,,,,opt_6,opt_27,2
h_dyn_556,H,59.597,13.073,72.670,11.310,hg_0,cdn_1,user_27,ip_4,ip_23,opt_4,opt_23,1
h_dyn_557,H,59.720,7.151,66.871,11.645,hg_0,cdn_0,user_19,ip_14,ip_4,opt_14,opt_4,1
h_dyn_558,H,59.778,10.535,70.312,11.651,hg_1,cdn_2,user_20,ip_28,ip_27,opt_28,opt_27,2
bg_dyn_244,BG,59.815,5.576,65.390,11.851,,,,,,opt_10,opt_24,1
h_dyn_559,H,59.818,10.606,70.424,8.014,hg_0,cdn_1,user_27,ip_4,ip_23,opt_4,opt_23,1
h_dyn_560,H,59.820,5.351,65.171,6.980,hg_1,cdn_3,user_11,ip_29,ip_23,opt_29,opt_23,1
h_dyn_561,H,59.947,5.122,65.069,8.734,hg_1,cdn_3,user_17,ip_29,ip_23,opt_29,opt_23,1
h_dyn_562,H,59.956,8.221,68.177,10.223,hg_0,cdn_0,user_26,ip_14,ip_4,opt_14,opt_4,1
h_dyn_563,H,60.007,13.034,73.042,3.429,hg_0,cdn_0,user_19,ip_14,ip_4,opt_14,opt_4,1
h_dyn_564,H,60.071,6.215,66.287,9.588,hg_1,cdn_2,user_26,ip_28,ip_4,opt_28,opt_4,3
bg_dyn_245,BG,60.233,5.429,65.661,15.283,,,,,,opt_25,opt_24,1
h_dyn_565,H,60.242,7.369,67.611,7.514,hg_0,cdn_0,user_15,ip_14,ip_8,opt_14,opt_8,1
bg_dyn_246,BG,60.307,12.432,72.740,3.778,,,,,,opt_14,opt_4,1
h_dyn_566,H,60.315,8.398,68.713,9.962,hg_2,cdn_4,user_27,ip_14,ip_23,opt_14,opt_23,2
h_dyn_567,H,60.384,12.728,73.112,10.587,hg_3,cdn_6,user_0,ip_13,ip_19,opt_13,opt_19,2
h_dyn_568,H,60.470,10.996,71.466,4.784,hg_3,cdn_6,user_19,ip_13,ip_4,opt_13,opt_4,1
h_dyn_569,H,60.484,8.152,68.636,12.995,hg_0,cdn_1,user_20,ip_4,ip_27,opt_4,opt_27,1
h_dyn_570,H,60.525,11.973,72.499,13.434,hg_4,cdn_8,user_7,ip_11,ip_17,opt_11,opt_17,1
h_dyn_571,H,60.528,8.758,69.286,11.256,hg_0,cdn_0,user_1,ip_14,ip_7,opt_14,opt_7,1
bg_dyn_247,BG,60.649,11.628,72.277,10.448,,,,,,opt_3,opt_9,1
h_dyn_572,H,60.685,6.129,66.814,11.948,hg_0,cdn_1,user_29,ip_4,ip_29,opt_4,opt_29,2
bg_dyn_248,BG,60.686,10.217,70.903,12.792,,,,,,opt_12,opt_9,1
h_dyn_573,H,60.761,13.449,74.210,10.893,hg_2,cdn_4,user_7,ip_14,ip_17,opt_14,opt_17,2
h_dyn_574,H,60.888,8.890,69.778,10.351,hg_4,cdn_8,user_10,ip_11,ip_13,opt_11,opt_13,2
h_dyn_575,H,61.005,9.100,70.105,4.880,hg_3,cdn_7,user_5,ip_28,ip_11,opt_28,opt_11,1
h_dyn_576,H,61.010,7.508,68.517,9.746,hg_2,cdn_4,user_18,ip_14,ip_31,opt_14,opt_31,2
h_dyn_577,H,61.091,6.082,67.173,5.353,hg_2,cdn_5,user_0,ip_4,ip_19,opt_4,opt_19,3
bg_dyn_249,BG,61.093,10.732,71.824,10.734,,,,,,opt_12,opt_7,2
bg_dyn_250,BG,61.165,14.761,75.926,3.502,,,,,,opt_7,opt_24,1
bg_dyn_251,BG,61.203,7.715,68.918,6.951,,,,,,opt_31,opt_3,2
h_dyn_578,H,61.486,12.962,74.449,14.156,hg_4,cdn_8,user_23,ip_11,ip_1,opt_11,opt_1,1
h_dyn_579,H,61.619,13.849,75.468,10.213,hg_0,cdn_0,user_10,ip_14,ip_13,opt_14,opt_13,1
h_dyn_580,H,61.740,5.308,67.049,14.834,hg_1,cdn_3,user_28,ip_29,ip_18,opt_29,opt_18,2
bg_dyn_252,BG,62.036,14.667,76.704,9.171,,,,,,opt_12,opt_21,1
bg_dyn_253,BG,62.049,6.686,68.735,6.810,,,,,,opt_5,opt_4,3
h_dyn_581,H,62.173,6.014,68.188,8.928,hg_3,cdn_7,user_26,ip_28,ip_4,opt_28,opt_4,3
h_dyn_582,H,62.404,10.956,73.360,11.703,hg_2,cdn_5,user_20,ip_4,ip_27,opt_4,opt_27,1
h_dyn_583,H,62.454,7.125,69.579,6.625,hg_3,cdn_6,user_4,ip_13,ip_2,opt_13,opt_2,2
bg_dyn_254,BG,62.611,10.644,73.255,4.998,,,,,,opt_5,opt_20,1
h_dyn_584,H,62.737,6.771,69.507,7.456,hg_3,cdn_6,user_7,ip_13,ip_17,opt_13,opt_17,3
h_dyn_585,H,62.841,11.214,74.055,13.794,hg_1,cdn_2,user_1,ip_28,ip_7,opt_28,opt_7,1
bg_dyn_255,BG,62.952,7.131,70.083,13.646,,,,,,opt_8,opt_6,1
h_dyn_586,H,63.409,12.457,75.866,11.353,hg_3,cdn_6,user_5,ip_13,ip_11,opt_13,opt_11,2
h_dyn_587,H,63.424,7.708,71.132,11.294,hg_3,cdn_7,user_9,ip_28,ip_7,opt_28,opt_7,1
h_dyn_588,H,63.539,6.494,70.033,5.338,hg_1,cdn_2,user_7,ip_28,ip_17,opt_28,opt_17,2
h_dyn_589,H,63.660,13.211,76.872,9.445,hg_1,cdn_3,user_13,ip_29,ip_17,opt_29,opt_17,3
h_dyn_590,H,63.735,7.800,71.535,11.429,hg_3,cdn_6,user_18,ip_13,ip_31,opt_13,opt_31,2
bg_dyn_256,BG,63.804,9.757,73.561,11.254,,,,,,opt_29,opt_13,2
bg_dyn_257,BG,63.811,9.183,72.994,9.783,,,,,,opt_27,opt_13,1
bg_dyn_258,BG,63.845,6.461,70.306,12.423,,,,,,opt_2,opt_7,2
h_dyn_591,H,63.893,9.853,73.745,11.275,hg_2,cdn_4,user_1,ip_14,ip_7,opt_14,opt_7,1
bg_dyn_259,BG,63.901,7.140,71.041,10.325,,,,,,opt_16,opt_13,1
h_dyn_592,H,63.973,10.714,74.687,9.894,hg_0,cdn_0,user_27,ip_14,ip_23,opt_14,opt_23,2
bg_dyn_260,BG,64.038,7.632,71.670,10.430,,,,,,opt_31,opt_25,2
bg_dyn_261,BG,64.092,6.941,71.033,13.531,,,,,,opt_14,opt_12,2
bg_dyn_262,BG,64.286,6.136,70.421,10.535,,,,,,opt_27,opt_9,1
h_dyn_593,H,64.290,5.519,69.809,10.814,hg_4,cdn_8,user_23,ip_11,ip_1,opt_11,opt_1,1
h_dyn_594,H,64.341,6.655,70.996,13.174,hg_1,cdn_3,user_21,ip_29,ip_21,opt_29,opt_21,2
h_dyn_595,H,64.504,13.615,78.119,16.465,hg_3,cdn_6,user_26,ip_13,ip_4,opt_13,opt_4,1
h_dyn_596,H,64.620,13.171,77.791,9.727,hg_1,cdn_3,user_17,ip_29,ip_23,opt_29,opt_23,1
bg_dyn_263,BG,64.732,6.631,71.363,11.629,,,,,,opt_19,opt_20,1
bg_dyn_264,BG,64.812,11.468,76.280,14.077,,,,,,opt_29,opt_27,1
h_dyn_597,H,64.909,11.657,76.566,17.528,hg_1,cdn_3,user_15,ip_29,ip_8,opt_29,opt_8,2
bg_dyn_265,BG,64.980,13.894,78.874,4.319,,,,,,opt_27,opt_4,1
bg_dyn_266,BG,64.999,6.934,71.933,9.267,,,,,,opt_3,opt_18,1
bg_dyn_267,BG,65.124,6.598,71.723,7.444,,,,,,opt_24,opt_10,1
h_dyn_598,H,65.140,7.073,72.214,10.828,hg_2,cdn_4,user_15,ip_14,ip_8,opt_14,opt_8,1
h_dyn_599,H,65.152,5.365,70.517,12.080,hg_1,cdn_3,user_14,ip_29,ip_31,opt_29,opt_31,1
h_dyn_600,H,65.233,5.500,70.732,12.269,hg_0,cdn_0,user_13,ip_14,ip_17,opt_14,opt_17,2
h_dyn_601,H,65.408,10.525,75.932,14.791,hg_2,cdn_5,user_16,ip_4,ip_29,opt_4,opt_29,2
bg_dyn_268,BG,65.543,9.260,74.803,9.680,,,,,,opt_11,opt_1,1
h_dyn_602,H,65.640,11.924,77.564,7.151,hg_0,cdn_1,user_15,ip_4,ip_8,opt_4,opt_8,2
bg_dyn_269,BG,65.649,6.195,71.844,15.394,,,,,,opt_9,opt_1,2
h_dyn_603,H,65.706,8.370,74.076,5.247,hg_4,cdn_9,user_24,ip_1,ip_6,opt_1,opt_6,1
bg_dyn_270,BG,65.714,12.245,77.959,9.953,,,,,,opt_16,opt_4,1
bg_dyn_271,BG,65.719,8.444,74.163,9.557,,,,,,opt_10,opt_30,3
bg_dyn_272,BG,65.839,8.710,74.549,5.473,,,,,,opt_28,opt_25,1
h_dyn_604,H,66.244,8.380,74.624,11.156,hg_0,cdn_0,user_13,ip_14,ip_17,opt_14,opt_17,2
bg_dyn_273,BG,66.306,8.011,74.318,9.505,,,,,,opt_16,opt_3,1
h_dyn_605,H,66.334,7.811,74.145,7.093,hg_0,cdn_0,user_3,ip_14,ip_6,opt_14,opt_6,1
bg_dyn_274,BG,66.785,8.170,74.955,10.527,,,,,,opt_12,opt_22,1
h_dyn_606,H,66.807,10.665,77.473,14.931,hg_0,cdn_1,user_22,ip_4,ip_13,opt_4,opt_13,1
h_dyn_607,H,66.817,7.533,74.350,10.614,hg_3,cdn_6,user_9,ip_13,ip_7,opt_13,opt_7,2
h_dyn_608,H,66.925,6.752,73.677,11.941,hg_0,cdn_0,user_28,ip_14,ip_18,opt_14,opt_18,1
bg_dyn_275,BG,66.971,5.665,72.636,4.581,,,,,,opt_3,opt_29,1
h_dyn_609,H,67.260,5.815,73.076,2.710,hg_0,cdn_0,user_1,ip_14,ip_7,opt_14,opt_7,1
h_dyn_610,H,67.271,9.980,77.250,16.247,hg_0,cdn_0,user_9,ip_14,ip_7,opt_14,opt_7,1
bg_dyn_276,BG,67.395,10.764,78.158,15.384,,,,,,opt_3,opt_2,1
bg_dyn_277,BG,67.442,7.476,74.918,4.832,,,,,,opt_20,opt_19,1
h_dyn_611,H,67.511,5.227,72.738,11.940,hg_0,cdn_1,user_7,ip_4,ip_17,opt_4,opt_17,3
bg_dyn_278,BG,67.554,11.566,79.120,13.937,,,,,,opt_16,opt_18,1
h_dyn_612,H,67.580,5.724,73.304,14.787,hg_4,cdn_8,user_19,ip_11,ip_4,opt_11,opt_4,2
bg_dyn_279,BG,67.600,14.385,81.986,8.936,,,,,,opt_7,opt_25,1
h_dyn_613,H,67.601,9.601,77.203,12.904,hg_0,cdn_0,user_14,ip_14,ip_31,opt_14,opt_31,2
h_dyn_614,H,67.675,12.328,80.004,7.726,hg_3,cdn_6,user_21,ip_13,ip_21,opt_13,opt_21,2
h_dyn_615,H,67.698,12.372,80.070,10.995,hg_2,cdn_4,user_19,ip_14,ip_4,opt_14,opt_4,1
h_dyn_616,H,67.757,9.243,77.000,6.190,hg_4,cdn_8,user_1,ip_11,ip_7,opt_11,opt_7,1
h_dyn_617,H,67.900,7.172,75.072,14.118,hg_1,cdn_3,user_14,ip_29,ip_31,opt_29,opt_31,1
h_dyn_618,H,67.948,5.800,73.748,9.454,hg_0,cdn_0,user_10,ip_14,ip_13,opt_14,opt_13,1
h_dyn_619,H,68.040,7.821,75.861,11.905,hg_4,cdn_8,user_10,ip_11,ip_13,opt_11,opt_13,2
bg_dyn_280,BG,68.278,5.554,73.831,2.228,,,,,,opt_26,opt_29,2
h_dyn_620,H,68.340,6.923,75.263,8.762,hg_1,cdn_3,user_19,ip_29,ip_4,opt_29,opt_4,2
bg_dyn_281,BG,68.611,6.047,74.658,13.693,,,,,,opt_19,opt_10,1
bg_dyn_282,BG,68.742,8.587,77.329,8.250,,,,,,opt_27,opt_23,1
h_dyn_621,H,68.799,8.856,77.655,11.892,hg_3,cdn_7,user_0,ip_28,ip_19,opt_28,opt_19,2
h_dyn_622,H,68.831,9.690,78.520,5.685,hg_1,cdn_3,user_10,ip_29,ip_13,opt_29,opt_13,2
bg_dyn_283,BG,68.873,7.869,76.741,10.449,,,,,,opt_4,opt_18,1
bg_dyn_284,BG,68.954,7.069,76.023,7.175,,,,,,opt_1,opt_6,1
bg_dyn_285,BG,68.967,6.184,75.151,6.569,,,,,,opt_27,opt_16,1
h_dyn_623,H,68.975,6.501,75.476,10.568,hg_2,cdn_5,user_17,ip_4,ip_23,opt_4,opt_23,1
h_dyn_624,H,69.004,9.438,78.442,8.537,hg_4,cdn_9,user_15,ip_1,ip_8,opt_1,opt_8,2
h_dyn_625,H,69.255,10.014,79.269,12.395,hg_3,cdn_7,user_19,ip_28,ip_4,opt_28,opt_4,3
h_dyn_626,H,69.446,6.389,75.836,11.655,hg_4,cdn_9,user_21,ip_1,ip_21,opt_1,opt_21,1
bg_dyn_286,BG,69.542,6.016,75.558,3.449,,,,,,opt_20,opt_17,1
h_dyn_627,H,69.600,9.842,79.442,11.762,hg_2,cdn_4,user_20,ip_14,ip_27,opt_14,opt_27,2
h_dyn_628,H,69.702,6.792,76.494,8.572,hg_0,cdn_0,user_1,ip_14,ip_7,opt_14,opt_7,1
bg_dyn_287,BG,69.731,7.476,77.208,7.327,,,,,,opt_17,opt_21,1
h_dyn_629,H,69.753,6.990,76.743,11.108,hg_3,cdn_6,user_17,ip_13,ip_23,opt_13,opt_23,2
h_dyn_630,H,69.919,9.137,79.057,12.671,hg_4,cdn_8,user_27,ip_11,ip_23,opt_11,opt_23,2
h_dyn_631,H,70.000,9.049,79.049,6.870,hg_1,cdn_3,user_27,ip_29,ip_23,opt_29,opt_23,1
bg_dyn_288,BG,70.005,7.384,77.388,9.698,,,,,,opt_7,opt_10,1
bg_dyn_289,BG,70.172,7.571,77.743,6.668,,,,,,opt_5,opt_12,2
bg_dyn_290,BG,70.224,12.341,82.565,12.209,,,,,,opt_7,opt_27,1
h_dyn_632,H,70.310,10.823,81.133,10.201,hg_1,cdn_3,user_9,ip_29,ip_7,opt_29,opt_7,2
bg_dyn_291,BG,70.353,10.893,81.246,9.597,,,,,,opt_21,opt_20,1
h_dyn_633,H,70.482,11.322,81.804,14.115,hg_2,cdn_4,user_19,ip_14,ip_4,opt_14,opt_4,1
h_dyn_634,H,70.490,5.962,76.453,11.128,hg_3,cdn_6,user_18,ip_13,ip_31,opt_13,opt_31,2
bg_dyn_292,BG,70.514,7.504,78.018,7.615,,,,,,opt_28,opt_7,1
h_dyn_635,H,70.520,14.756,85.277,13.151,hg_1,cdn_2,user_9,ip_28,ip_7,opt_28,opt_7,1
bg_dyn_293,BG,70.553,8.743,79.296,8.615,,,,,,opt_3,opt_18,1
h_dyn_636,H,70.556,8.551,79.106,10.522,hg_3,cdn_6,user_29,ip_13,ip_29,opt_13,opt_29,2
h_dyn_637,H,70.573,14.105,84.679,14.290,hg_2,cdn_4,user_5,ip_14,ip_11,opt_14,opt_11,2
h_dyn_638,H,70.580,9.387,79.967,6.131,hg_4,cdn_8,user_2,ip_11,ip_1,opt_11,opt_1,1
bg_dyn_294,BG,70.613,7.490,78.104,9.157,,,,,,opt_14,opt_16,1
h_dyn_639,H,70.685,9.117,79.802,10.445,hg_0,cdn_0,user_7,ip_14,ip_17,opt_14,opt_17,2
h_dyn_640,H,70.706,8.649,79.354,10.038,hg_3,cdn_6,user_26,ip_13,ip_4,opt_13,opt_4,1
bg_dyn_295,BG,70.775,7.875,78.650,10.301,,,,,,opt_3,opt_27,1
h_dyn_641,H,70.885,6.399,77.285,6.841,hg_4,cdn_8,user_23,ip_11,ip_1,opt_11,opt_1,1
h_dyn_642,H,70.975,10.984,81.959,12.339,hg_0,cdn_0,user_14,ip_14,ip_31,opt_14,opt_31,2
h_dyn_643,H,71.048,13.187,84.235,10.846,hg_0,cdn_0,user_1,ip_14,ip_7,opt_14,opt_7,1
h_dyn_644,H,71.146,12.732,83.877,11.320,hg_3,cdn_7,user_19,ip_28,ip_4,opt_28,opt_4,3
h_dyn_645,H,71.189,7.044,78.233,8.406,hg_3,cdn_7,user_1,ip_28,ip_7,opt_28,opt_7,1
h_dyn_646,H,71.316,10.982,82.298,10.947,hg_1,cdn_3,user_1,ip_29,ip_7,opt_29,opt_7,2
h_dyn_647,H,71.422,8.444,79.866,11.446,hg_2,cdn_4,user_9,ip_14,ip_7,opt_14,opt_7,1
h_dyn_648,H,71.435,10.864,82.299,10.040,hg_1,cdn_2,user_1,ip_28,ip_7,opt_28,opt_7,1
bg_dyn_296,BG,71.458,13.329,84.787,5.353,,,,,,opt_7,opt_4,2
h_dyn_649,H,71.508,5.892,77.400,8.756,hg_2,cdn_4,user_29,ip_14,ip_29,opt_14,opt_29,2
bg_dyn_297,BG,71.564,11.397,82.961,10.901,,,,,,opt_7,opt_27,1
h_dyn_650,H,71.566,8.161,79.727,10.665,hg_2,cdn_4,user_26,ip_14,ip_4,opt_14,opt_4,1
h_dyn_651,H,71.680,12.984,84.664,5.679,hg_3,cdn_7,user_27,ip_28,ip_23,opt_28,opt_23,3
bg_dyn_298,BG,71.778,12.623,84.401,8.766,,,,,,opt_27,opt_2,2
h_dyn_652,H,71.806,6.018,77.824,11.599,hg_0,cdn_0,user_19,ip_14,ip_4,opt_14,opt_4,1
h_dyn_653,H,71.898,5.755,77.653,7.453,hg_0,cdn_0,user_22,ip_14,ip_13,opt_14,opt_13,1
h_dyn_654,H,71.937,12.702,84.639,9.321,hg_2,cdn_4,user_15,ip_14,ip_8,opt_14,opt_8,1
h_dyn_655,H,71.946,9.096,81.042,11.783,hg_3,cdn_7,user_25,ip_28,ip_9,opt_28,opt_9,2
bg_dyn_299,BG,72.376,14.665,87.042,10.325,,,,,,opt_25,opt_24,1
h_dyn_656,H,72.383,8.091,80.474,15.920,hg_1,cdn_3,user_3,ip_29,ip_6,opt_29,opt_6,1
h_dyn_657,H,72.387,13.100,85.487,9.444,hg_3,cdn_6,user_20,ip_13,ip_27,opt_13,opt_27,1
h_dyn_658,H,72.427,13.085,85.512,11.503,hg_4,cdn_8,user_13,ip_11,ip_17,opt_11,opt_17,1
h_dyn_659,H,72.428,13.011,85.439,11.333,hg_2,cdn_5,user_10,ip_4,ip_13,opt_4,opt_13,1
h_dyn_660,H,72.470,11.557,84.027,12.263,hg_2,cdn_4,user_13,ip_14,ip_17,opt_14,opt_17,2
h_dyn_661,H,72.474,9.306,81.780,9.100,hg_4,cdn_8,user_13,ip_11,ip_17,opt_11,opt_17,1
h_dyn_662,H,72.501,6.451,78.952,15.553,hg_3,cdn_7,user_15,ip_28,ip_8,opt_28,opt_8,3
h_dyn_663,H,72.513,12.239,84.752,11.701,hg_0,cdn_1,user_16,ip_4,ip_29,opt_4,opt_29,2
h_dyn_664,H,72.518,8.617,81.135,10.229,hg_1,cdn_3,user_14,ip_29,ip_31,opt_29,opt_31,1
h_dyn_665,H,72.522,10.679,83.201,10.154,hg_0,cdn_0,user_18,ip_14,ip_31,opt_14,opt_31,2
bg_dyn_300,BG,72.607,5.322,77.929,7.886,,,,,,opt_14,opt_16,1
h_dyn_666,H,72.688,7.834,80.522,7.854,hg_0,cdn_1,user_22,ip_4,ip_13,opt_4,opt_13,1
h_dyn_667,H,72.734,11.724,84.458,14.196,hg_3,cdn_7,user_21,ip_28,ip_21,opt_28,opt_21,2
bg_dyn_301,BG,72.761,9.481,82.242,7.670,,,,,,opt_0,opt_3,2
bg_dyn_302,BG,72.842,8.354,81.196,12.742,,,,,,opt_13,opt_16,1
bg_dyn_303,BG,72.899,5.728,78.627,9.725,,,,,,opt_8,opt_0,1
bg_dyn_304,BG,72.912,5.559,78.471,11.125,,,,,,opt_4,opt_13,1
bg_dyn_305,BG,73.028,6.020,79.048,15.125,,,,,,opt_19,opt_7,1
h_dyn_668,H,73.154,10.044,83.198,9.250,hg_4,cdn_8,user_1,ip_11,ip_7,opt_11,opt_7,1
h_dyn_669,H,73.239,14.387,87.626,10.454,hg_2,cdn_4,user_26,ip_14,ip_4,opt_14,opt_4,1
bg_dyn_306,BG,73.277,7.669,80.947,14.479,,,,,,opt_11,opt_13,2
h_dyn_670,H,73.485,6.869,80.355,9.938,hg_4,cdn_8,user_7,ip_11,ip_17,opt_11,opt_17,1
h_dyn_671,H,73.509,13.061,86.570,11.716,hg_2,cdn_4,user_1,ip_14,ip_7,opt_14,opt_7,1
h_dyn_672,H,73.534,6.645,80.179,12.551,hg_0,cdn_0,user_11,ip_14,ip_23,opt_14,opt_23,2
bg_dyn_307,BG,73.684,6.238,79.922,12.693,,,,,,opt_28,opt_10,1
h_dyn_673,H,73.752,13.540,87.292,15.117,hg_2,cdn_5,user_29,ip_4,ip_29,opt_4,opt_29,2
h_dyn_674,H,73.970,11.209,85.178,8.180,hg_1,cdn_3,user_6,ip_29,ip_19,opt_29,opt_19,2
bg_dyn_308,BG,74.040,5.781,79.821,10.224,,,,,,opt_27,opt_5,2
bg_dyn_309,BG,74.113,13.205,87.318,14.396,,,,,,opt_3,opt_18,1
h_dyn_675,H,74.319,8.815,83.134,6.447,hg_0,cdn_0,user_5,ip_14,ip_11,opt_14,opt_11,2
h_dyn_676,H,74.322,5.195,79.517,10.074,hg_1,cdn_3,user_27,ip_29,ip_23,opt_29,opt_23,1
h_dyn_677,H,74.398,14.008,88.406,10.428,hg_4,cdn_9,user_3,ip_1,ip_6,opt_1,opt_6,1
h_dyn_678,H,74.430,12.467,86.897,9.987,hg_1,cdn_3,user_27,ip_29,ip_23,opt_29,opt_23,1
h_dyn_679,H,74.450,8.017,82.467,11.949,hg_0,cdn_0,user_3,ip_14,ip_6,opt_14,opt_6,1
bg_dyn_310,BG,74.472,12.815,87.287,12.817,,,,,,opt_3,opt_10,2
bg_dyn_311,BG,74.541,8.845,83.386,12.600,,,,,,opt_20,opt_17,1
bg_dyn_312,BG,74.626,7.017,81.644,15.928,,,,,,opt_25,opt_29,1
h_dyn_680,H,74.715,5.563,80.277,12.753,hg_0,cdn_0,user_26,ip_14,ip_4,opt_14,opt_4,1
h_dyn_681,H,74.726,5.306,80.032,9.978,hg_2,cdn_4,user_15,ip_14,ip_8,opt_14,opt_8,1
h_dyn_682,H,74.737,9.657,84.394,4.917,hg_1,cdn_3,user_14,ip_29,ip_31,opt_29,opt_31,1
h_dyn_683,H,74.849,8.337,83.186,12.517,hg_0,cdn_0,user_1,ip_14,ip_7,opt_14,opt_7,1
h_dyn_684,H,75.063,11.093,86.156,3.864,hg_0,cdn_0,user_9,ip_14,ip_7,opt_14,opt_7,1
bg_dyn_313,BG,75.151,9.249,84.400,10.258,,,,,,opt_9,opt_27,1
h_dyn_685,H,75.262,5.023,80.285,10.610,hg_4,cdn_8,user_7,ip_11,ip_17,opt_11,opt_17,1
h_dyn_686,H,75.278,6.765,82.043,9.912,hg_0,cdn_0,user_1,ip_14,ip_7,opt_14,opt_7,1
h_dyn_687,H,75.414,8.036,83.451,11.676,hg_2,cdn_5,user_17,ip_4,ip_23,opt_4,opt_23,1
h_dyn_688,H,75.508,5.646,81.154,7.490,hg_0,cdn_1,user_15,ip_4,ip_8,opt_4,opt_8,2
h_dyn_689,H,75.514,6.981,82.495,14.745,hg_2,cdn_5,user_15,ip_4,ip_8,opt_4,opt_8,2
h_dyn_690,H,75.573,13.527,89.100,11.481,hg_2,cdn_4,user_15,ip_14,ip_8,opt_14,opt_8,1
h_dyn_691,H,75.723,8.174,83.897,8.631,hg_3,cdn_6,user_27,ip_13,ip_23,opt_13,opt_23,2
h_dyn_692,H,75.768,5.969,81.737,6.243,hg_4,cdn_8,user_23,ip_11,ip_1,opt_11,opt_1,1
h_dyn_693,H,75.779,10.083,85.862,9.696,hg_3,cdn_7,user_9,ip_28,ip_7,opt_28,opt_7,1
h_dyn_694,H,75.788,9.089,84.877,10.047,hg_1,cdn_3,user_11,ip_29,ip_23,opt_29,opt_23,1
h_dyn_695,H,75.802,9.165,84.967,7.627,hg_4,cdn_8,user_7,ip_11,ip_17,opt_11,opt_17,1
h_dyn_696,H,75.847,8.110,83.958,12.791,hg_4,cdn_8,user_3,ip_11,ip_6,opt_11,opt_6,2
bg_dyn_314,BG,76.001,11.362,87.364,14.403,,,,,,opt_11,opt_28,1
bg_dyn_315,BG,76.019,7.691,83.710,11.212,,,,,,opt_21,opt_26,1
bg_dyn_316,BG,76.243,13.949,90.192,7.857,,,,,,opt_12,opt_29,1
h_dyn_697,H,76.248,13.054,89.302,10.144,hg_3,cdn_7,user_29,ip_28,ip_29,opt_28,opt_29,2
h_dyn_698,H,76.594,9.269,85.862,7.675,hg_2,cdn_4,user_19,ip_14,ip_4,opt_14,opt_4,1
bg_dyn_317,BG,77.114,6.875,83.989,12.852,,,,,,opt_12,opt_21,1
h_dyn_699,H,77.125,8.912,86.038,12.855,hg_4,cdn_9,user_3,ip_1,ip_6,opt_1,opt_6,1
h_dyn_700,H,77.162,8.482,85.644,12.866,hg_3,cdn_7,user_16,ip_28,ip_29,opt_28,opt_29,2
bg_dyn_318,BG,77.194,5.941,83.135,14.869,,,,,,opt_1,opt_25,1
h_dyn_701,H,77.207,6.033,83.240,14.296,hg_0,cdn_1,user_15,ip_4,ip_8,opt_4,opt_8,2
h_dyn_702,H,77.312,5.753,83.066,11.988,hg_4,cdn_8,user_20,ip_11,ip_27,opt_11,opt_27,1
h_dyn_703,H,77.365,13.282,90.647,12.576,hg_1,cdn_3,user_11,ip_29,ip_23,opt_29,opt_23,1
h_dyn_704,H,77.408,5.475,82.883,13.445,hg_0,cdn_1,user_10,ip_4,ip_13,opt_4,opt_13,1
bg_dyn_319,BG,77.460,7.398,84.858,10.379,,,,,,opt_21,opt_26,1
bg_dyn_320,BG,77.616,8.400,86.016,10.104,,,,,,opt_26,opt_9,1
bg_dyn_321,BG,77.619,6.311,83.930,5.216,,,,,,opt_11,opt_3,1
h_dyn_705,H,77.632,14.126,91.759,11.326,hg_2,cdn_4,user_26,ip_14,ip_4,opt_14,opt_4,1
h_dyn_706,H,77.732,6.367,84.099,8.100,hg_0,cdn_0,user_7,ip_14,ip_17,opt_14,opt_17,2
h_dyn_707,H,77.775,5.622,83.398,10.449,hg_4,cdn_9,user_26,ip_1,ip_4,opt_1,opt_4,3
h_dyn_708,H,77.801,9.964,87.765,12.369,hg_4,cdn_8,user_13,ip_11,ip_17,opt_11,opt_17,1
bg_dyn_322,BG,77.811,6.454,84.265,8.346,,,,,,opt_8,opt_6,1
bg_dyn_323,BG,77.820,14.139,91.959,7.581,,,,,,opt_3,opt_14,1
bg_dyn_324,BG,77.875,6.164,84.038,6.568,,,,,,opt_30,opt_21,2
h_dyn_709,H,78.018,12.762,90.779,11.294,hg_3,cdn_7,user_9,ip_28,ip_7,opt_28,opt_7,1
bg_dyn_325,BG,78.200,7.669,85.869,7.837,,,,,,opt_25,opt_5,1
h_dyn_710,H,78.321,10.920,89.242,7.658,hg_0,cdn_0,user_19,ip_14,ip_4,opt_14,opt_4,1
h_dyn_711,H,78.356,8.386,86.742,10.935,hg_2,cdn_4,user_13,ip_14,ip_17,opt_14,opt_17,2
h_dyn_712,H,78.429,6.330,84.759,7.891,hg_2,cdn_4,user_12,ip_14,ip_1,opt_14,opt_1,2
h_dyn_713,H,78.573,14.437,93.009,7.700,hg_2,cdn_4,user_9,ip_14,ip_7,opt_14,opt_7,1
h_dyn_714,H,78.644,5.155,83.799,11.915,hg_3,cdn_6,user_3,ip_13,ip_6,opt_13,opt_6,2
h_dyn_715,H,78.649,6.055,84.703,12.604,hg_3,cdn_6,user_19,ip_13,ip_4,opt_13,opt_4,1
h_dyn_716,H,78.936,10.407,89.343,11.699,hg_4,cdn_9,user_7,ip_1,ip_17,opt_1,opt_17,2
h_dyn_717,H,79.103,10.151,89.254,9.501,hg_0,cdn_0,user_13,ip_14,ip_17,opt_14,opt_17,2
bg_dyn_326,BG,79.185,6.468,85.654,12.802,,,,,,opt_5,opt_17,2
h_dyn_718,H,79.297,8.917,88.214,5.297,hg_3,cdn_6,user_1,ip_13,ip_7,opt_13,opt_7,2
bg_dyn_327,BG,79.349,5.467,84.816,13.676,,,,,,opt_28,opt_14,2
bg_dyn_328,BG,79.353,12.747,92.100,4.117,,,,,,opt_11,opt_27,1
h_dyn_719,H,79.386,7.873,87.258,8.201,hg_0,cdn_0,user_2,ip_14,ip_1,opt_14,opt_1,2
h_dyn_720,H,79.584,9.158,88.742,14.515,hg_4,cdn_8,user_1,ip_11,ip_7,opt_11,opt_7,1
h_dyn_721,H,79.658,7.379,87.036,13.135,hg_1,cdn_3,user_1,ip_29,ip_7,opt_29,opt_7,2
h_dyn_722,H,79.710,5.394,85.104,9.502,hg_2,cdn_4,user_1,ip_14,ip_7,opt_14,opt_7,1
h_dyn_723,H,79.721,13.730,93.452,12.546,hg_0,cdn_0,user_0,ip_14,ip_19,opt_14,opt_19,2
h_dyn_724,H,79.731,13.310,93.041,11.828,hg_2,cdn_5,user_15,ip_4,ip_8,opt_4,opt_8,2
bg_dyn_329,BG,79.840,11.984,91.824,3.760,,,,,,opt_25,opt_1,1
bg_dyn_330,BG,79.866,5.759,85.626,7.863,,,,,,opt_25,opt_11,1
h_dyn_725,H,79.958,12.155,92.113,10.844,hg_3,cdn_7,user_20,ip_28,ip_27,opt_28,opt_27,2
bg_dyn_331,BG,80.020,14.652,94.673,12.804,,,,,,opt_4,opt_14,1
h_dyn_726,H,80.139,7.881,88.020,2.572,hg_4,cdn_8,user_9,ip_11,ip_7,opt_11,opt_7,1
h_dyn_727,H,80.273,6.477,86.751,11.744,hg_0,cdn_1,user_10,ip_4,ip_13,opt_4,opt_13,1
h_dyn_728,H,80.276,5.831,86.107,10.361,hg_4,cdn_8,user_9,ip_11,ip_7,opt_11,opt_7,1
h_dyn_729,H,80.364,7.851,88.215,15.330,hg_2,cdn_4,user_26,ip_14,ip_4,opt_14,opt_4,1
h_dyn_730,H,80.404,5.972,86.377,9.570,hg_1,cdn_3,user_17,ip_29,ip_23,opt_29,opt_23,1
bg_dyn_332,BG,80.462,5.444,85.906,8.965,,,,,,opt_26,opt_9,1
h_dyn_731,H,80.504,13.732,94.236,9.755,hg_3,cdn_6,user_19,ip_13,ip_4,opt_13,opt_4,1
bg_dyn_333,BG,80.718,6.348,87.066,8.842,,,,,,opt_21,opt_25,1
h_dyn_732,H,80.764,8.299,89.063,10.839,hg_4,cdn_8,user_1,ip_11,ip_7,opt_11,opt_7,1
h_dyn_733,H,80.808,6.772,87.580,10.398,hg_3,cdn_7,user_1,ip_28,ip_7,opt_28,opt_7,1
bg_dyn_334,BG,80.822,10.567,91.389,10.306,,,,,,opt_19,opt_10,1
h_dyn_734,H,80.829,9.708,90.537,1.415,hg_2,cdn_5,user_27,ip_4,ip_23,opt_4,opt_23,1
h_dyn_735,H,80.932,7.294,88.225,11.251,hg_1,cdn_3,user_1,ip_29,ip_7,opt_29,opt_7,2
bg_dyn_335,BG,80.978,14.995,95.973,5.846,,,,,,opt_8,opt_14,1
h_dyn_736,H,80.989,9.503,90.492,9.858,hg_2,cdn_4,user_7,ip_14,ip_17,opt_14,opt_17,2
bg_dyn_336,BG,81.069,14.229,95.299,12.792,,,,,,opt_6,opt_18,2
h_dyn_737,H,81.167,14.247,95.415,12.281,hg_2,cdn_4,user_8,ip_14,ip_6,opt_14,opt_6,1
bg_dyn_337,BG,81.358,13.405,94.763,2.943,,,,,,opt_9,opt_3,1
bg_dyn_338,BG,81.361,5.643,87.004,11.842,,,,,,opt_4,opt_2,2
bg_dyn_339,BG,81.374,14.432,95.805,12.389,,,,,,opt_2,opt_5,2
h_dyn_738,H,81.745,8.378,90.123,15.562,hg_2,cdn_4,user_26,ip_14,ip_4,opt_14,opt_4,1
h_dyn_739,H,81.886,8.994,90.879,12.489,hg_0,cdn_1,user_17,ip_4,ip_23,opt_4,opt_23,1
bg_dyn_340,BG,81.978,9.360,91.338,9.215,,,,,,opt_1,opt_11,1
h_dyn_740,H,82.121,7.498,89.618,9.778,hg_3,cdn_7,user_5,ip_28,ip_11,opt_28,opt_11,1
h_dyn_741,H,82.208,5.392,87.601,6.421,hg_3,cdn_7,user_6,ip_28,ip_19,opt_28,opt_19,2
h_dyn_742,H,82.268,5.735,88.003,12.701,hg_2,cdn_4,user_6,ip_14,ip_19,opt_14,opt_19,2
bg_dyn_341,BG,82.269,11.061,93.330,8.973,,,,,,opt_21,opt_26,1
h_dyn_743,H,82.277,6.101,88.378,7.102,hg_0,cdn_0,user_22,ip_14,ip_13,opt_14,opt_13,1
bg_dyn_342,BG,82.490,9.051,91.540,11.591,,,,,,opt_6,opt_2,2
h_dyn_744,H,82.491,9.356,91.847,8.098,hg_3,cdn_7,user_7,ip_28,ip_17,opt_28,opt_17,2
bg_dyn_343,BG,82.546,7.418,89.964,10.286,,,,,,opt_22,opt_16,2
h_dyn_745,H,82.605,6.403,89.008,13.201,hg_3,cdn_7,user_18,ip_28,ip_31,opt_28,opt_31,3
h_dyn_746,H,82.606,9.795,92.401,8.997,hg_3,cdn_7,user_9,ip_28,ip_7,opt_28,opt_7,1
h_dyn_747,H,82.669,6.422,89.091,13.041,hg_3,cdn_6,user_11,ip_13,ip_23,opt_13,opt_23,2
h_dyn_748,H,82.822,14.575,97.397,9.321,hg_2,cdn_4,user_3,ip_14,ip_6,opt_14,opt_6,1
h_dyn_749,H,82.907,9.997,92.903,8.714,hg_1,cdn_3,user_4,ip_29,ip_2,opt_29,opt_2,1
h_dyn_750,H,82.959,7.999,90.958,12.698,hg_1,cdn_3,user_10,ip_29,ip_13,opt_29,opt_13,2
bg_dyn_344,BG,82.985,12.617,95.602,15.333,,,,,,opt_6,opt_14,1
h_dyn_751,H,82.987,7.103,90.090,13.235,hg_0,cdn_0,user_19,ip_14,ip_4,opt_14,opt_4,1
h_dyn_752,H,83.063,5.834,88.897,8.587,hg_4,cdn_8,user_23,ip_11,ip_1,opt_11,opt_1,1
bg_dyn_345,BG,83.296,6.755,90.051,6.529,,,,,,opt_10,opt_19,1
h_dyn_753,H,83.636,9.250,92.886,12.312,hg_1,cdn_2,user_1,ip_28,ip_7,opt_28,opt_7,1
h_dyn_754,H,83.678,11.404,95.082,11.123,hg_0,cdn_1,user_20,ip_4,ip_27,opt_4,opt_27,1
h_dyn_755,H,83.699,6.983,90.682,13.257,hg_3,cdn_6,user_0,ip_13,ip_19,opt_13,opt_19,2
h_dyn_756,H,83.807,6.488,90.295,10.711,hg_0,cdn_0,user_26,ip_14,ip_4,opt_14,opt_4,1
bg_dyn_346,BG,83.840,5.120,88.961,11.966,,,,,,opt_12,opt_31,2
h_dyn_757,H,83.887,7.179,91.066,7.943,hg_0,cdn_0,user_9,ip_14,ip_7,opt_14,opt_7,1
h_dyn_758,H,83.944,10.897,94.841,6.478,hg_0,cdn_0,user_10,ip_14,ip_13,opt_14,opt_13,1
h_dyn_759,H,84.022,7.290,91.313,10.916,hg_1,cdn_3,user_13,ip_29,ip_17,opt_29,opt_17,3
h_dyn_760,H,84.160,5.220,89.380,8.296,hg_2,cdn_5,user_17,ip_4,ip_23,opt_4,opt_23,1
bg_dyn_347,BG,84.295,11.620,95.915,11.580,,,,,,opt_5,opt_25,1
h_dyn_761,H,84.299,5.010,89.309,3.618,hg_1,cdn_3,user_17,ip_29,ip_23,opt_29,opt_23,1
h_dyn_762,H,84.384,6.250,90.635,9.947,hg_1,cdn_3,user_5,ip_29,ip_11,opt_29,opt_11,2
h_dyn_763,H,84.403,5.880,90.282,3.797,hg_0,cdn_1,user_28,ip_4,ip_18,opt_4,opt_18,1
h_dyn_764,H,84.544,6.038,90.582,5.831,hg_0,cdn_0,user_10,ip_14,ip_13,opt_14,opt_13,1
h_dyn_765,H,84.595,5.880,90.475,10.450,hg_0,cdn_0,user_15,ip_14,ip_8,opt_14,opt_8,1
h_dyn_766,H,84.666,7.331,91.997,14.222,hg_0,cdn_0,user_23,ip_14,ip_1,opt_14,opt_1,2
h_dyn_767,H,84.817,7.783,92.601,6.108,hg_3,cdn_7,user_6,ip_28,ip_19,opt_28,opt_19,2
h_dyn_768,H,84.861,14.978,99.839,15.767,hg_3,cdn_6,user_20,ip_13,ip_27,opt_13,opt_27,1
h_dyn_769,H,84.889,7.142,92.031,15.756,hg_0,cdn_0,user_26,ip_14,ip_4,opt_14,opt_4,1
bg_dyn_348,BG,84.916,6.305,91.221,6.153,,,,,,opt_25,opt_29,1
h_dyn_770,H,84.923,9.098,94.021,8.542,hg_3,cdn_6,user_19,ip_13,ip_4,opt_13,opt_4,1
h_dyn_771,H,85.044,8.224,93.268,10.747,hg_3,cdn_7,user_27,ip_28,ip_23,opt_28,opt_23,3
bg_dyn_349,BG,85.182,6.929,92.111,9.513,,,,,,opt_9,opt_26,1
h_dyn_772,H,85.214,5.892,91.106,4.783,hg_0,cdn_1,user_20,ip_4,ip_27,opt_4,opt_27,1
bg_dyn_350,BG,85.287,14.933,100.220,10.157,,,,,,opt_3,opt_9,1
bg_dyn_351,BG,85.298,7.871,93.168,12.919,,,,,,opt_29,opt_19,2
bg_dyn_352,BG,85.315,7.948,93.262,7.102,,,,,,opt_12,opt_0,2
bg_dyn_353,BG,85.441,13.449,98.891,6.278,,,,,,opt_7,opt_16,2
h_dyn_773,H,85.468,9.688,95.156,13.638,hg_2,cdn_4,user_26,ip_14,ip_4,opt_14,opt_4,1
h_dyn_774,H,85.504,11.888,97.392,10.362,hg_0,cdn_1,user_20,ip_4,ip_27,opt_4,opt_27,1
h_dyn_775,H,85.562,12.768,98.330,8.592,hg_0,cdn_0,user_5,ip_14,ip_11,opt_14,opt_11,2
h_dyn_776,H,85.707,5.885,91.592,8.205,hg_2,cdn_5,user_18,ip_4,ip_31,opt_4,opt_31,2
h_dyn_777,H,85.768,5.899,91.667,7.295,hg_3,cdn_6,user_11,ip_13,ip_23,opt_13,opt_23,2
bg_dyn_354,BG,85.815,13.351,99.166,12.327,,,,,,opt_1,opt_25,1
bg_dyn_355,BG,85.905,14.967,100.872,10.054,,,,,,opt_31,opt_16,1
bg_dyn_356,BG,86.152,12.677,98.829,12.033,,,,,,opt_4,opt_3,1
h_dyn_778,H,86.336,10.715,97.051,10.688,hg_1,cdn_3,user_25,ip_29,ip_9,opt_29,opt_9,2
h_dyn_779,H,86.358,7.856,94.214,9.403,hg_1,cdn_3,user_24,ip_29,ip_6,opt_29,opt_6,1
h_dyn_780,H,86.461,9.569,96.030,9.146,hg_4,cdn_9,user_16,ip_1,ip_29,opt_1,opt_29,2
h_dyn_781,H,86.547,5.143,91.691,8.955,hg_1,cdn_2,user_13,ip_28,ip_17,opt_28,opt_17,2
h_dyn_782,H,86.658,5.430,92.088,9.940,hg_2,cdn_4,user_29,ip_14,ip_29,opt_14,opt_29,2
h_dyn_783,H,86.811,7.245,94.056,12.153,hg_2,cdn_4,user_29,ip_14,ip_29,opt_14,opt_29,2
h_dyn_784,H,86.914,11.239,98.152,9.807,hg_0,cdn_1,user_10,ip_4,ip_13,opt_4,opt_13,1
bg_dyn_357,BG,86.942,10.495,97.436,6.187,,,,,,opt_20,opt_0,1
bg_dyn_358,BG,86.984,12.832,99.816,8.416,,,,,,opt_9,opt_12,1
bg_dyn_359,BG,87.043,6.214,93.257,9.885,,,,,,opt_13,opt_14,1
h_dyn_785,H,87.099,10.131,97.230,9.216,hg_4,cdn_9,user_5,ip_1,ip_11,opt_1,opt_11,1
bg_dyn_360,BG,87.119,6.175,93.294,11.231,,,,,,opt_27,opt_11,1
bg_dyn_361,BG,87.124,14.617,101.740,8.404,,,,,,opt_26,opt_18,2
h_dyn_786,H,87.146,9.371,96.516,15.352,hg_0,cdn_0,user_1,ip_14,ip_7,opt_14,opt_7,1
h_dyn_787,H,87.208,7.440,94.648,5.798,hg_3,cdn_7,user_29,ip_28,ip_29,opt_28,opt_29,2
h_dyn_788,H,87.304,10.936,98.240,12.402,hg_2,cdn_5,user_15,ip_4,ip_8,opt_4,opt_8,2
h_dyn_789,H,87.540,9.594,97.133,7.415,hg_1,cdn_3,user_11,ip_29,ip_23,opt_29,opt_23,1
bg_dyn_362,BG,87.760,14.915,102.675,14.856,,,,,,opt_8,opt_29,2
h_dyn_790,H,87.850,8.398,96.248,10.691,hg_4,cdn_8,user_28,ip_11,ip_18,opt_11,opt_18,2
h_dyn_791,H,87.854,12.079,99.933,14.894,hg_2,cdn_4,user_19,ip_14,ip_4,opt_14,opt_4,1
h_dyn_792,H,87.861,14.848,102.709,11.548,hg_0,cdn_1,user_16,ip_4,ip_29,opt_4,opt_29,2
bg_dyn_363,BG,87.893,7.181,95.074,7.317,,,,,,opt_31,opt_17,3
h_dyn_793,H,88.155,5.295,93.450,9.864,hg_1,cdn_3,user_24,ip_29,ip_6,opt_29,opt_6,1
h_dyn_794,H,88.242,5.995,94.237,6.524,hg_1,cdn_3,user_11,ip_29,ip_23,opt_29,opt_23,1
bg_dyn_364,BG,88.361,11.021,99.382,8.598,,,,,,opt_7,opt_10,1
bg_dyn_365,BG,88.566,7.970,96.536,10.721,,,,,,opt_26,opt_2,2
h_dyn_795,H,88.580,7.307,95.887,6.039,hg_0,cdn_0,user_29,ip_14,ip_29,opt_14,opt_29,2
h_dyn_796,H,88.617,9.473,98.090,8.689,hg_0,cdn_1,user_9,ip_4,ip_7,opt_4,opt_7,2
h_dyn_797,H,88.660,7.210,95.869,6.634,hg_1,cdn_3,user_6,ip_29,ip_19,opt_29,opt_19,2
h_dyn_798,H,88.779,7.986,96.765,12.466,hg_0,cdn_0,user_15,ip_14,ip_8,opt_14,opt_8,1
h_dyn_799,H,88.868,5.733,94.601,18.487,hg_0,cdn_1,user_28,ip_4,ip_18,opt_4,opt_18,1
bg_dyn_366,BG,89.095,13.397,102.492,7.310,,,,,,opt_24,opt_5,1
h_dyn_800,H,89.106,7.073,96.179,13.846,hg_2,cdn_5,user_7,ip_4,ip_17,opt_4,opt_17,3
h_dyn_801,H,89.192,8.956,98.148,14.304,hg_2,cdn_4,user_19,ip_14,ip_4,opt_14,opt_4,1
h_dyn_802,H,89.403,7.852,97.256,14.160,hg_0,cdn_0,user_24,ip_14,ip_6,opt_14,opt_6,1
h_dyn_803,H,89.588,13.459,103.047,9.794,hg_2,cdn_4,user_19,ip_14,ip_4,opt_14,opt_4,1
h_dyn_804,H,89.592,5.340,94.932,8.978,hg_3,cdn_6,user_20,ip_13,ip_27,opt_13,opt_27,1
h_dyn_805,H,89.667,8.117,97.784,8.793,hg_0,cdn_0,user_24,ip_14,ip_6,opt_14,opt_6,1
h_dyn_806,H,89.793,6.362,96.155,9.648,hg_3,cdn_6,user_19,ip_13,ip_4,opt_13,opt_4,1
h_dyn_807,H,89.802,5.025,94.828,11.533,hg_4,cdn_8,user_7,ip_11,ip_17,opt_11,opt_17,1
h_dyn_808,H,89.859,12.207,102.066,7.980,hg_0,cdn_0,user_3,ip_14,ip_6,opt_14,opt_6,1
h_dyn_809,H,90.062,7.479,97.541,11.895,hg_3,cdn_7,user_9,ip_28,ip_7,opt_28,opt_7,1
h_dyn_810,H,90.194,5.898,96.093,7.640,hg_0,cdn_1,user_29,ip_4,ip_29,opt_4,opt_29,2
h_dyn_811,H,90.344,6.734,97.078,11.664,hg_4,cdn_8,user_2,ip_11,ip_1,opt_11,opt_1,1
h_dyn_812,H,90.413,9.893,100.306,6.059,hg_4,cdn_8,user_13,ip_11,ip_17,opt_11,opt_17,1
bg_dyn_367,BG,90.484,10.413,100.897,12.240,,,,,,opt_15,opt_14,2
h_dyn_813,H,90.487,13.314,103.801,12.742,hg_0,cdn_1,user_20,ip_4,ip_27,opt_4,opt_27,1
h_dyn_814,H,90.513,5.590,96.103,9.421,hg_3,cdn_7,user_29,ip_28,ip_29,opt_28,opt_29,2
h_dyn_815,H,90.580,13.698,104.278,10.858,hg_4,cdn_8,user_27,ip_11,ip_23,opt_11,opt_23,2
h_dyn_816,H,90.582,7.119,97.701,9.540,hg_1,cdn_3,user_11,ip_29,ip_23,opt_29,opt_23,1
h_dyn_817,H,90.607,7.213,97.820,10.681,hg_3,cdn_6,user_5,ip_13,ip_11,opt_13,opt_11,2
bg_dyn_368,BG,90.615,5.471,96.086,12.070,,,,,,opt_24,opt_19,1
h_dyn_818,H,90.707,12.552,103.259,11.836,hg_2,cdn_5,user_6,ip_4,ip_19,opt_4,opt_19,3
h_dyn_819,H,90.729,10.813,101.542,14.287,hg_0,cdn_1,user_28,ip_4,ip_18,opt_4,opt_18,1
bg_dyn_369,BG,90.763,6.716,97.480,8.954,,,,,,opt_25,opt_29,1
h_dyn_820,H,90.951,12.251,103.202,5.489,hg_4,cdn_8,user_29,ip_11,ip_29,opt_11,opt_29,2
h_dyn_821,H,90.961,10.812,101.773,14.509,hg_4,cdn_9,user_0,ip_1,ip_19,opt_1,opt_19,2
h_dyn_822,H,91.072,8.442,99.514,6.719,hg_4,cdn_9,user_7,ip_1,ip_17,opt_1,opt_17,2
bg_dyn_370,BG,91.127,13.430,104.557,11.253,,,,,,opt_25,opt_9,1
bg_dyn_371,BG,91.159,5.383,96.542,12.617,,,,,,opt_20,opt_17,1
bg_dyn_372,BG,91.225,10.364,101.590,11.439,,,,,,opt_18,opt_30,1
h_dyn_823,H,91.516,7.516,99.032,11.578,hg_2,cdn_5,user_10,ip_4,ip_13,opt_4,opt_13,1
h_dyn_824,H,91.617,12.029,103.646,11.004,hg_2,cdn_4,user_19,ip_14,ip_4,opt_14,opt_4,1
h_dyn_825,H,91.745,6.254,97.999,9.301,hg_3,cdn_7,user_10,ip_28,ip_13,opt_28,opt_13,3
h_dyn_826,H,91.809,5.624,97.433,11.926,hg_0,cdn_1,user_3,ip_4,ip_6,opt_4,opt_6,2
h_dyn_827,H,91.939,9.146,101.085,10.520,hg_1,cdn_3,user_14,ip_29,ip_31,opt_29,opt_31,1
h_dyn_828,H,91.976,13.239,105.214,7.050,hg_2,cdn_5,user_18,ip_4,ip_31,opt_4,opt_31,2
h_dyn_829,H,91.991,7.216,99.207,8.947,hg_3,cdn_7,user_5,ip_28,ip_11,opt_28,opt_11,1
h_dyn_830,H,92.022,14.053,106.075,9.610,hg_0,cdn_1,user_27,ip_4,ip_23,opt_4,opt_23,1
h_dyn_831,H,92.131,8.068,100.198,13.915,hg_1,cdn_3,user_18,ip_29,ip_31,opt_29,opt_31,1
h_dyn_832,H,92.134,10.467,102.601,15.432,hg_4,cdn_8,user_13,ip_11,ip_17,opt_11,opt_17,1
h_dyn_833,H,92.209,14.207,106.416,13.156,hg_2,cdn_4,user_15,ip_14,ip_8,opt_14,opt_8,1
h_dyn_834,H,92.284,9.527,101.811,9.190,hg_0,cdn_1,user_9,ip_4,ip_7,opt_4,opt_7,2
h_dyn_835,H,92.405,7.061,99.466,9.231,hg_0,cdn_0,user_16,ip_14,ip_29,opt_14,opt_29,2
h_dyn_836,H,92.420,5.376,97.796,5.826,hg_1,cdn_3,user_28,ip_29,ip_18,opt_29,opt_18,2
h_dyn_837,H,92.732,12.033,104.765,13.280,hg_4,cdn_8,user_9,ip_11,ip_7,opt_11,opt_7,1
h_dyn_838,H,92.752,7.441,100.193,13.981,hg_0,cdn_0,user_19,ip_14,ip_4,opt_14,opt_4,1
bg_dyn_373,BG,92.774,7.044,99.818,2.317,,,,,,opt_6,opt_14,1
bg_dyn_374,BG,92.971,6.765,99.737,16.470,,,,,,opt_20,opt_10,1
h_dyn_839,H,92.992,12.960,105.952,12.646,hg_4,cdn_8,user_16,ip_11,ip_29,opt_11,opt_29,2
h_dyn_840,H,93.098,7.461,100.559,9.975,hg_2,cdn_4,user_19,ip_14,ip_4,opt_14,opt_4,1
h_dyn_841,H,93.134,11.715,104.849,12.134,hg_3,cdn_7,user_9,ip_28,ip_7,opt_28,opt_7,1
h_dyn_842,H,93.228,11.862,105.091,13.261,hg_3,cdn_6,user_19,ip_13,ip_4,opt_13,opt_4,1
h_dyn_843,H,93.306,5.277,98.583,6.530,hg_4,cdn_9,user_5,ip_1,ip_11,opt_1,opt_11,1
h_dyn_844,H,93.472,6.473,99.945,8.081,hg_0,cdn_0,user_9,ip_14,ip_7,opt_14,opt_7,1
h_dyn_845,H,93.636,6.293,99.929,10.049,hg_1,cdn_2,user_1,ip_28,ip_7,opt_28,opt_7,1
h_dyn_846,H,93.642,6.094,99.736,7.849,hg_0,cdn_1,user_28,ip_4,ip_18,opt_4,opt_18,1
h_dyn_847,H,93.656,7.912,101.568,10.704,hg_1,cdn_3,user_20,ip_29,ip_27,opt_29,opt_27,1
h_dyn_848,H,93.660,6.477,100.137,7.797,hg_0,cdn_0,user_18,ip_14,ip_31,opt_14,opt_31,2
h_dyn_849,H,93.676,12.011,105.687,9.986,hg_1,cdn_3,user_3,ip_29,ip_6,opt_29,opt_6,1
bg_dyn_375,BG,93.861,5.139,99.001,13.898,,,,,,opt_10,opt_17,1
bg_dyn_376,BG,94.280,11.182,105.462,13.483,,,,,,opt_24,opt_3,2
h_dyn_850,H,94.460,12.078,106.537,11.607,hg_0,cdn_0,user_1,ip_14,ip_7,opt_14,opt_7,1
h_dyn_851,H,94.568,8.343,102.911,12.404,hg_2,cdn_4,user_19,ip_14,ip_4,opt_14,opt_4,1
bg_dyn_377,BG,94.713,5.623,100.337,14.089,,,,,,opt_19,opt_9,1
bg_dyn_378,BG,94.716,6.657,101.373,9.859,,,,,,opt_13,opt_12,1
h_dyn_852,H,94.756,6.773,101.530,7.102,hg_0,cdn_0,user_15,ip_14,ip_8,opt_14,opt_8,1
h_dyn_853,H,94.772,11.385,106.156,8.013,hg_4,cdn_8,user_1,ip_11,ip_7,opt_11,opt_7,1
h_dyn_854,H,94.893,8.955,103.848,8.323,hg_0,cdn_1,user_10,ip_4,ip_13,opt_4,opt_13,1
bg_dyn_379,BG,95.021,5.397,100.418,9.777,,,,,,opt_10,opt_11,1
h_dyn_855,H,95.233,13.471,108.704,11.929,hg_0,cdn_0,user_10,ip_14,ip_13,opt_14,opt_13,1
h_dyn_856,H,95.242,7.553,102.796,10.216,hg_2,cdn_5,user_10,ip_4,ip_13,opt_4,opt_13,1
h_dyn_857,H,95.325,11.865,107.190,10.251,hg_3,cdn_7,user_1,ip_28,ip_7,opt_28,opt_7,1
h_dyn_858,H,95.408,8.048,103.457,11.948,hg_1,cdn_2,user_27,ip_28,ip_23,opt_28,opt_23,3
h_dyn_859,H,95.446,8.546,103.992,10.377,hg_0,cdn_0,user_1,ip_14,ip_7,opt_14,opt_7,1
h_dyn_860,H,95.492,7.321,102.812,12.023,hg_2,cdn_4,user_11,ip_14,ip_23,opt_14,opt_23,2
h_dyn_861,H,95.707,9.125,104.832,10.480,hg_2,cdn_4,user_15,ip_14,ip_8,opt_14,opt_8,1
h_dyn_862,H,95.746,5.536,101.282,6.770,hg_2,cdn_4,user_15,ip_14,ip_8,opt_14,opt_8,1
h_dyn_863,H,95.777,7.527,103.304,10.960,hg_2,cdn_5,user_20,ip_4,ip_27,opt_4,opt_27,1
h_dyn_864,H,95.792,5.841,101.633,8.918,hg_1,cdn_3,user_8,ip_29,ip_6,opt_29,opt_6,1
h_dyn_865,H,95.833,14.281,110.114,12.280,hg_4,cdn_9,user_21,ip_1,ip_21,opt_1,opt_21,1
bg_dyn_380,BG,95.837,13.174,109.010,8.379,,,,,,opt_30,opt_8,2
bg_dyn_381,BG,95.882,5.906,101.789,10.604,,,,,,opt_12,opt_7,2
h_dyn_866,H,95.895,5.345,101.241,8.644,hg_0,cdn_1,user_20,ip_4,ip_27,opt_4,opt_27,1
bg_dyn_382,BG,95.966,6.690,102.656,14.323,,,,,,opt_25,opt_29,1
h_dyn_867,H,96.122,10.746,106.869,10.711,hg_3,cdn_6,user_20,ip_13,ip_27,opt_13,opt_27,1
h_dyn_868,H,96.175,5.597,101.772,11.289,hg_0,cdn_0,user_15,ip_14,ip_8,opt_14,opt_8,1
h_dyn_869,H,96.199,8.837,105.036,12.396,hg_4,cdn_8,user_1,ip_11,ip_7,opt_11,opt_7,1
h_dyn_870,H,96.222,7.157,103.379,12.164,hg_4,cdn_9,user_28,ip_1,ip_18,opt_1,opt_18,2
h_dyn_871,H,96.240,10.919,107.159,9.075,hg_0,cdn_0,user_9,ip_14,ip_7,opt_14,opt_7,1
bg_dyn_383,BG,96.423,10.663,107.086,9.768,,,,,,opt_18,opt_13,1
h_dyn_872,H,96.777,10.008,106.784,12.609,hg_3,cdn_7,user_10,ip_28,ip_13,opt_28,opt_13,3
h_dyn_873,H,96.786,13.062,109.848,15.002,hg_4,cdn_8,user_13,ip_11,ip_17,opt_11,opt_17,1
bg_dyn_384,BG,96.837,6.329,103.167,11.124,,,,,,opt_26,opt_12,1
bg_dyn_385,BG,96.924,7.387,104.311,9.726,,,,,,opt_24,opt_21,1
h_dyn_874,H,96.969,9.610,106.579,12.808,hg_0,cdn_0,user_26,ip_14,ip_4,opt_14,opt_4,1
h_dyn_875,H,97.255,13.506,110.761,8.089,hg_2,cdn_4,user_1,ip_14,ip_7,opt_14,opt_7,1
h_dyn_876,H,97.444,6.720,104.164,9.791,hg_3,cdn_6,user_27,ip_13,ip_23,opt_13,opt_23,2
bg_dyn_386,BG,97.474,13.340,110.814,6.540,,,,,,opt_10,opt_20,1
h_dyn_877,H,97.571,11.971,109.542,11.084,hg_0,cdn_1,user_11,ip_4,ip_23,opt_4,opt_23,1
h_dyn_878,H,97.684,10.562,108.246,12.917,hg_0,cdn_1,user_28,ip_4,ip_18,opt_4,opt_18,1
h_dyn_879,H,97.742,8.980,106.722,11.012,hg_4,cdn_8,user_10,ip_11,ip_13,opt_11,opt_13,2
bg_dyn_387,BG,97.764,8.759,106.523,8.335,,,,,,opt_16,opt_13,1
h_dyn_880,H,97.824,13.861,111.685,8.572,hg_0,cdn_1,user_16,ip_4,ip_29,opt_4,opt_29,2
bg_dyn_388,BG,97.911,8.016,105.927,12.417,,,,,,opt_8,opt_18,1
bg_dyn_389,BG,98.068,7.684,105.752,11.118,,,,,,opt_20,opt_7,1
h_dyn_881,H,98.427,10.506,108.932,13.408,hg_3,cdn_6,user_18,ip_13,ip_31,opt_13,opt_31,2
h_dyn_882,H,98.619,5.817,104.436,3.179,hg_0,cdn_1,user_21,ip_4,ip_21,opt_4,opt_21,2
h_dyn_883,H,98.650,7.181,105.831,11.281,hg_3,cdn_6,user_16,ip_13,ip_29,opt_13,opt_29,2
h_dyn_884,H,98.660,12.272,110.932,14.944,hg_1,cdn_3,user_21,ip_29,ip_21,opt_29,opt_21,2
h_dyn_885,H,98.730,7.942,106.672,11.829,hg_0,cdn_0,user_9,ip_14,ip_7,opt_14,opt_7,1
h_dyn_886,H,98.750,9.016,107.767,15.303,hg_1,cdn_2,user_5,ip_28,ip_11,opt_28,opt_11,1
h_dyn_887,H,98.752,7.606,106.358,5.299,hg_2,cdn_4,user_28,ip_14,ip_18,opt_14,opt_18,1
h_dyn_888,H,98.796,12.130,110.926,8.192,hg_1,cdn_3,user_18,ip_29,ip_31,opt_29,opt_31,1
h_dyn_889,H,98.870,7.221,106.091,6.848,hg_2,cdn_5,user_3,ip_4,ip_6,opt_4,opt_6,2
h_dyn_890,H,98.926,7.944,106.869,11.764,hg_4,cdn_9,user_24,ip_1,ip_6,opt_1,opt_6,1
h_dyn_891,H,99.164,8.350,107.513,8.879,hg_2,cdn_5,user_16,ip_4,ip_29,opt_4,opt_29,2
h_dyn_892,H,99.228,8.913,108.141,8.701,hg_0,cdn_0,user_5,ip_14,ip_11,opt_14,opt_11,2
bg_dyn_390,BG,99.250,10.218,109.468,11.890,,,,,,opt_12,opt_19,1
h_dyn_893,H,99.356,8.989,108.344,11.607,hg_4,cdn_9,user_29,ip_1,ip_29,opt_1,opt_29,2
h_dyn_894,H,99.421,10.319,109.741,7.484,hg_0,cdn_0,user_18,ip_14,ip_31,opt_14,opt_31,2
h_dyn_895,H,99.426,8.675,108.101,11.010,hg_0,cdn_0,user_3,ip_14,ip_6,opt_14,opt_6,1
h_dyn_896,H,99.466,13.973,113.439,14.782,hg_0,cdn_1,user_28,ip_4,ip_18,opt_4,opt_18,1
h_dyn_897,H,99.510,5.021,104.531,7.528,hg_0,cdn_0,user_9,ip_14,ip_7,opt_14,opt_7,1
h_dyn_898,H,99.533,6.836,106.369,8.446,hg_2,cdn_5,user_27,ip_4,ip_23,opt_4,opt_23,1
h_dyn_899,H,99.582,12.450,112.033,4.735,hg_0,cdn_0,user_10,ip_14,ip_13,opt_14,opt_13,1
bg_dyn_391,BG,99.629,6.437,106.067,7.148,,,,,,opt_13,opt_18,1
bg_dyn_392,BG,99.817,10.382,110.199,10.277,,,,,,opt_7,opt_27,1
h_dyn_900,H,99.832,9.997,109.829,11.258,hg_3,cdn_6,user_27,ip_13,ip_23,opt_13,opt_23,2
h_dyn_901,H,99.864,13.684,113.548,8.988,hg_4,cdn_8,user_9,ip_11,ip_7,opt_11,opt_7,1
